season_name,element_code,start_cost,end_cost,total_points,minutes,goals_scored,assists,clean_sheets,goals_conceded,own_goals,penalties_saved,penalties_missed,yellow_cards,red_cards,saves,bonus,bps,influence,creativity,threat,ict_index,clearances_blocks_interceptions,recoveries,tackles,defensive_contribution,starts,expected_goals,expected_assists,expected_goal_involvements,expected_goals_conceded,player_id,id,name,team,position,price,start_price,end_price,price_change,points_per_million,points_per_90,minutes_per_game,goal_contributions,goals_per_90,assists_per_90,xg_per_90,xa_per_90,xgi_per_90,saves_per_90,clean_sheet_rate,bonus_per_90,total_points_lag1,total_points_lag2,minutes_lag1,minutes_lag2,goals_scored_lag1,goals_scored_lag2,assists_lag1,assists_lag2,clean_sheets_lag1,clean_sheets_lag2,bonus_lag1,bonus_lag2,points_per_90_lag1,points_per_90_lag2,xg_per_90_lag1,xg_per_90_lag2,xa_per_90_lag1,xa_per_90_lag2,pos_DEF,pos_FWD,pos_GKP,pos_MID,season_num
2022/23,154561,45,48,166,3420,0,0,12,46,1,0,0,1,0,154,20,822,1146.0,20.1,4.0,117.3,0,0,0,0,38,0.11,0.12,0.23,50.12,1,1,Raya,Arsenal,GKP,6.0,4.5,4.8,0.2999999999999998,34.583333333333336,4.368421052631579,90.0,0,0.0,0.0,0.0028947368421052633,0.003157894736842105,0.0060526315789473685,4.052631578947368,0.3157894736842105,0.5263157894736842,95.0,,2160.0,,0.0,,0.0,,8.0,,5.0,,3.9583333333333335,,0.0,,0.0,,False,False,True,False,2.0
2023/24,154561,50,53,135,2880,0,0,16,24,0,1,0,2,0,46,6,569,413.0,0.0,0.0,41.1,0,0,0,0,32,0.0,0.04,0.04,22.51,1,1,Raya,Arsenal,GKP,6.0,5.0,5.3,0.2999999999999998,25.471698113207548,4.21875,75.78947368421052,0,0.0,0.0,0.0,0.00125,0.00125,1.4375,0.42105263157894735,0.1875,166.0,95.0,3420.0,2160.0,0.0,0.0,0.0,0.0,12.0,8.0,20.0,5.0,4.368421052631579,3.9583333333333335,0.0028947368421052633,0.0,0.003157894736842105,0.0,False,False,True,False,3.0
2024/25,154561,55,56,142,3420,0,0,13,34,0,0,0,3,0,86,10,555,755.4,10.7,0.0,76.7,0,0,0,0,38,0.0,0.03,0.03,35.03,1,1,Raya,Arsenal,GKP,6.0,5.5,5.6,0.09999999999999964,25.357142857142858,3.736842105263158,90.0,0,0.0,0.0,0.0,0.0007894736842105263,0.0007894736842105263,2.263157894736842,0.34210526315789475,0.2631578947368421,135.0,166.0,2880.0,3420.0,0.0,0.0,0.0,0.0,16.0,12.0,6.0,20.0,4.21875,4.368421052631579,0.0,0.0028947368421052633,0.00125,0.003157894736842105,False,False,True,False,4.0
2025/26,154561,55,62,162,3330,0,0,19,26,0,0,0,1,0,60,11,633,541.6,33.5,0.0,57.5,37,304,1,0,37,0.0,0.07,0.07,27.56,1,1,Raya,Arsenal,GKP,6.0,5.5,6.2,0.7000000000000002,26.129032258064516,4.378378378378378,87.63157894736842,0,0.0,0.0,0.0,0.001891891891891892,0.001891891891891892,1.6216216216216217,0.5,0.2972972972972973,142.0,135.0,3420.0,2880.0,0.0,0.0,0.0,0.0,13.0,16.0,10.0,6.0,3.736842105263158,4.21875,0.0,0.0,0.0007894736842105263,0.00125,False,False,True,False,5.0
2019/20,109745,55,54,90,2970,0,0,8,47,0,0,0,0,0,55,0,507,503.6,0.0,0.0,50.2,0,0,0,0,0,0.0,0.0,0.0,0.0,2,2,Arrizabalaga,Arsenal,GKP,5.0,5.5,5.4,-0.09999999999999964,16.666666666666664,2.727272727272727,78.15789473684211,0,0.0,0.0,0.0,0.0,0.0,1.6666666666666667,0.21052631578947367,0.0,142.0,,3240.0,,0.0,,0.0,,14.0,,7.0,,3.9444444444444446,,0.0,,0.0,,False,False,True,False,
2020/21,109745,50,47,26,585,0,0,2,8,0,0,0,1,0,16,5,117,113.6,0.0,0.0,11.3,0,0,0,0,0,0.0,0.0,0.0,0.0,2,2,Arrizabalaga,Arsenal,GKP,5.0,5.0,4.7,-0.2999999999999998,5.531914893617021,4.0,15.394736842105264,0,0.0,0.0,0.0,0.0,0.0,2.4615384615384617,0.05263157894736842,0.7692307692307693,90.0,142.0,2970.0,3240.0,0.0,0.0,0.0,0.0,8.0,14.0,0.0,7.0,2.727272727272727,3.9444444444444446,0.0,0.0,0.0,0.0,False,False,True,False,
2021/22,109745,50,45,19,360,0,0,2,2,0,0,0,0,0,11,1,89,95.6,0.0,0.0,9.6,0,0,0,0,0,0.0,0.0,0.0,0.0,2,2,Arrizabalaga,Arsenal,GKP,5.0,5.0,4.5,-0.5,4.222222222222222,4.75,9.473684210526315,0,0.0,0.0,0.0,0.0,0.0,2.75,0.05263157894736842,0.25,26.0,90.0,585.0,2970.0,0.0,0.0,0.0,0.0,2.0,8.0,5.0,0.0,4.0,2.727272727272727,0.0,0.0,0.0,0.0,False,False,True,False,1.0
2022/23,109745,45,45,118,2565,0,0,9,33,0,0,0,1,0,91,15,575,733.4,0.1,0.0,73.3,0,0,0,0,29,0.0,0.0,0.0,38.34,2,2,Arrizabalaga,Arsenal,GKP,5.0,4.5,4.5,0.0,26.22222222222222,4.140350877192983,67.5,0,0.0,0.0,0.0,0.0,0.0,3.192982456140351,0.23684210526315788,0.5263157894736842,19.0,26.0,360.0,585.0,0.0,0.0,0.0,0.0,2.0,2.0,1.0,5.0,4.75,4.0,0.0,0.0,0.0,0.0,False,False,True,False,2.0
2023/24,109745,50,50,0,0,0,0,0,0,0,0,0,0,0,0,0,0,0.0,0.0,0.0,0.0,0,0,0,0,0,0.0,0.0,0.0,0.0,2,2,Arrizabalaga,Arsenal,GKP,5.0,5.0,5.0,0.0,0.0,0.0,0.0,0,0.0,0.0,0.0,0.0,0.0,0.0,0.0,0.0,118.0,19.0,2565.0,360.0,0.0,0.0,0.0,0.0,9.0,2.0,15.0,1.0,4.140350877192983,4.75,0.0,0.0,0.0,0.0,False,False,True,False,3.0
2024/25,109745,45,46,106,2790,0,0,8,39,0,0,0,3,0,97,7,406,744.4,10.4,4.0,75.8,0,0,0,0,31,0.06,0.03,0.09,38.83,2,2,Arrizabalaga,Arsenal,GKP,5.0,4.5,4.6,0.09999999999999964,23.043478260869566,3.4193548387096775,73.42105263157895,0,0.0,0.0,0.001935483870967742,0.000967741935483871,0.0029032258064516127,3.129032258064516,0.21052631578947367,0.22580645161290322,0.0,118.0,0.0,2565.0,0.0,0.0,0.0,0.0,0.0,9.0,0.0,15.0,0.0,4.140350877192983,0.0,0.0,0.0,0.0,False,False,True,False,4.0
2025/26,109745,45,40,2,90,0,0,0,1,0,0,0,0,0,2,0,11,19.8,0.0,0.0,2.0,3,8,0,0,1,0.0,0.0,0.0,0.98,2,2,Arrizabalaga,Arsenal,GKP,5.0,4.5,4.0,-0.5,0.5,2.0,2.3684210526315788,0,0.0,0.0,0.0,0.0,0.0,2.0,0.0,0.0,106.0,0.0,2790.0,0.0,0.0,0.0,0.0,0.0,8.0,0.0,7.0,0.0,3.4193548387096775,0.0,0.001935483870967742,0.0,0.000967741935483871,0.0,False,False,True,False,5.0
2021/22,437495,50,48,106,3384,0,0,5,79,0,0,0,2,0,143,8,713,1090.6,0.0,0.0,108.9,0,0,0,0,0,0.0,0.0,0.0,0.0,3,3,Meslier,Arsenal,GKP,5.0,5.0,4.8,-0.20000000000000018,22.083333333333336,2.8191489361702127,89.05263157894737,0,0.0,0.0,0.0,0.0,0.0,3.803191489361702,0.13157894736842105,0.2127659574468085,154.0,,3150.0,,0.0,,0.0,,11.0,,20.0,,4.4,,0.0,,0.0,,False,False,True,False,1.0
2022/23,437495,45,44,90,3060,0,0,5,67,0,0,0,3,0,94,8,548,738.6,0.0,17.0,75.9,0,0,0,0,34,0.12,0.01,0.13,57.06,3,3,Meslier,Arsenal,GKP,5.0,4.5,4.4,-0.09999999999999964,20.454545454545453,2.6470588235294117,80.52631578947368,0,0.0,0.0,0.003529411764705882,0.00029411764705882356,0.003823529411764706,2.764705882352941,0.13157894736842105,0.23529411764705882,106.0,154.0,3384.0,3150.0,0.0,0.0,0.0,0.0,5.0,11.0,8.0,20.0,2.8191489361702127,4.4,0.0,0.0,0.0,0.0,False,False,True,False,2.0
2025/26,437495,45,41,0,0,0,0,0,0,0,0,0,0,0,0,0,0,0.0,0.0,0.0,0.0,0,0,0,0,0,0.0,0.0,0.0,0.0,3,3,Meslier,Arsenal,GKP,5.0,4.5,4.1,-0.40000000000000036,0.0,0.0,0.0,0,0.0,0.0,0.0,0.0,0.0,0.0,0.0,0.0,90.0,106.0,3060.0,3384.0,0.0,0.0,0.0,0.0,5.0,5.0,8.0,8.0,2.6470588235294117,2.8191489361702127,0.003529411764705882,0.0,0.00029411764705882356,0.0,False,False,True,False,5.0
2021/22,226597,50,53,146,3063,5,0,13,38,0,0,0,6,1,0,16,682,746.8,131.6,470.0,134.7,0,0,0,0,0,0.0,0.0,0.0,0.0,4,4,Gabriel,Arsenal,DEF,8.0,5.0,5.3,0.2999999999999998,27.547169811320757,4.289911851126347,80.60526315789474,5,0.14691478942213518,0.0,0.0,0.0,0.0,0.0,0.34210526315789475,0.4701273261508325,78.0,,1996.0,,2.0,,0.0,,6.0,,7.0,,3.517034068136273,,0.0,,0.0,,True,False,False,False,1.0
2022/23,226597,50,52,146,3409,3,0,14,43,0,0,0,5,0,0,15,723,743.8,131.4,401.0,127.7,0,0,0,0,38,5.04,0.66,5.7,41.84,4,4,Gabriel,Arsenal,DEF,8.0,5.0,5.2,0.20000000000000018,28.076923076923077,3.8545027867409796,89.71052631578948,3,0.0792021120563215,0.0,0.13305954825462013,0.01742446465239073,0.15048401290701086,0.0,0.3684210526315789,0.39601056028160747,146.0,78.0,3063.0,1996.0,5.0,2.0,0.0,0.0,13.0,6.0,16.0,7.0,4.289911851126347,3.517034068136273,0.0,0.0,0.0,0.0,True,False,False,False,2.0
2023/24,226597,50,54,149,3042,3,1,16,26,1,0,0,4,0,0,8,676,675.8,121.9,379.0,117.9,0,0,0,0,34,4.48,0.65,5.13,26.18,4,4,Gabriel,Arsenal,DEF,8.0,5.0,5.4,0.40000000000000036,27.59259259259259,4.40828402366864,80.05263157894737,4,0.08875739644970415,0.02958579881656805,0.13254437869822489,0.019230769230769232,0.1517751479289941,0.0,0.42105263157894735,0.2366863905325444,146.0,146.0,3409.0,3063.0,3.0,5.0,0.0,0.0,14.0,13.0,15.0,16.0,3.8545027867409796,4.289911851126347,0.13305954825462013,0.0,0.01742446465239073,0.0,True,False,False,False,3.0
2024/25,226597,60,61,117,2363,3,2,10,22,0,0,0,4,0,0,9,459,584.6,208.8,287.0,108.2,0,0,0,159,28,2.7,1.21,3.91,23.09,4,4,Gabriel,Arsenal,DEF,8.0,6.0,6.1,0.09999999999999964,19.18032786885246,4.456199746085485,62.18421052631579,5,0.11426153195090985,0.0761743546339399,0.10283537875581887,0.04608548455353364,0.14892086330935253,0.0,0.2631578947368421,0.3427845958527296,149.0,146.0,3042.0,3409.0,3.0,3.0,1.0,0.0,16.0,14.0,8.0,15.0,4.40828402366864,3.8545027867409796,0.13254437869822489,0.13305954825462013,0.019230769230769232,0.01742446465239073,True,False,False,False,4.0
2025/26,226597,60,73,209,2750,3,5,18,20,0,0,0,4,0,0,30,724,824.0,128.5,298.0,125.0,239,64,38,277,30,2.94,1.75,4.69,22.01,4,4,Gabriel,Arsenal,DEF,8.0,6.0,7.3,1.2999999999999998,28.63013698630137,6.84,72.36842105263158,8,0.09818181818181818,0.16363636363636364,0.09621818181818181,0.05727272727272727,0.1534909090909091,0.0,0.47368421052631576,0.9818181818181818,117.0,149.0,2363.0,3042.0,3.0,3.0,2.0,1.0,10.0,16.0,9.0,8.0,4.456199746085485,4.40828402366864,0.10283537875581887,0.13254437869822489,0.04608548455353364,0.019230769230769232,True,False,False,False,5.0
2024/25,445122,55,55,114,2415,1,3,11,21,0,0,0,7,0,0,9,426,393.0,296.8,254.0,94.2,0,0,0,125,27,1.23,1.3,2.53,21.09,5,5,J.Timber,Arsenal,DEF,6.5,5.5,5.5,0.0,20.727272727272727,4.248447204968945,63.55263157894737,4,0.037267080745341616,0.11180124223602485,0.045838509316770186,0.048447204968944106,0.09428571428571428,0.0,0.2894736842105263,0.33540372670807456,0.0,,70.0,,0.0,,0.0,,0.0,,0.0,,0.0,,0.0,,0.025714285714285714,,True,False,False,False,4.0
2025/26,445122,55,60,149,2452,3,6,13,20,0,0,0,5,0,0,9,532,499.0,402.6,352.0,125.7,82,97,66,148,28,4.71,1.53,6.24,17.45,5,5,J.Timber,Arsenal,DEF,6.5,5.5,6.0,0.5,24.833333333333332,5.469004893964111,64.52631578947368,9,0.1101141924959217,0.2202283849918434,0.17287928221859708,0.056158238172920066,0.22903752039151715,0.0,0.34210526315789475,0.3303425774877651,114.0,0.0,2415.0,70.0,1.0,0.0,3.0,0.0,11.0,0.0,9.0,0.0,4.248447204968945,0.0,0.045838509316770186,0.0,0.048447204968944106,0.025714285714285714,True,False,False,False,5.0
2021/22,462424,45,45,0,0,0,0,0,0,0,0,0,0,0,0,0,0,0.0,0.0,0.0,0.0,0,0,0,0,0,0.0,0.0,0.0,0.0,6,6,Saliba,Arsenal,DEF,6.0,4.5,4.5,0.0,0.0,0.0,0.0,0,0.0,0.0,0.0,0.0,0.0,0.0,0.0,0.0,0.0,,0.0,,0.0,,0.0,,0.0,,0.0,,0.0,,0.0,,0.0,,True,False,False,False,1.0
2022/23,462424,45,49,117,2415,2,1,12,25,1,0,0,4,0,0,14,571,529.0,100.8,114.0,74.5,0,0,0,0,27,0.91,0.32,1.23,26.86,6,6,Saliba,Arsenal,DEF,6.0,4.5,4.9,0.40000000000000036,23.877551020408163,4.360248447204969,63.55263157894737,3,0.07453416149068323,0.037267080745341616,0.03391304347826087,0.011925465838509317,0.045838509316770186,0.0,0.3157894736842105,0.5217391304347826,0.0,0.0,0.0,0.0,0.0,0.0,0.0,0.0,0.0,0.0,0.0,0.0,0.0,0.0,0.0,0.0,0.0,0.0,True,False,False,False,2.0
2023/24,462424,50,59,164,3420,2,1,18,29,0,0,0,4,0,0,13,781,697.2,152.1,140.0,99.1,0,0,0,0,38,1.7,0.9,2.6,28.32,6,6,Saliba,Arsenal,DEF,6.0,5.0,5.9,0.9000000000000004,27.796610169491522,4.315789473684211,90.0,3,0.05263157894736842,0.02631578947368421,0.04473684210526316,0.02368421052631579,0.06842105263157895,0.0,0.47368421052631576,0.34210526315789475,117.0,0.0,2415.0,0.0,2.0,0.0,1.0,0.0,12.0,0.0,14.0,0.0,4.360248447204969,0.0,0.03391304347826087,0.0,0.011925465838509317,0.0,True,False,False,False,3.0
2024/25,462424,60,64,130,3039,2,0,12,29,0,0,0,2,1,0,14,564,672.6,150.1,116.0,94.2,0,0,0,216,35,2.42,1.28,3.7,30.32,6,6,Saliba,Arsenal,DEF,6.0,6.0,6.4,0.40000000000000036,20.3125,3.8499506416584404,79.97368421052632,2,0.059230009871668314,0.0,0.07166831194471866,0.037907206317867724,0.10957551826258638,0.0,0.3157894736842105,0.4146100691016782,164.0,117.0,3420.0,2415.0,2.0,2.0,1.0,1.0,18.0,12.0,13.0,14.0,4.315789473684211,4.360248447204969,0.04473684210526316,0.03391304347826087,0.02368421052631579,0.011925465838509317,True,False,False,False,4.0
2025/26,462424,60,63,137,2614,1,0,15,20,0,0,0,2,0,0,12,581,552.6,201.0,90.0,84.3,158,113,35,193,30,0.88,1.21,2.09,20.41,6,6,Saliba,Arsenal,DEF,6.0,6.0,6.3,0.2999999999999998,21.746031746031747,4.716908951798011,68.78947368421052,1,0.03442999234889059,0.0,0.03029839326702372,0.04166029074215761,0.07195868400918133,0.0,0.39473684210526316,0.4131599081866871,130.0,164.0,3039.0,3420.0,2.0,2.0,0.0,1.0,12.0,18.0,14.0,13.0,3.8499506416584404,4.315789473684211,0.07166831194471866,0.04473684210526316,0.037907206317867724,0.02368421052631579,True,False,False,False,5.0
2024/25,499169,45,45,37,1362,1,0,5,16,0,0,0,3,2,0,0,237,176.0,170.7,57.0,40.0,0,0,0,54,15,0.16,0.51,0.67,16.65,7,7,Lewis-Skelly,Arsenal,MID,5.5,4.5,4.5,0.0,8.222222222222221,2.444933920704846,35.8421052631579,1,0.06607929515418502,0.0,0.010572687224669605,0.033700440528634364,0.04427312775330397,0.0,0.13157894736842105,0.0,0.0,,0.0,,0.0,,0.0,,0.0,,0.0,,0.0,,0.0,,0.0,,False,False,False,True,4.0
2025/26,499169,55,50,29,697,0,0,2,8,0,0,0,3,0,0,0,110,73.2,74.6,29.0,17.6,17,30,8,25,5,0.1,0.2,0.3,9.01,7,7,Lewis-Skelly,Arsenal,MID,5.5,5.5,5.0,-0.5,5.8,3.744619799139168,18.342105263157894,0,0.0,0.0,0.01291248206599713,0.02582496413199426,0.03873744619799139,0.0,0.05263157894736842,0.0,37.0,0.0,1362.0,0.0,1.0,0.0,0.0,0.0,5.0,0.0,0.0,0.0,2.444933920704846,0.0,0.010572687224669605,0.0,0.033700440528634364,0.0,False,False,False,True,5.0
2025/26,466075,55,56,109,1697,1,2,13,8,0,0,0,5,0,0,6,389,283.0,182.3,313.0,77.9,70,74,32,102,22,3.36,0.76,4.12,9.72,8,8,Calafiori,Arsenal,DEF,5.5,5.5,5.6,0.09999999999999964,19.464285714285715,5.780789628756629,44.6578947368421,3,0.05303476723629936,0.10606953447259872,0.17819681791396583,0.04030642309958751,0.21850324101355334,0.0,0.34210526315789475,0.3182086034177961,39.0,,978.0,,2.0,,1.0,,1.0,,1.0,,3.5889570552147236,,0.07914110429447853,,0.06349693251533742,,True,False,False,False,5.0
2020/21,198869,45,45,104,3192,0,0,12,44,0,0,0,3,1,0,5,571,488.6,152.5,153.0,79.7,0,0,0,0,0,0.0,0.0,0.0,0.0,10,10,White,Arsenal,DEF,5.5,4.5,4.5,0.0,23.11111111111111,2.932330827067669,84.0,0,0.0,0.0,0.0,0.0,0.0,0.0,0.3157894736842105,0.14097744360902256,0.0,,0.0,,0.0,,0.0,,0.0,,0.0,,0.0,,0.0,,0.0,,True,False,False,False,
2021/22,198869,45,46,107,2880,0,0,13,35,1,0,0,3,0,0,9,557,592.8,182.3,150.0,92.5,0,0,0,0,0,0.0,0.0,0.0,0.0,10,10,White,Arsenal,DEF,5.5,4.5,4.6,0.09999999999999964,23.260869565217394,3.34375,75.78947368421052,0,0.0,0.0,0.0,0.0,0.0,0.0,0.34210526315789475,0.28125,104.0,0.0,3192.0,0.0,0.0,0.0,0.0,0.0,12.0,0.0,5.0,0.0,2.932330827067669,0.0,0.0,0.0,0.0,0.0,True,False,False,False,1.0
2022/23,198869,45,50,156,3054,2,5,15,35,0,0,0,5,0,0,12,734,655.4,492.5,159.0,130.8,0,0,0,0,36,1.25,3.6,4.85,37.23,10,10,White,Arsenal,DEF,5.5,4.5,5.0,0.5,31.2,4.597249508840865,80.36842105263158,7,0.05893909626719058,0.14734774066797643,0.03683693516699411,0.10609037328094303,0.14292730844793713,0.0,0.39473684210526316,0.35363457760314343,107.0,104.0,2880.0,3192.0,0.0,0.0,0.0,0.0,13.0,12.0,9.0,5.0,3.34375,2.932330827067669,0.0,0.0,0.0,0.0,True,False,False,False,2.0
2023/24,198869,55,61,182,2987,4,5,18,26,0,0,0,8,0,0,14,776,765.8,589.4,234.0,159.0,0,0,0,0,35,1.27,3.66,4.93,24.95,10,10,White,Arsenal,DEF,5.5,5.5,6.1,0.5999999999999996,29.836065573770494,5.483762972882491,78.60526315789474,9,0.12052226314027452,0.15065282892534315,0.03826581854703716,0.11027787077335119,0.14854368932038833,0.0,0.47368421052631576,0.42182792099096084,156.0,107.0,3054.0,2880.0,2.0,0.0,5.0,0.0,15.0,13.0,12.0,9.0,4.597249508840865,3.34375,0.03683693516699411,0.0,0.10609037328094303,0.0,True,False,False,False,3.0
2024/25,198869,65,62,50,1195,0,2,5,13,0,0,0,2,0,0,0,211,247.6,162.6,100.0,51.0,0,0,0,82,13,0.46,1.3,1.76,16.88,10,10,White,Arsenal,DEF,5.5,6.5,6.2,-0.2999999999999998,8.064516129032258,3.7656903765690375,31.44736842105263,2,0.0,0.1506276150627615,0.03464435146443515,0.09790794979079498,0.13255230125523013,0.0,0.13157894736842105,0.0,182.0,156.0,2987.0,3054.0,4.0,2.0,5.0,5.0,18.0,15.0,14.0,12.0,5.483762972882491,4.597249508840865,0.03826581854703716,0.03683693516699411,0.11027787077335119,0.10609037328094303,True,False,False,False,4.0
2025/26,198869,55,51,45,699,0,1,5,6,0,0,0,0,0,0,3,181,154.8,133.4,54.0,34.3,38,28,15,53,9,0.45,0.69,1.14,8.68,10,10,White,Arsenal,DEF,5.5,5.5,5.1,-0.40000000000000036,8.823529411764707,5.793991416309013,18.394736842105264,1,0.0,0.12875536480686695,0.057939914163090134,0.08884120171673819,0.1467811158798283,0.0,0.13157894736842105,0.38626609442060084,50.0,182.0,1195.0,2987.0,0.0,4.0,2.0,5.0,5.0,18.0,0.0,14.0,3.7656903765690375,5.483762972882491,0.03464435146443515,0.03826581854703716,0.09790794979079498,0.11027787077335119,True,False,False,False,5.0
2019/20,223340,45,47,71,1746,1,6,7,18,0,0,0,6,0,0,4,259,327.2,322.5,248.0,89.8,0,0,0,0,0,0.0,0.0,0.0,0.0,12,12,Saka,Arsenal,MID,9.5,4.5,4.7,0.20000000000000018,15.106382978723405,3.65979381443299,45.94736842105263,7,0.051546391752577324,0.30927835051546393,0.0,0.0,0.0,0.0,0.18421052631578946,0.2061855670103093,1.0,,7.0,,0.0,,0.0,,0.0,,0.0,,12.857142857142858,,0.0,,0.0,,False,False,False,True,
2020/21,223340,55,51,114,2554,5,5,8,31,1,0,0,1,0,0,8,414,493.0,650.6,984.0,212.7,0,0,0,0,0,0.0,0.0,0.0,0.0,12,12,Saka,Arsenal,MID,9.5,5.5,5.1,-0.40000000000000036,22.35294117647059,4.0172278778386845,67.21052631578948,10,0.17619420516836337,0.17619420516836337,0.0,0.0,0.0,0.0,0.21052631578947367,0.28191072826938135,71.0,1.0,1746.0,7.0,1.0,0.0,6.0,0.0,7.0,0.0,4.0,0.0,3.65979381443299,12.857142857142858,0.0,0.0,0.0,0.0,False,False,False,True,
2021/22,223340,65,67,179,2978,11,9,13,39,0,0,0,6,0,0,18,566,790.4,977.8,1434.0,320.0,0,0,0,0,0,0.0,0.0,0.0,0.0,12,12,Saka,Arsenal,MID,9.5,6.5,6.7,0.20000000000000018,26.71641791044776,5.4096709200805915,78.36842105263158,20,0.33243787777031564,0.2719946272666219,0.0,0.0,0.0,0.0,0.34210526315789475,0.5439892545332438,114.0,71.0,2554.0,1746.0,5.0,1.0,5.0,6.0,8.0,7.0,8.0,4.0,4.0172278778386845,3.65979381443299,0.0,0.0,0.0,0.0,False,False,False,True,1.0
2022/23,223340,80,80,202,3183,14,12,12,42,0,0,1,6,0,0,19,678,1014.2,1106.1,1214.0,333.4,0,0,0,0,37,11.49,5.97,17.46,39.66,12,12,Saka,Arsenal,MID,9.5,8.0,8.0,0.0,25.25,5.711592836946277,83.76315789473684,26,0.39585296889726673,0.3393025447690858,0.3248821866163996,0.16880301602262016,0.4936852026390198,0.0,0.3157894736842105,0.5372290292177191,179.0,114.0,2978.0,2554.0,11.0,5.0,9.0,5.0,13.0,8.0,18.0,8.0,5.4096709200805915,4.0172278778386845,0.0,0.0,0.0,0.0,False,False,False,True,2.0
2023/24,223340,85,88,226,2922,16,12,16,27,0,0,0,4,0,0,29,776,1093.8,1319.8,1342.0,375.7,0,0,0,0,35,15.4,10.9,26.29,25.66,12,12,Saka,Arsenal,MID,9.5,8.5,8.8,0.3000000000000007,25.68181818181818,6.960985626283367,76.89473684210526,28,0.4928131416837782,0.36960985626283366,0.47433264887063653,0.33572895277207393,0.8097535934291581,0.0,0.42105263157894735,0.893223819301848,202.0,179.0,3183.0,2978.0,14.0,11.0,12.0,9.0,12.0,13.0,19.0,18.0,5.711592836946277,5.4096709200805915,0.3248821866163996,0.0,0.16880301602262016,0.0,False,False,False,True,3.0
2024/25,223340,100,104,127,1724,6,11,7,21,0,0,0,3,0,0,18,508,606.0,842.8,830.0,227.9,0,0,0,108,20,6.87,7.78,14.65,17.72,12,12,Saka,Arsenal,MID,9.5,10.0,10.4,0.40000000000000036,12.211538461538462,6.629930394431555,45.36842105263158,17,0.3132250580046404,0.574245939675174,0.35864269141531324,0.40614849187935037,0.7647911832946637,0.0,0.18421052631578946,0.9396751740139211,226.0,202.0,2922.0,3183.0,16.0,14.0,12.0,12.0,16.0,12.0,29.0,19.0,6.960985626283367,5.711592836946277,0.47433264887063653,0.3248821866163996,0.33572895277207393,0.16880301602262016,False,False,False,True,4.0
2025/26,223340,100,100,157,2218,7,10,12,16,0,0,0,2,0,0,18,570,627.0,847.6,828.0,230.6,28,116,40,184,25,7.57,7.16,14.73,15.57,12,12,Saka,Arsenal,MID,9.5,10.0,10.0,0.0,15.7,6.370604147880973,58.36842105263158,17,0.2840396753832281,0.40577096483318303,0.30716862037871956,0.2905320108205591,0.5977006311992786,0.0,0.3157894736842105,0.7303877366997295,127.0,226.0,1724.0,2922.0,6.0,16.0,11.0,12.0,7.0,16.0,18.0,29.0,6.629930394431555,6.960985626283367,0.35864269141531324,0.47433264887063653,0.40614849187935037,0.33572895277207393,False,False,False,True,5.0
2017/18,204480,45,44,41,1421,0,0,3,29,0,0,0,1,0,0,0,280,310.4,35.7,29.0,37.5,0,0,0,0,0,0.0,0.0,0.0,0.0,13,13,Rice,Arsenal,MID,7.5,4.5,4.4,-0.09999999999999964,9.318181818181817,2.596762843068262,37.39473684210526,0,0.0,0.0,0.0,0.0,0.0,0.0,0.07894736842105263,0.0,1.0,,1.0,,0.0,,0.0,,0.0,,0.0,,90.0,,0.0,,0.0,,False,False,False,True,
2018/19,204480,45,44,92,3003,2,0,6,47,0,0,0,4,0,0,9,586,584.4,174.2,213.0,97.1,0,0,0,0,0,0.0,0.0,0.0,0.0,13,13,Rice,Arsenal,MID,7.5,4.5,4.4,-0.09999999999999964,20.909090909090907,2.757242757242757,79.02631578947368,2,0.05994005994005994,0.0,0.0,0.0,0.0,0.0,0.15789473684210525,0.2697302697302697,41.0,1.0,1421.0,1.0,0.0,0.0,0.0,0.0,3.0,0.0,0.0,0.0,2.596762843068262,90.0,0.0,0.0,0.0,0.0,False,False,False,True,
2019/20,204480,50,47,105,3420,1,5,7,62,0,0,0,6,0,0,8,616,715.8,350.8,259.0,132.5,0,0,0,0,0,0.0,0.0,0.0,0.0,13,13,Rice,Arsenal,MID,7.5,5.0,4.7,-0.2999999999999998,22.340425531914892,2.763157894736842,90.0,6,0.02631578947368421,0.13157894736842105,0.0,0.0,0.0,0.0,0.18421052631578946,0.21052631578947367,92.0,41.0,3003.0,1421.0,2.0,0.0,0.0,0.0,6.0,3.0,9.0,0.0,2.757242757242757,2.596762843068262,0.0,0.0,0.0,0.0,False,False,False,True,
2020/21,204480,50,47,86,2880,2,1,11,37,0,0,1,2,0,0,2,520,561.2,343.8,303.0,121.3,0,0,0,0,0,0.0,0.0,0.0,0.0,13,13,Rice,Arsenal,MID,7.5,5.0,4.7,-0.2999999999999998,18.29787234042553,2.6875,75.78947368421052,3,0.0625,0.03125,0.0,0.0,0.0,0.0,0.2894736842105263,0.0625,105.0,92.0,3420.0,3003.0,1.0,2.0,5.0,0.0,7.0,6.0,8.0,9.0,2.763157894736842,2.757242757242757,0.0,0.0,0.0,0.0,False,False,False,True,
2021/22,204480,50,50,95,3178,1,4,8,49,0,0,0,8,0,0,7,595,773.4,401.8,288.0,146.8,0,0,0,0,0,0.0,0.0,0.0,0.0,13,13,Rice,Arsenal,MID,7.5,5.0,5.0,0.0,19.0,2.6903713027061045,83.63157894736842,5,0.028319697923222153,0.11327879169288861,0.0,0.0,0.0,0.0,0.21052631578947367,0.19823788546255508,86.0,105.0,2880.0,3420.0,2.0,1.0,1.0,5.0,11.0,7.0,2.0,8.0,2.6875,2.763157894736842,0.0,0.0,0.0,0.0,False,False,False,True,1.0
2022/23,204480,50,47,116,3272,4,3,9,50,0,0,1,5,0,0,12,622,789.0,539.3,226.0,155.5,0,0,0,0,36,2.4,1.85,4.25,48.28,13,13,Rice,Arsenal,MID,7.5,5.0,4.7,-0.2999999999999998,24.680851063829785,3.190709046454768,86.10526315789474,7,0.11002444987775062,0.08251833740831296,0.06601466992665037,0.05088630806845966,0.11690097799511003,0.0,0.23684210526315788,0.33007334963325186,95.0,86.0,3178.0,2880.0,1.0,2.0,4.0,1.0,8.0,11.0,7.0,2.0,2.6903713027061045,2.6875,0.0,0.0,0.0,0.0,False,False,False,True,2.0
2023/24,204480,55,55,165,3225,7,9,17,28,0,0,0,5,0,0,17,744,959.4,745.3,451.0,215.9,0,0,0,0,37,3.53,5.09,8.62,27.08,13,13,Rice,Arsenal,MID,7.5,5.5,5.5,0.0,30.0,4.604651162790697,84.86842105263158,16,0.19534883720930232,0.2511627906976744,0.09851162790697673,0.14204651162790696,0.2405581395348837,0.0,0.4473684210526316,0.47441860465116276,116.0,95.0,3272.0,3178.0,4.0,1.0,3.0,4.0,9.0,8.0,12.0,7.0,3.190709046454768,2.6903713027061045,0.06601466992665037,0.0,0.05088630806845966,0.0,False,False,False,True,3.0
2024/25,204480,65,63,127,2823,4,7,11,29,0,0,0,5,1,0,17,627,733.0,959.6,399.0,208.8,0,0,0,297,33,3.51,5.64,9.14,27.13,13,13,Rice,Arsenal,MID,7.5,6.5,6.3,-0.20000000000000018,20.158730158730158,4.048884165781084,74.28947368421052,11,0.1275239107332625,0.22316684378320936,0.11190223166843782,0.1798087141339001,0.2913921360255048,0.0,0.2894736842105263,0.5419766206163655,165.0,116.0,3225.0,3272.0,7.0,4.0,9.0,3.0,17.0,9.0,17.0,12.0,4.604651162790697,3.190709046454768,0.09851162790697673,0.06601466992665037,0.14204651162790696,0.05088630806845966,False,False,False,True,4.0
2025/26,204480,65,72,184,3093,4,9,18,25,0,0,0,3,0,0,23,790,827.2,1027.4,298.0,215.4,127,180,69,376,35,3.15,7.32,10.47,23.87,13,13,Rice,Arsenal,MID,7.5,6.5,7.2,0.7000000000000002,25.555555555555554,5.354025218234724,81.39473684210526,13,0.11639185257032007,0.2618816682832202,0.09165858389912705,0.21299709020368573,0.3046556741028128,0.0,0.47368421052631576,0.6692531522793405,127.0,165.0,2823.0,3225.0,4.0,7.0,7.0,9.0,11.0,17.0,17.0,17.0,4.048884165781084,4.604651162790697,0.11190223166843782,0.09851162790697673,0.1798087141339001,0.14204651162790696,False,False,False,True,5.0
2021/22,232413,60,59,31,599,1,1,3,8,0,0,0,1,0,0,2,125,120.0,175.3,135.0,43.2,0,0,0,0,0,0.0,0.0,0.0,0.0,14,14,Eze,Arsenal,MID,6.5,6.0,5.9,-0.09999999999999964,5.2542372881355925,4.657762938230384,15.763157894736842,2,0.15025041736227043,0.15025041736227043,0.0,0.0,0.0,0.0,0.07894736842105263,0.30050083472454087,125.0,,2555.0,,4.0,,8.0,,6.0,,17.0,,4.403131115459883,,0.0,,0.0,,False,False,False,True,1.0
2022/23,232413,55,57,159,2631,10,5,9,35,0,0,0,3,0,0,21,580,702.6,833.6,635.0,217.0,0,0,0,0,30,7.25,2.92,10.17,32.64,14,14,Eze,Arsenal,MID,6.5,5.5,5.7,0.20000000000000018,27.894736842105264,5.438996579247434,69.23684210526316,15,0.3420752565564424,0.1710376282782212,0.24800456100342075,0.09988597491448117,0.3478905359179019,0.0,0.23684210526315788,0.7183580387685291,31.0,125.0,599.0,2555.0,1.0,4.0,1.0,8.0,3.0,6.0,2.0,17.0,4.657762938230384,4.403131115459883,0.0,0.0,0.0,0.0,False,False,False,True,2.0
2023/24,232413,65,60,136,2054,11,5,8,28,0,0,0,3,0,0,11,490,740.4,810.0,735.0,228.7,0,0,0,0,24,9.12,5.66,14.78,32.39,14,14,Eze,Arsenal,MID,6.5,6.5,6.0,-0.5,22.666666666666668,5.959104186952288,54.05263157894737,16,0.4819863680623174,0.21908471275559882,0.39961051606621223,0.24800389483933788,0.64761441090555,0.0,0.21052631578947367,0.4819863680623174,159.0,31.0,2631.0,599.0,10.0,1.0,5.0,1.0,9.0,3.0,21.0,2.0,5.438996579247434,4.657762938230384,0.24800456100342075,0.0,0.09988597491448117,0.0,False,False,False,True,3.0
2024/25,232413,70,70,148,2588,8,8,10,34,0,0,1,1,0,0,15,605,685.0,849.2,691.0,222.4,0,0,0,204,31,10.39,4.67,15.06,35.03,14,14,Eze,Arsenal,MID,6.5,7.0,7.0,0.0,21.142857142857142,5.146831530139103,68.10526315789474,16,0.2782071097372488,0.2782071097372488,0.36132148377125195,0.162403400309119,0.523724884080371,0.0,0.2631578947368421,0.5216383307573416,136.0,159.0,2054.0,2631.0,11.0,10.0,5.0,5.0,8.0,9.0,11.0,21.0,5.959104186952288,5.438996579247434,0.39961051606621223,0.24800456100342075,0.24800389483933788,0.09988597491448117,False,False,False,True,4.0
2025/26,232413,75,73,113,1885,7,3,11,14,0,0,0,1,0,0,8,439,393.4,305.7,455.0,115.1,22,79,19,120,22,5.18,2.66,7.84,14.21,14,14,Eze,Arsenal,MID,6.5,7.5,7.3,-0.20000000000000018,15.479452054794521,5.395225464190982,49.60526315789474,10,0.33421750663129973,0.14323607427055704,0.2473209549071618,0.12700265251989393,0.3743236074270557,0.0,0.2894736842105263,0.38196286472148544,148.0,136.0,2588.0,2054.0,8.0,11.0,8.0,5.0,10.0,8.0,15.0,11.0,5.146831530139103,5.959104186952288,0.36132148377125195,0.39961051606621223,0.162403400309119,0.24800389483933788,False,False,False,True,5.0
2021/22,184029,55,56,131,2782,7,4,11,39,0,0,0,4,0,0,9,541,676.6,1073.2,639.0,238.2,0,0,0,0,0,0.0,0.0,0.0,0.0,15,15,Ødegaard,Arsenal,MID,6.5,5.5,5.6,0.09999999999999964,23.392857142857146,4.237958303378864,73.21052631578948,11,0.22645578720345075,0.12940330697340044,0.0,0.0,0.0,0.0,0.2894736842105263,0.291157440690151,40.0,,861.0,,1.0,,2.0,,3.0,,3.0,,4.181184668989547,,0.0,,0.0,,False,False,False,True,1.0
2022/23,184029,65,69,212,3132,15,8,13,38,0,0,0,4,0,0,30,813,971.8,1140.3,934.0,304.9,0,0,0,0,37,9.75,8.02,17.77,37.94,15,15,Ødegaard,Arsenal,MID,6.5,6.5,6.9,0.40000000000000036,30.724637681159418,6.0919540229885065,82.42105263157895,23,0.4310344827586207,0.2298850574712644,0.2801724137931035,0.23045977011494254,0.510632183908046,0.0,0.34210526315789475,0.8620689655172414,131.0,40.0,2782.0,861.0,7.0,1.0,4.0,2.0,11.0,3.0,9.0,3.0,4.237958303378864,4.181184668989547,0.0,0.0,0.0,0.0,False,False,False,True,2.0
2023/24,184029,85,86,186,3098,8,11,19,23,0,0,0,2,0,0,26,703,910.4,1499.4,757.0,317.0,0,0,0,0,35,7.53,10.16,17.69,25.26,15,15,Ødegaard,Arsenal,MID,6.5,8.5,8.6,0.09999999999999964,21.627906976744185,5.403486120077469,81.52631578947368,19,0.23240800516462232,0.3195610071013557,0.21875403486120076,0.29515816655907035,0.5139122014202712,0.0,0.5,0.7553260167850225,212.0,131.0,3132.0,2782.0,15.0,7.0,8.0,4.0,13.0,11.0,30.0,9.0,6.0919540229885065,4.237958303378864,0.2801724137931035,0.0,0.23045977011494254,0.0,False,False,False,True,3.0
2024/25,184029,85,82,116,2321,3,9,11,21,0,0,0,4,0,0,11,529,524.6,968.7,493.0,198.8,0,0,0,127,26,4.85,6.68,11.53,22.16,15,15,Ødegaard,Arsenal,MID,6.5,8.5,8.2,-0.3000000000000007,14.146341463414636,4.498061180525636,61.078947368421055,12,0.11632916846186989,0.3489875053856097,0.18806548901335632,0.25902628177509696,0.44709177078845325,0.0,0.2894736842105263,0.4265402843601896,186.0,212.0,3098.0,3132.0,8.0,15.0,11.0,8.0,19.0,13.0,26.0,30.0,5.403486120077469,6.0919540229885065,0.21875403486120076,0.2801724137931035,0.29515816655907035,0.23045977011494254,False,False,False,True,4.0
2025/26,184029,80,78,74,1363,1,7,6,13,0,0,0,0,0,0,5,306,311.8,564.4,168.0,104.4,13,70,19,102,16,1.25,3.65,4.9,16.2,15,15,Ødegaard,Arsenal,MID,6.5,8.0,7.8,-0.20000000000000018,9.487179487179487,4.886280264123258,35.86842105263158,8,0.06603081438004402,0.46221570066030815,0.08253851797505503,0.24101247248716068,0.32355099046221575,0.0,0.15789473684210525,0.3301540719002201,116.0,186.0,2321.0,3098.0,3.0,8.0,9.0,11.0,11.0,19.0,11.0,26.0,4.498061180525636,5.403486120077469,0.18806548901335632,0.21875403486120076,0.25902628177509696,0.29515816655907035,False,False,False,True,5.0
2023/24,248857,55,53,76,1044,5,3,4,19,0,0,0,2,0,0,7,253,341.6,287.5,401.0,102.8,0,0,0,0,13,2.51,2.13,4.64,18.37,16,16,Madueke,Arsenal,MID,6.5,5.5,5.3,-0.20000000000000018,14.339622641509434,6.551724137931035,27.473684210526315,8,0.4310344827586207,0.25862068965517243,0.21637931034482757,0.18362068965517242,0.39999999999999997,0.0,0.10526315789473684,0.603448275862069,26.0,,639.0,,1.0,,0.0,,0.0,,2.0,,3.6619718309859155,,0.1267605633802817,,0.10140845070422536,,False,False,False,True,3.0
2024/25,248857,65,60,120,2028,7,5,6,28,0,0,0,3,0,0,12,425,479.2,475.1,998.0,195.3,0,0,0,129,27,9.62,2.86,12.48,29.55,16,16,Madueke,Arsenal,MID,6.5,6.5,6.0,-0.5,20.0,5.325443786982248,53.36842105263158,12,0.3106508875739645,0.22189349112426035,0.42692307692307685,0.12692307692307692,0.5538461538461539,0.0,0.15789473684210525,0.5325443786982248,76.0,26.0,1044.0,639.0,5.0,1.0,3.0,0.0,4.0,0.0,7.0,2.0,6.551724137931035,3.6619718309859155,0.21637931034482757,0.1267605633802817,0.18362068965517242,0.10140845070422536,False,False,False,True,4.0
2025/26,248857,70,68,72,1205,3,1,8,9,0,0,0,0,0,0,9,254,257.4,352.8,404.0,101.3,14,35,21,70,16,1.23,2.86,4.09,12.77,16,16,Madueke,Arsenal,MID,6.5,7.0,6.8,-0.20000000000000018,10.588235294117647,5.37759336099585,31.710526315789473,4,0.22406639004149376,0.07468879668049792,0.09186721991701244,0.21360995850622405,0.3054771784232365,0.0,0.21052631578947367,0.6721991701244813,120.0,76.0,2028.0,1044.0,7.0,5.0,5.0,3.0,6.0,4.0,12.0,7.0,5.325443786982248,6.551724137931035,0.42692307692307685,0.21637931034482757,0.12692307692307692,0.18362068965517242,False,False,False,True,5.0
2018/19,195384,50,50,0,0,0,0,0,0,0,0,0,0,0,0,0,0,0.0,0.0,0.0,0.0,0,0,0,0,0,0.0,0.0,0.0,0.0,17,17,Merino,Arsenal,MID,6.0,5.0,5.0,0.0,0.0,0.0,0.0,0,0.0,0.0,0.0,0.0,0.0,0.0,0.0,0.0,49.0,,1337.0,,1.0,,1.0,,3.0,,4.0,,3.298429319371728,,0.0,,0.0,,False,False,False,True,
2024/25,195384,60,60,92,1575,7,2,4,17,0,0,0,2,1,0,8,326,456.8,265.8,511.0,123.3,0,0,0,175,17,5.75,1.18,6.93,15.71,17,17,Merino,Arsenal,MID,6.0,6.0,6.0,0.0,15.333333333333334,5.257142857142857,41.44736842105263,9,0.4,0.11428571428571428,0.32857142857142857,0.06742857142857142,0.39599999999999996,0.0,0.10526315789473684,0.45714285714285713,0.0,49.0,0.0,1337.0,0.0,1.0,0.0,1.0,0.0,3.0,0.0,4.0,0.0,3.298429319371728,0.0,0.0,0.0,0.0,False,False,False,True,4.0
2025/26,195384,60,53,67,1024,4,3,4,10,0,0,0,1,0,0,5,236,304.4,191.8,244.0,73.6,30,57,26,113,10,3.36,1.45,4.81,7.36,17,17,Merino,Arsenal,MID,6.0,6.0,5.3,-0.7000000000000002,12.641509433962264,5.888671875,26.94736842105263,7,0.3515625,0.263671875,0.2953125,0.12744140625,0.4227539062499999,0.0,0.10526315789473684,0.439453125,92.0,0.0,1575.0,0.0,7.0,0.0,2.0,0.0,4.0,0.0,8.0,0.0,5.257142857142857,0.0,0.32857142857142857,0.0,0.06742857142857142,0.0,False,False,False,True,5.0
2020/21,444145,50,49,36,582,2,1,4,3,0,0,0,0,0,0,0,107,142.6,133.8,300.0,57.5,0,0,0,0,0,0.0,0.0,0.0,0.0,18,18,Martinelli,Arsenal,MID,6.5,5.0,4.9,-0.09999999999999964,7.346938775510203,5.56701030927835,15.31578947368421,3,0.30927835051546393,0.15463917525773196,0.0,0.0,0.0,0.0,0.10526315789473684,0.0,39.0,,656.0,,3.0,,1.0,,2.0,,5.0,,5.350609756097561,,0.0,,0.0,,False,False,False,True,
2021/22,444145,55,53,110,1855,6,7,7,25,0,0,0,1,1,0,6,345,475.8,483.3,786.0,174.7,0,0,0,0,0,0.0,0.0,0.0,0.0,18,18,Martinelli,Arsenal,MID,6.5,5.5,5.3,-0.20000000000000018,20.754716981132077,5.336927223719677,48.81578947368421,13,0.29110512129380056,0.33962264150943394,0.0,0.0,0.0,0.0,0.18421052631578946,0.29110512129380056,36.0,39.0,582.0,656.0,2.0,3.0,1.0,1.0,4.0,2.0,0.0,5.0,5.56701030927835,5.350609756097561,0.0,0.0,0.0,0.0,False,False,False,True,1.0
2022/23,444145,60,65,198,2789,15,9,14,33,0,0,0,3,0,0,18,648,844.2,838.1,1300.0,298.1,0,0,0,0,34,9.15,6.98,16.13,36.16,18,18,Martinelli,Arsenal,MID,6.5,6.0,6.5,0.5,30.46153846153846,6.389386877016852,73.39473684210526,24,0.48404446038006455,0.29042667622803875,0.2952671208318394,0.22524202223019005,0.5205091430620294,0.0,0.3684210526315789,0.5808533524560775,110.0,36.0,1855.0,582.0,6.0,2.0,7.0,1.0,7.0,4.0,6.0,0.0,5.336927223719677,5.56701030927835,0.0,0.0,0.0,0.0,False,False,False,True,2.0
2023/24,444145,80,75,118,2010,6,5,10,23,0,0,0,1,0,0,6,404,500.4,717.1,795.0,200.8,0,0,0,0,24,6.36,5.18,11.53,14.88,18,18,Martinelli,Arsenal,MID,6.5,8.0,7.5,-0.5,15.733333333333333,5.283582089552239,52.89473684210526,11,0.26865671641791045,0.22388059701492538,0.2847761194029851,0.2319402985074627,0.5162686567164179,0.0,0.2631578947368421,0.26865671641791045,198.0,110.0,2789.0,1855.0,15.0,6.0,9.0,7.0,14.0,7.0,18.0,6.0,6.389386877016852,5.336927223719677,0.2952671208318394,0.0,0.22524202223019005,0.0,False,False,False,True,3.0
2024/25,444145,70,65,125,2284,8,4,10,25,0,0,0,1,0,0,6,422,559.8,587.8,912.0,206.1,0,0,0,122,25,7.13,4.46,11.59,26.22,18,18,Martinelli,Arsenal,MID,6.5,7.0,6.5,-0.5,19.23076923076923,4.925569176882663,60.10526315789474,12,0.3152364273204904,0.1576182136602452,0.28095446584938705,0.1757443082311734,0.4566987740805604,0.0,0.2631578947368421,0.2364273204903678,118.0,198.0,2010.0,2789.0,6.0,15.0,5.0,9.0,10.0,14.0,6.0,18.0,5.283582089552239,6.389386877016852,0.2847761194029851,0.2952671208318394,0.2319402985074627,0.22524202223019005,False,False,False,True,4.0
2025/26,444145,70,68,57,1065,1,5,2,8,0,0,0,3,0,0,3,195,204.6,202.2,390.0,79.0,13,52,12,77,11,4.12,1.27,5.39,10.51,18,18,Martinelli,Arsenal,MID,6.5,7.0,6.8,-0.20000000000000018,8.382352941176471,4.816901408450704,28.026315789473685,6,0.08450704225352113,0.4225352112676056,0.348169014084507,0.10732394366197183,0.4554929577464788,0.0,0.05263157894736842,0.2535211267605634,125.0,118.0,2284.0,2010.0,8.0,6.0,4.0,5.0,10.0,10.0,6.0,6.0,4.925569176882663,5.283582089552239,0.28095446584938705,0.2847761194029851,0.1757443082311734,0.2319402985074627,False,False,False,True,5.0
2022/23,128295,55,53,71,1763,1,6,6,23,0,0,0,6,0,0,6,309,379.2,173.7,269.0,82.3,0,0,0,0,21,1.64,1.74,3.38,25.13,21,21,Nørgaard,Arsenal,MID,5.0,5.5,5.3,-0.20000000000000018,13.39622641509434,3.624503686897334,46.39473684210526,7,0.05104934770277936,0.30629608621667614,0.08372093023255814,0.08882586500283608,0.1725467952353942,0.0,0.15789473684210525,0.30629608621667614,101.0,,3054.0,,3.0,,4.0,,8.0,,5.0,,2.976424361493124,,0.0,,0.0,,False,False,False,True,2.0
2023/24,128295,55,52,74,2504,2,1,6,51,0,0,0,8,0,0,3,414,501.8,396.2,316.0,121.8,0,0,0,0,30,3.61,2.44,6.05,43.31,21,21,Nørgaard,Arsenal,MID,5.0,5.5,5.2,-0.2999999999999998,14.23076923076923,2.659744408945687,65.89473684210526,3,0.07188498402555911,0.035942492012779555,0.12975239616613418,0.0876996805111821,0.21745207667731628,0.0,0.15789473684210525,0.10782747603833866,71.0,101.0,1763.0,3054.0,1.0,3.0,6.0,4.0,6.0,8.0,6.0,5.0,3.624503686897334,2.976424361493124,0.08372093023255814,0.0,0.08882586500283608,0.0,False,False,False,True,3.0
2024/25,128295,50,48,107,2820,5,5,6,45,0,0,0,8,1,0,7,580,735.4,333.0,409.0,147.9,0,0,0,405,34,4.23,1.38,5.61,44.54,21,21,Nørgaard,Arsenal,MID,5.0,5.0,4.8,-0.20000000000000018,22.291666666666668,3.414893617021277,74.21052631578948,10,0.1595744680851064,0.1595744680851064,0.135,0.04404255319148936,0.17904255319148937,0.0,0.15789473684210525,0.22340425531914895,74.0,71.0,2504.0,1763.0,2.0,1.0,1.0,6.0,6.0,6.0,3.0,6.0,2.659744408945687,3.624503686897334,0.12975239616613418,0.08372093023255814,0.0876996805111821,0.08882586500283608,False,False,False,True,4.0
2025/26,128295,55,51,7,101,0,0,0,1,0,0,0,0,0,0,0,28,23.4,5.5,10.0,4.0,9,4,3,16,1,0.08,0.04,0.12,2.28,21,21,Nørgaard,Arsenal,MID,5.0,5.5,5.1,-0.40000000000000036,1.3725490196078431,6.237623762376238,2.6578947368421053,0,0.0,0.0,0.07128712871287128,0.03564356435643564,0.10693069306930693,0.0,0.0,0.0,107.0,74.0,2820.0,2504.0,5.0,2.0,5.0,1.0,6.0,6.0,7.0,3.0,3.414893617021277,2.659744408945687,0.135,0.12975239616613418,0.04404255319148936,0.0876996805111821,False,False,False,True,5.0
2023/24,499175,45,45,1,13,0,0,0,0,0,0,0,0,0,0,0,3,2.0,12.3,4.0,1.8,0,0,0,0,0,0.0,0.05,0.05,0.13,22,22,Nwaneri,Arsenal,MID,5.5,4.5,4.5,0.0,0.2222222222222222,6.923076923076923,0.34210526315789475,0,0.0,0.0,0.0,0.3461538461538462,0.3461538461538462,0.0,0.0,0.0,1.0,,1.0,,0.0,,0.0,,0.0,,0.0,,90.0,,0.0,,0.0,,False,False,False,True,3.0
2024/25,499175,45,43,66,882,4,2,4,4,0,0,0,1,0,0,4,251,293.2,282.8,255.0,83.0,0,0,0,53,11,1.19,1.78,2.97,5.38,22,22,Nwaneri,Arsenal,MID,5.5,4.5,4.3,-0.20000000000000018,15.348837209302326,6.73469387755102,23.210526315789473,6,0.4081632653061224,0.2040816326530612,0.12142857142857141,0.18163265306122447,0.30306122448979594,0.0,0.10526315789473684,0.4081632653061224,1.0,1.0,13.0,1.0,0.0,0.0,0.0,0.0,0.0,0.0,0.0,0.0,6.923076923076923,90.0,0.0,0.0,0.3461538461538462,0.0,False,False,False,True,4.0
2025/26,499175,55,50,8,165,0,0,1,0,0,0,0,0,0,0,0,20,8.6,22.5,24.0,5.4,1,10,2,13,0,0.23,0.08,0.31,0.73,22,22,Nwaneri,Arsenal,MID,5.5,5.5,5.0,-0.5,1.6,4.363636363636364,4.342105263157895,0,0.0,0.0,0.12545454545454546,0.04363636363636364,0.1690909090909091,0.0,0.02631578947368421,0.0,66.0,1.0,882.0,13.0,4.0,0.0,2.0,0.0,4.0,0.0,4.0,0.0,6.73469387755102,6.923076923076923,0.12142857142857141,0.0,0.18163265306122447,0.3461538461538462,False,False,False,True,5.0
2023/24,438098,55,54,24,290,1,3,1,2,0,0,0,0,1,0,0,67,82.8,88.8,85.0,25.5,0,0,0,0,2,1.25,0.64,1.89,1.83,23,23,Fábio Vieira,Arsenal,MID,5.5,5.5,5.4,-0.09999999999999964,4.444444444444444,7.448275862068965,7.631578947368421,4,0.3103448275862069,0.9310344827586207,0.3879310344827586,0.1986206896551724,0.586551724137931,0.0,0.02631578947368421,0.0,40.0,,500.0,,1.0,,2.0,,2.0,,2.0,,7.2,,0.1548,,0.2502,,False,False,False,True,3.0
2024/25,438098,55,54,0,0,0,0,0,0,0,0,0,0,0,0,0,0,0.0,0.0,0.0,0.0,0,0,0,0,0,0.0,0.0,0.0,0.0,23,23,Fábio Vieira,Arsenal,MID,5.5,5.5,5.4,-0.09999999999999964,0.0,0.0,0.0,0,0.0,0.0,0.0,0.0,0.0,0.0,0.0,0.0,24.0,40.0,290.0,500.0,1.0,1.0,3.0,2.0,1.0,2.0,0.0,2.0,7.448275862068965,7.2,0.3879310344827586,0.1548,0.1986206896551724,0.2502,False,False,False,True,4.0
2025/26,438098,55,54,0,0,0,0,0,0,0,0,0,0,0,0,0,0,0.0,0.0,0.0,0.0,0,0,0,0,0,0.0,0.0,0.0,0.0,23,23,Fábio Vieira,Arsenal,MID,5.5,5.5,5.4,-0.09999999999999964,0.0,0.0,0.0,0,0.0,0.0,0.0,0.0,0.0,0.0,0.0,0.0,0.0,24.0,0.0,290.0,0.0,1.0,0.0,3.0,0.0,1.0,0.0,0.0,0.0,7.448275862068965,0.0,0.3879310344827586,0.0,0.1986206896551724,False,False,False,True,5.0
2018/19,200641,45,44,0,0,0,0,0,0,0,0,0,0,0,0,0,0,0.0,0.0,0.0,0.0,0,0,0,0,0,0.0,0.0,0.0,0.0,24,24,Nelson,Arsenal,MID,5.5,4.5,4.4,-0.09999999999999964,0.0,0.0,0.0,0,0.0,0.0,0.0,0.0,0.0,0.0,0.0,0.0,5.0,,144.0,,0.0,,0.0,,0.0,,0.0,,3.125,,0.0,,0.0,,False,False,False,True,
2019/20,200641,55,53,30,622,1,1,2,7,0,0,0,1,0,0,0,105,110.4,148.3,185.0,44.4,0,0,0,0,0,0.0,0.0,0.0,0.0,24,24,Nelson,Arsenal,MID,5.5,5.5,5.3,-0.20000000000000018,5.660377358490567,4.340836012861736,16.36842105263158,2,0.14469453376205788,0.14469453376205788,0.0,0.0,0.0,0.0,0.05263157894736842,0.0,0.0,5.0,0.0,144.0,0.0,0.0,0.0,0.0,0.0,0.0,0.0,0.0,0.0,3.125,0.0,0.0,0.0,0.0,False,False,False,True,
2020/21,200641,55,51,2,70,0,0,0,0,0,0,0,0,0,0,0,2,4.2,9.7,10.0,2.4,0,0,0,0,0,0.0,0.0,0.0,0.0,24,24,Nelson,Arsenal,MID,5.5,5.5,5.1,-0.40000000000000036,0.3921568627450981,2.571428571428571,1.8421052631578947,0,0.0,0.0,0.0,0.0,0.0,0.0,0.0,0.0,30.0,0.0,622.0,0.0,1.0,0.0,1.0,0.0,2.0,0.0,0.0,0.0,4.340836012861736,0.0,0.0,0.0,0.0,0.0,False,False,False,True,
2021/22,200641,50,50,1,19,0,0,0,1,0,0,0,0,0,0,0,4,4.0,11.6,20.0,3.6,0,0,0,0,0,0.0,0.0,0.0,0.0,24,24,Nelson,Arsenal,MID,5.5,5.0,5.0,0.0,0.2,4.7368421052631575,0.5,0,0.0,0.0,0.0,0.0,0.0,0.0,0.0,0.0,2.0,30.0,70.0,622.0,0.0,1.0,0.0,1.0,0.0,2.0,0.0,0.0,2.571428571428571,4.340836012861736,0.0,0.0,0.0,0.0,False,False,False,True,1.0
2022/23,200641,50,47,42,202,3,3,1,3,0,0,0,0,0,0,5,127,179.8,121.9,178.0,48.0,0,0,0,0,0,1.09,0.99,2.08,2.16,24,24,Nelson,Arsenal,MID,5.5,5.0,4.7,-0.2999999999999998,8.936170212765957,18.712871287128714,5.315789473684211,6,1.3366336633663367,1.3366336633663367,0.4856435643564357,0.4410891089108911,0.9267326732673268,0.0,0.02631578947368421,2.227722772277228,1.0,2.0,19.0,70.0,0.0,0.0,0.0,0.0,0.0,0.0,0.0,0.0,4.7368421052631575,2.571428571428571,0.0,0.0,0.0,0.0,False,False,False,True,2.0
2023/24,200641,50,48,16,256,0,0,1,1,0,0,0,1,0,0,0,58,42.8,87.7,39.0,16.9,0,0,0,0,1,0.18,0.43,0.61,2.18,24,24,Nelson,Arsenal,MID,5.5,5.0,4.8,-0.20000000000000018,3.3333333333333335,5.625,6.7368421052631575,0,0.0,0.0,0.06328125,0.15117187499999998,0.214453125,0.0,0.02631578947368421,0.0,42.0,1.0,202.0,19.0,3.0,0.0,3.0,0.0,1.0,0.0,5.0,0.0,18.712871287128714,4.7368421052631575,0.4856435643564357,0.0,0.4410891089108911,0.0,False,False,False,True,3.0
2024/25,200641,50,50,27,483,1,1,1,9,0,0,0,1,0,0,2,143,131.6,223.9,195.0,55.1,0,0,0,45,5,1.07,0.96,2.03,6.13,24,24,Nelson,Arsenal,MID,5.5,5.0,5.0,0.0,5.4,5.031055900621118,12.710526315789474,2,0.1863354037267081,0.1863354037267081,0.19937888198757767,0.17888198757763976,0.3782608695652174,0.0,0.02631578947368421,0.3726708074534162,16.0,42.0,256.0,202.0,0.0,3.0,0.0,3.0,1.0,1.0,0.0,5.0,5.625,18.712871287128714,0.06328125,0.4856435643564357,0.15117187499999998,0.4410891089108911,False,False,False,True,4.0
2025/26,200641,50,48,13,118,0,1,0,2,0,0,0,0,0,0,0,39,42.6,32.6,29.0,10.0,3,16,4,23,0,0.71,0.11,0.82,3.02,24,24,Nelson,Arsenal,MID,5.5,5.0,4.8,-0.20000000000000018,2.7083333333333335,9.915254237288135,3.1052631578947367,1,0.0,0.7627118644067796,0.5415254237288135,0.08389830508474576,0.6254237288135592,0.0,0.0,0.0,27.0,16.0,483.0,256.0,1.0,0.0,1.0,0.0,1.0,1.0,2.0,0.0,5.031055900621118,5.625,0.19937888198757767,0.06328125,0.17888198757763976,0.15117187499999998,False,False,False,True,5.0
2025/26,224117,90,91,128,2217,14,1,12,14,0,0,0,5,0,0,16,474,539.6,271.7,772.0,157.5,23,55,7,85,26,12.26,1.94,14.19,17.81,25,25,Gyökeres,Arsenal,FWD,7.5,9.0,9.1,0.09999999999999964,14.065934065934066,5.196211096075778,58.3421052631579,15,0.5683355886332883,0.04059539918809202,0.4976995940460081,0.07875507442489851,0.5760487144790257,0.0,0.3157894736842105,0.6495263870094723,0.0,,0.0,,0.0,,0.0,,0.0,,0.0,,0.0,,0.0,,0.0,,False,True,False,False,5.0
2021/22,219847,85,79,112,1802,8,4,10,18,0,0,0,3,0,0,5,271,461.2,329.5,939.0,171.9,0,0,0,0,0,0.0,0.0,0.0,0.0,26,26,Havertz,Arsenal,FWD,7.5,8.5,7.9,-0.5999999999999996,14.177215189873417,5.593784683684794,47.421052631578945,12,0.3995560488346282,0.1997780244173141,0.0,0.0,0.0,0.0,0.2631578947368421,0.24972253052164262,91.0,,1512.0,,4.0,,6.0,,8.0,,3.0,,5.416666666666666,,0.0,,0.0,,False,True,False,False,1.0
2022/23,219847,80,74,102,2565,7,1,9,31,0,0,0,5,0,0,13,301,476.4,536.6,1014.0,202.5,0,0,0,0,30,11.58,2.75,14.33,38.25,26,26,Havertz,Arsenal,FWD,7.5,8.0,7.4,-0.5999999999999996,13.783783783783782,3.5789473684210527,67.5,8,0.24561403508771928,0.03508771929824561,0.4063157894736842,0.09649122807017543,0.5028070175438597,0.0,0.23684210526315788,0.45614035087719296,112.0,91.0,1802.0,1512.0,8.0,4.0,4.0,6.0,10.0,8.0,5.0,3.0,5.593784683684794,5.416666666666666,0.0,0.0,0.0,0.0,False,True,False,False,2.0
2023/24,219847,75,76,180,2627,13,10,16,22,0,0,0,11,0,0,15,515,763.2,613.4,1027.0,240.2,0,0,0,0,30,12.36,3.88,16.23,21.03,26,26,Havertz,Arsenal,FWD,7.5,7.5,7.6,0.09999999999999964,23.68421052631579,6.166730110392082,69.13157894736842,23,0.4453749524172059,0.34259611724400457,0.4234488009135896,0.13292729349067375,0.5560334982870194,0.0,0.42105263157894735,0.5138941758660068,102.0,112.0,2565.0,1802.0,7.0,8.0,1.0,4.0,9.0,10.0,13.0,5.0,3.5789473684210527,5.593784683684794,0.4063157894736842,0.0,0.09649122807017543,0.0,False,True,False,False,3.0
2024/25,219847,80,77,97,1872,9,3,7,20,0,0,0,5,0,0,14,343,467.6,269.0,711.0,144.8,0,0,0,99,21,9.53,1.65,11.18,19.32,26,26,Havertz,Arsenal,FWD,7.5,8.0,7.7,-0.2999999999999998,12.597402597402597,4.663461538461538,49.26315789473684,12,0.43269230769230765,0.14423076923076922,0.45817307692307685,0.07932692307692307,0.5375,0.0,0.18421052631578946,0.673076923076923,180.0,102.0,2627.0,2565.0,13.0,7.0,10.0,1.0,16.0,9.0,15.0,13.0,6.166730110392082,3.5789473684210527,0.4234488009135896,0.4063157894736842,0.13292729349067375,0.09649122807017543,False,True,False,False,4.0
2025/26,219847,75,73,36,577,2,3,4,4,0,0,0,1,0,0,3,143,152.6,134.6,210.0,49.9,10,14,8,32,7,3.31,0.64,3.95,6.68,26,26,Havertz,Arsenal,FWD,7.5,7.5,7.3,-0.20000000000000018,4.931506849315069,5.6152512998266895,15.18421052631579,5,0.3119584055459272,0.4679376083188908,0.5162911611785095,0.0998266897746967,0.6161178509532063,0.0,0.10526315789473684,0.4679376083188908,97.0,180.0,1872.0,2627.0,9.0,13.0,3.0,10.0,7.0,16.0,14.0,15.0,4.663461538461538,6.166730110392082,0.45817307692307685,0.4234488009135896,0.07932692307692307,0.13292729349067375,False,True,False,False,5.0
2017/18,205651,105,104,126,1660,13,7,9,12,0,0,2,6,0,0,18,473,603.6,360.3,1089.0,204.9,0,0,0,0,0,0.0,0.0,0.0,0.0,27,27,G.Jesus,Arsenal,FWD,6.0,10.5,10.4,-0.09999999999999964,12.115384615384615,6.83132530120482,43.68421052631579,20,0.7048192771084338,0.3795180722891567,0.0,0.0,0.0,0.0,0.23684210526315788,0.9759036144578314,67.0,,651.0,,7.0,,4.0,,3.0,,12.0,,9.262672811059907,,0.0,,0.0,,False,True,False,False,
2018/19,205651,105,99,79,1017,7,3,2,11,0,0,0,1,0,0,7,259,395.2,300.5,864.0,156.3,0,0,0,0,0,0.0,0.0,0.0,0.0,27,27,G.Jesus,Arsenal,FWD,6.0,10.5,9.9,-0.5999999999999996,7.979797979797979,6.991150442477876,26.763157894736842,10,0.6194690265486725,0.2654867256637168,0.0,0.0,0.0,0.0,0.05263157894736842,0.6194690265486725,126.0,67.0,1660.0,651.0,13.0,7.0,7.0,4.0,9.0,3.0,18.0,12.0,6.83132530120482,9.262672811059907,0.0,0.0,0.0,0.0,False,True,False,False,
2019/20,205651,95,99,146,2018,14,8,12,14,0,0,1,3,0,0,17,535,757.6,447.7,1620.0,282.1,0,0,0,0,0,0.0,0.0,0.0,0.0,27,27,G.Jesus,Arsenal,FWD,6.0,9.5,9.9,0.40000000000000036,14.747474747474747,6.511397423191279,53.10526315789474,22,0.624380574826561,0.356788899900892,0.0,0.0,0.0,0.0,0.3157894736842105,0.7581764122893955,79.0,126.0,1017.0,1660.0,7.0,13.0,3.0,7.0,2.0,9.0,7.0,18.0,6.991150442477876,6.83132530120482,0.0,0.0,0.0,0.0,False,True,False,False,
2020/21,205651,95,91,115,2056,9,5,11,17,0,0,0,2,0,0,16,453,501.0,467.5,931.0,190.0,0,0,0,0,0,0.0,0.0,0.0,0.0,27,27,G.Jesus,Arsenal,FWD,6.0,9.5,9.1,-0.40000000000000036,12.637362637362639,5.034046692607004,54.10526315789474,14,0.3939688715953307,0.2188715953307393,0.0,0.0,0.0,0.0,0.2894736842105263,0.7003891050583657,146.0,79.0,2018.0,1017.0,14.0,7.0,8.0,3.0,12.0,2.0,17.0,7.0,6.511397423191279,6.991150442477876,0.0,0.0,0.0,0.0,False,True,False,False,
2021/22,205651,85,86,120,1871,8,8,11,15,0,0,0,1,0,0,16,488,567.4,530.9,1126.0,222.3,0,0,0,0,0,0.0,0.0,0.0,0.0,27,27,G.Jesus,Arsenal,FWD,6.0,8.5,8.6,0.09999999999999964,13.953488372093023,5.772314270443613,49.23684210526316,16,0.38482095136290756,0.38482095136290756,0.0,0.0,0.0,0.0,0.2894736842105263,0.7696419027258151,115.0,146.0,2056.0,2018.0,9.0,14.0,5.0,8.0,11.0,12.0,16.0,17.0,5.034046692607004,6.511397423191279,0.0,0.0,0.0,0.0,False,True,False,False,1.0
2022/23,205651,80,81,125,2064,11,7,9,23,0,0,0,6,0,0,17,401,660.6,427.8,1331.0,241.9,0,0,0,0,24,14.24,2.91,17.15,23.15,27,27,G.Jesus,Arsenal,FWD,6.0,8.0,8.1,0.09999999999999964,15.4320987654321,5.450581395348837,54.31578947368421,18,0.4796511627906977,0.30523255813953487,0.6209302325581395,0.12688953488372093,0.7478197674418604,0.0,0.23684210526315788,0.7412790697674418,120.0,115.0,1871.0,2056.0,8.0,9.0,8.0,5.0,11.0,11.0,16.0,16.0,5.772314270443613,5.034046692607004,0.0,0.0,0.0,0.0,False,True,False,False,2.0
2023/24,205651,80,77,85,1470,4,7,11,11,0,0,0,6,0,0,10,271,364.8,403.0,756.0,152.7,0,0,0,0,17,6.27,3.26,9.53,11.67,27,27,G.Jesus,Arsenal,FWD,6.0,8.0,7.7,-0.2999999999999998,11.03896103896104,5.204081632653062,38.68421052631579,11,0.2448979591836735,0.4285714285714286,0.38387755102040816,0.19959183673469388,0.583469387755102,0.0,0.2894736842105263,0.6122448979591837,125.0,120.0,2064.0,1871.0,11.0,8.0,7.0,8.0,9.0,11.0,17.0,16.0,5.450581395348837,5.772314270443613,0.6209302325581395,0.0,0.12688953488372093,0.0,False,True,False,False,3.0
2024/25,205651,70,65,42,600,3,2,2,5,0,0,0,4,0,0,6,152,154.4,119.5,255.0,52.6,0,0,0,50,6,3.05,0.52,3.57,5.82,27,27,G.Jesus,Arsenal,FWD,6.0,7.0,6.5,-0.5,6.461538461538462,6.3,15.789473684210526,5,0.44999999999999996,0.3,0.45749999999999996,0.078,0.5355,0.0,0.05263157894736842,0.8999999999999999,85.0,125.0,1470.0,2064.0,4.0,11.0,7.0,7.0,11.0,9.0,10.0,17.0,5.204081632653062,5.450581395348837,0.38387755102040816,0.6209302325581395,0.19959183673469388,0.12688953488372093,False,True,False,False,4.0
2025/26,205651,65,64,24,418,3,0,1,6,0,0,0,3,0,0,0,92,141.8,54.3,281.0,47.5,7,19,4,30,3,2.71,0.26,2.97,3.97,27,27,G.Jesus,Arsenal,FWD,6.0,6.5,6.4,-0.09999999999999964,3.75,5.167464114832535,11.0,3,0.6459330143540669,0.0,0.5834928229665072,0.05598086124401914,0.6394736842105263,0.0,0.02631578947368421,0.0,42.0,85.0,600.0,1470.0,3.0,4.0,2.0,7.0,2.0,11.0,6.0,10.0,6.3,5.204081632653062,0.45749999999999996,0.38387755102040816,0.078,0.19959183673469388,False,True,False,False,5.0
2014/15,98980,45,45,14,302,0,0,2,4,0,0,0,0,0,4,0,57,0.0,0.0,0.0,0.0,0,0,0,0,0,0.0,0.0,0.0,0.0,28,28,Martinez,Aston Villa,GKP,5.0,4.5,4.5,0.0,3.111111111111111,4.172185430463576,7.947368421052632,0,0.0,0.0,0.0,0.0,0.0,1.1920529801324502,0.05263157894736842,0.0,0.0,,0.0,,0.0,,0.0,,0.0,,0.0,,0.0,,0.0,,0.0,,False,False,True,False,
2016/17,98980,40,39,8,180,0,0,1,3,0,0,0,0,0,5,0,35,30.6,0.0,0.0,3.1,0,0,0,0,0,0.0,0.0,0.0,0.0,28,28,Martinez,Aston Villa,GKP,5.0,4.0,3.9,-0.10000000000000009,2.0512820512820515,4.0,4.7368421052631575,0,0.0,0.0,0.0,0.0,0.0,2.5,0.02631578947368421,0.0,14.0,0.0,302.0,0.0,0.0,0.0,0.0,0.0,2.0,0.0,0.0,0.0,4.172185430463576,0.0,0.0,0.0,0.0,0.0,False,False,True,False,
2017/18,98980,40,40,0,0,0,0,0,0,0,0,0,0,0,0,0,0,0.0,0.0,0.0,0.0,0,0,0,0,0,0.0,0.0,0.0,0.0,28,28,Martinez,Aston Villa,GKP,5.0,4.0,4.0,0.0,0.0,0.0,0.0,0,0.0,0.0,0.0,0.0,0.0,0.0,0.0,0.0,8.0,14.0,180.0,302.0,0.0,0.0,0.0,0.0,1.0,2.0,0.0,0.0,4.0,4.172185430463576,0.0,0.0,0.0,0.0,False,False,True,False,
2018/19,98980,40,40,0,0,0,0,0,0,0,0,0,0,0,0,0,0,0.0,0.0,0.0,0.0,0,0,0,0,0,0.0,0.0,0.0,0.0,28,28,Martinez,Aston Villa,GKP,5.0,4.0,4.0,0.0,0.0,0.0,0.0,0,0.0,0.0,0.0,0.0,0.0,0.0,0.0,0.0,0.0,8.0,0.0,180.0,0.0,0.0,0.0,0.0,0.0,1.0,0.0,0.0,0.0,4.0,0.0,0.0,0.0,0.0,False,False,True,False,
2019/20,98980,45,44,33,770,0,0,3,9,0,0,0,2,0,34,1,169,256.8,0.0,0.0,25.8,0,0,0,0,0,0.0,0.0,0.0,0.0,28,28,Martinez,Aston Villa,GKP,5.0,4.5,4.4,-0.09999999999999964,7.499999999999999,3.857142857142857,20.263157894736842,0,0.0,0.0,0.0,0.0,0.0,3.9740259740259742,0.07894736842105263,0.11688311688311688,0.0,0.0,0.0,0.0,0.0,0.0,0.0,0.0,0.0,0.0,0.0,0.0,0.0,0.0,0.0,0.0,0.0,0.0,False,False,True,False,
2020/21,98980,45,53,186,3420,0,0,15,46,0,1,0,1,0,142,27,825,1067.2,20.0,0.0,108.5,0,0,0,0,0,0.0,0.0,0.0,0.0,28,28,Martinez,Aston Villa,GKP,5.0,4.5,5.3,0.7999999999999998,35.09433962264151,4.894736842105263,90.0,0,0.0,0.0,0.0,0.0,0.0,3.736842105263158,0.39473684210526316,0.7105263157894737,33.0,0.0,770.0,0.0,0.0,0.0,0.0,0.0,3.0,0.0,1.0,0.0,3.857142857142857,0.0,0.0,0.0,0.0,0.0,False,False,True,False,
2021/22,98980,55,55,129,3240,0,0,11,48,0,1,0,4,0,95,7,651,755.8,0.0,0.0,75.4,0,0,0,0,0,0.0,0.0,0.0,0.0,28,28,Martinez,Aston Villa,GKP,5.0,5.5,5.5,0.0,23.454545454545453,3.5833333333333335,85.26315789473684,0,0.0,0.0,0.0,0.0,0.0,2.638888888888889,0.2894736842105263,0.19444444444444445,186.0,33.0,3420.0,770.0,0.0,0.0,0.0,0.0,15.0,3.0,27.0,1.0,4.894736842105263,3.857142857142857,0.0,0.0,0.0,0.0,False,False,True,False,1.0
2022/23,98980,50,50,135,3139,0,0,11,38,1,1,0,7,0,98,15,678,835.2,23.0,0.0,85.7,0,0,0,0,36,0.0,0.21,0.21,43.46,28,28,Martinez,Aston Villa,GKP,5.0,5.0,5.0,0.0,27.0,3.8706594456833385,82.60526315789474,0,0.0,0.0,0.0,0.006021025804396304,0.006021025804396304,2.8098120420516084,0.2894736842105263,0.43007327174259313,129.0,186.0,3240.0,3420.0,0.0,0.0,0.0,0.0,11.0,15.0,7.0,27.0,3.5833333333333335,4.894736842105263,0.0,0.0,0.0,0.0,False,False,True,False,2.0
2023/24,98980,50,52,115,3015,0,0,8,48,2,0,0,4,0,95,19,640,802.0,20.0,0.0,82.2,0,0,0,0,34,0.0,0.01,0.01,49.87,28,28,Martinez,Aston Villa,GKP,5.0,5.0,5.2,0.20000000000000018,22.115384615384613,3.4328358208955225,79.34210526315789,0,0.0,0.0,0.0,0.00029850746268656717,0.00029850746268656717,2.8358208955223883,0.21052631578947367,0.5671641791044776,135.0,129.0,3139.0,3240.0,0.0,0.0,0.0,0.0,11.0,11.0,15.0,7.0,3.8706594456833385,3.5833333333333335,0.0,0.0,0.006021025804396304,0.0,False,False,True,False,3.0
2024/25,98980,50,50,111,3195,0,0,8,47,0,1,0,5,1,100,6,457,839.6,20.0,0.0,86.0,0,0,0,0,37,0.0,0.02,0.02,44.99,28,28,Martinez,Aston Villa,GKP,5.0,5.0,5.0,0.0,22.2,3.1267605633802815,84.07894736842105,0,0.0,0.0,0.0,0.0005633802816901409,0.0005633802816901409,2.816901408450704,0.21052631578947367,0.16901408450704225,115.0,135.0,3015.0,3139.0,0.0,0.0,0.0,0.0,8.0,11.0,19.0,15.0,3.4328358208955225,3.8706594456833385,0.0,0.0,0.00029850746268656717,0.006021025804396304,False,False,True,False,4.0
2025/26,98980,50,50,120,2835,0,1,7,39,0,1,0,2,0,95,11,530,769.8,23.2,0.0,79.2,27,272,0,0,32,0.0,0.08,0.08,42.92,28,28,Martinez,Aston Villa,GKP,5.0,5.0,5.0,0.0,24.0,3.8095238095238093,74.60526315789474,1,0.0,0.031746031746031744,0.0,0.0025396825396825397,0.0025396825396825397,3.015873015873016,0.18421052631578946,0.3492063492063492,111.0,115.0,3195.0,3015.0,0.0,0.0,0.0,0.0,8.0,8.0,6.0,19.0,3.1267605633802815,3.4328358208955225,0.0,0.0,0.0005633802816901409,0.00029850746268656717,False,False,True,False,5.0
2019/20,101188,60,59,120,3031,0,8,9,49,1,0,0,6,0,0,16,646,743.0,1112.0,293.0,215.0,0,0,0,0,0,0.0,0.0,0.0,0.0,30,30,Digne,Aston Villa,DEF,4.5,6.0,5.9,-0.09999999999999964,20.338983050847457,3.563180468492247,79.76315789473684,8,0.0,0.2375453645661498,0.0,0.0,0.0,0.0,0.23684210526315788,0.4750907291322996,158.0,,2964.0,,4.0,,5.0,,13.0,,22.0,,4.79757085020243,,0.0,,0.0,,True,False,False,False,
2020/21,101188,60,62,120,2681,0,9,9,42,0,0,0,2,1,0,18,590,592.6,704.2,136.0,143.5,0,0,0,0,0,0.0,0.0,0.0,0.0,30,30,Digne,Aston Villa,DEF,4.5,6.0,6.2,0.20000000000000018,19.35483870967742,4.0283476314807904,70.55263157894737,9,0.0,0.3021260723610593,0.0,0.0,0.0,0.0,0.23684210526315788,0.6042521447221186,120.0,158.0,3031.0,2964.0,0.0,4.0,8.0,5.0,9.0,13.0,16.0,22.0,3.563180468492247,4.79757085020243,0.0,0.0,0.0,0.0,True,False,False,False,
2021/22,101188,55,50,83,2440,0,4,7,42,1,0,0,6,0,0,8,459,538.8,772.7,202.0,151.6,0,0,0,0,0,0.0,0.0,0.0,0.0,30,30,Digne,Aston Villa,DEF,4.5,5.5,5.0,-0.5,16.6,3.0614754098360657,64.21052631578948,4,0.0,0.14754098360655737,0.0,0.0,0.0,0.0,0.18421052631578946,0.29508196721311475,120.0,120.0,2681.0,3031.0,0.0,0.0,9.0,8.0,9.0,9.0,18.0,16.0,4.0283476314807904,3.563180468492247,0.0,0.0,0.0,0.0,True,False,False,False,1.0
2022/23,101188,50,45,50,1492,1,0,3,25,1,0,0,5,0,0,4,234,277.6,305.5,97.0,68.1,0,0,0,0,18,0.43,1.9,2.33,25.91,30,30,Digne,Aston Villa,DEF,4.5,5.0,4.5,-0.5,11.11111111111111,3.016085790884718,39.26315789473684,1,0.06032171581769436,0.0,0.025938337801608577,0.11461126005361928,0.1405495978552279,0.0,0.07894736842105263,0.24128686327077745,83.0,120.0,2440.0,2681.0,0.0,0.0,4.0,9.0,7.0,9.0,8.0,18.0,3.0614754098360657,4.0283476314807904,0.0,0.0,0.0,0.0,True,False,False,False,2.0
2023/24,101188,45,46,85,2405,1,4,6,41,0,0,0,7,0,0,5,420,448.4,601.7,200.0,125.1,0,0,0,0,27,0.99,3.49,4.48,41.65,30,30,Digne,Aston Villa,DEF,4.5,4.5,4.6,0.09999999999999964,18.47826086956522,3.180873180873181,63.28947368421053,5,0.037422037422037424,0.1496881496881497,0.037047817047817046,0.13060291060291063,0.16765072765072767,0.0,0.15789473684210525,0.18711018711018712,50.0,83.0,1492.0,2440.0,1.0,0.0,0.0,4.0,3.0,7.0,4.0,8.0,3.016085790884718,3.0614754098360657,0.025938337801608577,0.0,0.11461126005361928,0.0,True,False,False,False,3.0
2024/25,101188,45,44,89,2348,0,5,6,36,0,0,0,4,0,0,7,383,512.6,583.9,112.0,120.7,0,0,0,178,28,0.8,3.97,4.77,34.94,30,30,Digne,Aston Villa,DEF,4.5,4.5,4.4,-0.09999999999999964,20.227272727272727,3.4114139693356047,61.78947368421053,5,0.0,0.19165247018739354,0.030664395229982967,0.15217206132879046,0.1828364565587734,0.0,0.15789473684210525,0.2683134582623509,85.0,50.0,2405.0,1492.0,1.0,1.0,4.0,0.0,6.0,3.0,5.0,4.0,3.180873180873181,3.016085790884718,0.037047817047817046,0.025938337801608577,0.13060291060291063,0.11461126005361928,True,False,False,False,4.0
2025/26,101188,45,45,97,1842,0,7,7,23,0,0,0,3,0,0,5,381,400.2,455.5,130.0,98.5,77,63,36,113,21,0.67,3.28,3.95,27.79,30,30,Digne,Aston Villa,DEF,4.5,4.5,4.5,0.0,21.555555555555557,4.73941368078176,48.473684210526315,7,0.0,0.3420195439739414,0.032736156351791536,0.16026058631921825,0.1929967426710098,0.0,0.18421052631578946,0.244299674267101,89.0,85.0,2348.0,2405.0,0.0,1.0,5.0,4.0,6.0,6.0,7.0,5.0,3.4114139693356047,3.180873180873181,0.030664395229982967,0.037047817047817046,0.15217206132879046,0.13060291060291063,True,False,False,False,5.0
2020/21,199798,45,46,119,3195,2,0,12,46,0,0,0,3,0,0,8,580,695.6,34.2,276.0,101.0,0,0,0,0,0,0.0,0.0,0.0,0.0,31,31,Konsa,Aston Villa,DEF,4.5,4.5,4.6,0.09999999999999964,25.869565217391305,3.352112676056338,84.07894736842105,2,0.056338028169014086,0.0,0.0,0.0,0.0,0.0,0.3157894736842105,0.22535211267605634,65.0,,2038.0,,1.0,,2.0,,5.0,,4.0,,2.8704612365063786,,0.0,,0.0,,True,False,False,False,
2021/22,199798,50,49,78,2477,2,0,8,43,0,0,0,4,2,0,4,388,428.2,56.5,251.0,73.4,0,0,0,0,0,0.0,0.0,0.0,0.0,31,31,Konsa,Aston Villa,DEF,4.5,5.0,4.9,-0.09999999999999964,15.918367346938775,2.834073475979007,65.1842105263158,2,0.07266855066612839,0.0,0.0,0.0,0.0,0.0,0.21052631578947367,0.14533710133225677,119.0,65.0,3195.0,2038.0,2.0,1.0,0.0,2.0,12.0,5.0,8.0,4.0,3.352112676056338,2.8704612365063786,0.0,0.0,0.0,0.0,True,False,False,False,1.0
2022/23,199798,45,44,110,3322,0,0,12,45,0,0,0,6,0,0,6,633,568.4,116.2,72.0,75.7,0,0,0,0,37,1.08,0.71,1.79,50.67,31,31,Konsa,Aston Villa,DEF,4.5,4.5,4.4,-0.09999999999999964,24.999999999999996,2.980132450331126,87.42105263157895,0,0.0,0.0,0.029259482239614693,0.019235400361228176,0.048494882600842865,0.0,0.3157894736842105,0.1625526791089705,78.0,119.0,2477.0,3195.0,2.0,2.0,0.0,0.0,8.0,12.0,4.0,8.0,2.834073475979007,3.352112676056338,0.0,0.0,0.0,0.0,True,False,False,False,2.0
2023/24,199798,45,45,91,3069,1,1,7,54,0,0,0,5,0,0,7,562,554.4,170.6,223.0,95.0,0,0,0,0,35,2.56,1.01,3.57,52.28,31,31,Konsa,Aston Villa,DEF,4.5,4.5,4.5,0.0,20.22222222222222,2.6686217008797652,80.76315789473684,2,0.029325513196480937,0.029325513196480937,0.0750733137829912,0.029618768328445746,0.10469208211143693,0.0,0.18421052631578946,0.20527859237536655,110.0,78.0,3322.0,2477.0,0.0,2.0,0.0,0.0,12.0,8.0,6.0,4.0,2.980132450331126,2.834073475979007,0.029259482239614693,0.0,0.019235400361228176,0.0,True,False,False,False,3.0
2024/25,199798,45,45,103,2936,2,0,8,45,0,0,0,1,0,0,10,448,532.8,123.9,166.0,82.4,0,0,0,176,33,1.29,0.61,1.9,43.82,31,31,Konsa,Aston Villa,DEF,4.5,4.5,4.5,0.0,22.88888888888889,3.157356948228883,77.26315789473684,2,0.06130790190735695,0.0,0.03954359673024523,0.01869891008174387,0.0582425068119891,0.0,0.21052631578947367,0.30653950953678477,91.0,110.0,3069.0,3322.0,1.0,0.0,1.0,0.0,7.0,12.0,7.0,6.0,2.6686217008797652,2.980132450331126,0.0750733137829912,0.029259482239614693,0.029618768328445746,0.019235400361228176,True,False,False,False,4.0
2025/26,199798,45,44,100,3035,0,1,9,44,0,0,0,0,1,0,3,497,601.4,108.3,124.0,84.0,174,108,22,196,34,1.27,0.59,1.86,48.93,31,31,Konsa,Aston Villa,DEF,4.5,4.5,4.4,-0.09999999999999964,22.727272727272727,2.9654036243822075,79.86842105263158,1,0.0,0.029654036243822075,0.03766062602965404,0.017495881383855025,0.05515650741350907,0.0,0.23684210526315788,0.08896210873146623,103.0,91.0,2936.0,3069.0,2.0,1.0,0.0,1.0,8.0,7.0,10.0,7.0,3.157356948228883,2.6686217008797652,0.03954359673024523,0.0750733137829912,0.01869891008174387,0.029618768328445746,True,False,False,False,5.0
2021/22,199796,50,53,147,3377,4,3,13,50,0,0,0,8,0,0,11,623,754.8,432.1,534.0,172.1,0,0,0,0,0,0.0,0.0,0.0,0.0,32,32,Cash,Aston Villa,DEF,4.5,5.0,5.3,0.2999999999999998,27.735849056603776,3.917678412792419,88.86842105263158,7,0.10660349422564405,0.07995262066923305,0.0,0.0,0.0,0.0,0.34210526315789475,0.29315960912052114,89.0,,2373.0,,0.0,,2.0,,11.0,,8.0,,3.375474083438685,,0.0,,0.0,,True,False,False,False,1.0
2022/23,199796,50,46,57,1817,0,2,4,29,0,0,0,4,0,0,3,311,303.0,178.3,67.0,54.9,0,0,0,0,20,0.2,0.95,1.15,27.14,32,32,Cash,Aston Villa,DEF,4.5,5.0,4.6,-0.40000000000000036,12.391304347826088,2.823335167859108,47.81578947368421,2,0.0,0.09906439185470556,0.009906439185470555,0.047055586130985136,0.05696202531645569,0.0,0.10526315789473684,0.14859658778205834,147.0,89.0,3377.0,2373.0,4.0,0.0,3.0,2.0,13.0,11.0,11.0,8.0,3.917678412792419,3.375474083438685,0.0,0.0,0.0,0.0,True,False,False,False,2.0
2023/24,199796,45,45,64,2138,2,2,3,36,1,0,0,8,0,0,4,337,465.2,231.8,378.0,107.1,0,0,0,0,23,4.41,2.47,6.88,36.78,32,32,Cash,Aston Villa,DEF,4.5,4.5,4.5,0.0,14.222222222222221,2.6941066417212345,56.26315789473684,4,0.08419083255378858,0.08419083255378858,0.18564078578110382,0.1039756782039289,0.2896164639850327,0.0,0.07894736842105263,0.16838166510757716,57.0,147.0,1817.0,3377.0,0.0,4.0,2.0,3.0,4.0,13.0,3.0,11.0,2.823335167859108,3.917678412792419,0.009906439185470555,0.0,0.047055586130985136,0.0,True,False,False,False,3.0
2024/25,199796,45,44,76,2069,1,1,7,22,0,0,0,7,0,0,2,286,359.2,181.0,171.0,71.3,0,0,0,145,24,0.48,1.23,1.71,28.64,32,32,Cash,Aston Villa,DEF,4.5,4.5,4.4,-0.09999999999999964,17.27272727272727,3.3059449009183184,54.44736842105263,2,0.04349927501208314,0.04349927501208314,0.020879652005799904,0.05350410826486226,0.07438376027066217,0.0,0.18421052631578946,0.08699855002416627,64.0,57.0,2138.0,1817.0,2.0,0.0,2.0,2.0,3.0,4.0,4.0,3.0,2.6941066417212345,2.823335167859108,0.18564078578110382,0.009906439185470555,0.1039756782039289,0.047055586130985136,True,False,False,False,4.0
2025/26,199796,45,46,117,3016,3,3,8,38,0,0,0,9,0,0,7,450,643.0,510.7,221.0,137.5,120,88,66,186,34,1.14,2.94,4.08,45.45,32,32,Cash,Aston Villa,DEF,4.5,4.5,4.6,0.09999999999999964,25.434782608695656,3.4913793103448274,79.36842105263158,6,0.08952254641909814,0.08952254641909814,0.03401856763925729,0.08773209549071617,0.12175066312997347,0.0,0.21052631578947367,0.2088859416445623,76.0,64.0,2069.0,2138.0,1.0,2.0,1.0,2.0,7.0,3.0,2.0,4.0,3.3059449009183184,2.6941066417212345,0.020879652005799904,0.18564078578110382,0.05350410826486226,0.1039756782039289,True,False,False,False,5.0
2016/17,149484,45,45,4,506,0,0,0,16,2,0,0,0,0,0,2,89,125.4,18.3,45.0,18.9,0,0,0,0,0,0.0,0.0,0.0,0.0,33,33,Mings,Aston Villa,DEF,4.5,4.5,4.5,0.0,0.8888888888888888,0.7114624505928854,13.31578947368421,0,0.0,0.0,0.0,0.0,0.0,0.0,0.0,0.3557312252964427,1.0,,11.0,,0.0,,0.0,,0.0,,0.0,,8.181818181818182,,0.0,,0.0,,True,False,False,False,
2017/18,149484,45,42,3,201,0,0,0,5,0,0,0,1,0,0,0,40,46.6,14.8,10.0,7.2,0,0,0,0,0,0.0,0.0,0.0,0.0,33,33,Mings,Aston Villa,DEF,4.5,4.5,4.2,-0.2999999999999998,0.7142857142857143,1.3432835820895521,5.2894736842105265,0,0.0,0.0,0.0,0.0,0.0,0.0,0.0,0.0,4.0,1.0,506.0,11.0,0.0,0.0,0.0,0.0,0.0,0.0,2.0,0.0,0.7114624505928854,8.181818181818182,0.0,0.0,0.0,0.0,True,False,False,False,
2018/19,149484,45,42,5,141,0,0,0,4,0,0,0,0,0,0,0,41,49.0,16.3,2.0,6.8,0,0,0,0,0,0.0,0.0,0.0,0.0,33,33,Mings,Aston Villa,DEF,4.5,4.5,4.2,-0.2999999999999998,1.1904761904761905,3.1914893617021276,3.710526315789474,0,0.0,0.0,0.0,0.0,0.0,0.0,0.0,0.0,3.0,4.0,201.0,506.0,0.0,0.0,0.0,0.0,0.0,0.0,0.0,2.0,1.3432835820895521,0.7114624505928854,0.0,0.0,0.0,0.0,True,False,False,False,
2019/20,149484,45,44,90,2902,2,2,6,53,0,0,0,7,0,0,9,537,758.0,87.3,119.0,96.6,0,0,0,0,0,0.0,0.0,0.0,0.0,33,33,Mings,Aston Villa,DEF,4.5,4.5,4.4,-0.09999999999999964,20.454545454545453,2.7911784975878704,76.36842105263158,4,0.062026188835286,0.062026188835286,0.0,0.0,0.0,0.0,0.15789473684210525,0.279117849758787,5.0,3.0,141.0,201.0,0.0,0.0,0.0,0.0,0.0,0.0,0.0,0.0,3.1914893617021276,1.3432835820895521,0.0,0.0,0.0,0.0,True,False,False,False,
2020/21,149484,50,54,128,3194,2,2,14,42,1,0,0,4,1,0,8,633,798.4,97.3,293.0,119.3,0,0,0,0,0,0.0,0.0,0.0,0.0,33,33,Mings,Aston Villa,DEF,4.5,5.0,5.4,0.40000000000000036,23.703703703703702,3.606762680025047,84.05263157894737,4,0.05635566687539136,0.05635566687539136,0.0,0.0,0.0,0.0,0.3684210526315789,0.22542266750156545,90.0,5.0,2902.0,141.0,2.0,0.0,2.0,0.0,6.0,0.0,9.0,0.0,2.7911784975878704,3.1914893617021276,0.0,0.0,0.0,0.0,True,False,False,False,
2021/22,149484,50,50,118,3188,1,4,11,49,0,0,0,11,0,0,12,596,667.2,130.9,309.0,110.6,0,0,0,0,0,0.0,0.0,0.0,0.0,33,33,Mings,Aston Villa,DEF,4.5,5.0,5.0,0.0,23.6,3.331242158092848,83.89473684210526,5,0.02823086574654956,0.11292346298619824,0.0,0.0,0.0,0.0,0.2894736842105263,0.33877038895859474,128.0,90.0,3194.0,2902.0,2.0,2.0,2.0,2.0,14.0,6.0,8.0,9.0,3.606762680025047,2.7911784975878704,0.0,0.0,0.0,0.0,True,False,False,False,1.0
2022/23,149484,45,47,130,3150,1,3,12,40,1,0,0,7,0,0,17,617,664.4,88.2,121.0,87.8,0,0,0,0,35,0.96,0.95,1.91,47.28,33,33,Mings,Aston Villa,DEF,4.5,4.5,4.7,0.20000000000000018,27.659574468085104,3.7142857142857144,82.89473684210526,4,0.02857142857142857,0.08571428571428572,0.027428571428571427,0.027142857142857142,0.05457142857142857,0.0,0.3157894736842105,0.4857142857142857,118.0,128.0,3188.0,3194.0,1.0,2.0,4.0,2.0,11.0,14.0,12.0,8.0,3.331242158092848,3.606762680025047,0.0,0.0,0.0,0.0,True,False,False,False,2.0
2023/24,149484,45,41,0,30,0,0,0,2,0,0,0,0,0,0,0,5,3.6,13.0,5.0,2.2,0,0,0,0,1,0.01,0.16,0.17,1.08,33,33,Mings,Aston Villa,DEF,4.5,4.5,4.1,-0.40000000000000036,0.0,0.0,0.7894736842105263,0,0.0,0.0,0.030000000000000002,0.48000000000000004,0.5100000000000001,0.0,0.0,0.0,130.0,118.0,3150.0,3188.0,1.0,1.0,3.0,4.0,12.0,11.0,17.0,12.0,3.7142857142857144,3.331242158092848,0.027428571428571427,0.0,0.027142857142857142,0.0,True,False,False,False,3.0
2024/25,149484,45,44,47,1119,0,1,4,11,0,0,0,1,0,0,5,207,220.4,49.2,74.0,34.6,0,0,0,84,12,0.88,0.23,1.11,13.2,33,33,Mings,Aston Villa,DEF,4.5,4.5,4.4,-0.09999999999999964,10.681818181818182,3.780160857908847,29.44736842105263,1,0.0,0.08042895442359249,0.0707774798927614,0.018498659517426273,0.08927613941018768,0.0,0.10526315789473684,0.40214477211796246,0.0,130.0,30.0,3150.0,0.0,1.0,0.0,3.0,0.0,12.0,0.0,17.0,0.0,3.7142857142857144,0.030000000000000002,0.027428571428571427,0.48000000000000004,0.027142857142857142,True,False,False,False,4.0
2025/26,149484,45,43,50,1322,0,1,3,23,0,0,0,1,0,0,4,169,282.6,80.5,105.0,46.8,102,47,5,107,15,1.3,0.42,1.72,23.37,33,33,Mings,Aston Villa,DEF,4.5,4.5,4.3,-0.20000000000000018,11.627906976744187,3.40393343419062,34.78947368421053,1,0.0,0.0680786686838124,0.08850226928895613,0.028593040847201212,0.11709531013615734,0.0,0.07894736842105263,0.2723146747352496,47.0,0.0,1119.0,30.0,0.0,0.0,1.0,0.0,4.0,0.0,5.0,0.0,3.780160857908847,0.0,0.0707774798927614,0.030000000000000002,0.018498659517426273,0.48000000000000004,True,False,False,False,5.0
2024/25,244954,45,42,55,2019,0,0,5,33,0,0,0,2,0,0,3,254,350.6,84.5,102.0,54.0,0,0,0,116,23,0.51,0.43,0.94,29.69,34,34,Pau,Aston Villa,DEF,4.5,4.5,4.2,-0.2999999999999998,13.095238095238095,2.4517087667161963,53.13157894736842,0,0.0,0.0,0.022734026745913818,0.01916790490341753,0.04190193164933135,0.0,0.13157894736842105,0.1337295690936107,85.0,,2462.0,,2.0,,0.0,,6.0,,4.0,,3.107229894394801,,0.035093419983753045,,0.02595450852965069,,True,False,False,False,4.0
2025/26,244954,45,43,64,1673,0,2,5,19,1,0,0,1,0,0,2,280,321.8,47.1,79.0,45.1,90,79,22,112,18,1.33,0.39,1.72,22.81,34,34,Pau,Aston Villa,DEF,4.5,4.5,4.3,-0.20000000000000018,14.883720930232558,3.442916915720263,44.026315789473685,2,0.0,0.10759115361625822,0.07154811715481173,0.020980274955170353,0.09252839210998207,0.0,0.13157894736842105,0.10759115361625822,55.0,85.0,2019.0,2462.0,0.0,2.0,0.0,0.0,5.0,6.0,3.0,4.0,2.4517087667161963,3.107229894394801,0.022734026745913818,0.035093419983753045,0.01916790490341753,0.02595450852965069,True,False,False,False,5.0
2022/23,515597,40,40,0,0,0,0,0,0,0,0,0,0,0,0,0,0,0.0,0.0,0.0,0.0,0,0,0,0,0,0.0,0.0,0.0,0.0,35,35,Bogarde,Aston Villa,MID,5.0,4.0,4.0,0.0,0.0,0.0,0.0,0,0.0,0.0,0.0,0.0,0.0,0.0,0.0,0.0,0.0,,0.0,,0.0,,0.0,,0.0,,0.0,,0.0,,0.0,,0.0,,False,False,False,True,2.0
2024/25,515597,40,39,6,473,0,0,0,11,0,0,0,2,0,0,0,22,84.8,33.3,15.0,13.3,0,0,0,30,5,0.04,0.13,0.17,9.28,35,35,Bogarde,Aston Villa,MID,5.0,4.0,3.9,-0.10000000000000009,1.5384615384615385,1.1416490486257929,12.447368421052632,0,0.0,0.0,0.007610993657505285,0.02473572938689218,0.032346723044397466,0.0,0.0,0.0,0.0,0.0,0.0,0.0,0.0,0.0,0.0,0.0,0.0,0.0,0.0,0.0,0.0,0.0,0.0,0.0,0.0,0.0,False,False,False,True,4.0
2025/26,515597,40,40,40,1042,0,0,2,17,0,0,0,5,0,0,4,121,133.0,59.4,14.0,20.6,34,43,26,60,11,0.0,0.2,0.2,15.38,35,35,Bogarde,Aston Villa,MID,5.0,4.0,4.0,0.0,10.0,3.45489443378119,27.42105263157895,0,0.0,0.0,0.0,0.01727447216890595,0.01727447216890595,0.0,0.05263157894736842,0.345489443378119,6.0,0.0,473.0,0.0,0.0,0.0,0.0,0.0,0.0,0.0,0.0,0.0,1.1416490486257929,0.0,0.007610993657505285,0.0,0.02473572938689218,0.0,False,False,False,True,5.0
2024/25,441302,50,45,57,1125,1,2,3,16,0,0,0,2,0,0,0,204,252.0,293.4,197.0,74.3,0,0,0,71,10,0.87,2.43,3.3,17.31,36,36,Maatsen,Aston Villa,DEF,4.5,5.0,4.5,-0.5,12.666666666666666,4.56,29.605263157894736,3,0.08,0.16,0.0696,0.19440000000000002,0.264,0.0,0.07894736842105263,0.0,11.0,,200.0,,0.0,,0.0,,0.0,,0.0,,4.95,,0.33299999999999996,,0.09,,True,False,False,False,4.0
2025/26,441302,45,42,54,1590,0,1,2,27,0,0,0,2,0,0,1,242,336.6,373.4,231.0,94.3,85,82,43,128,17,1.26,2.39,3.65,26.64,36,36,Maatsen,Aston Villa,DEF,4.5,4.5,4.2,-0.2999999999999998,12.857142857142856,3.0566037735849054,41.8421052631579,1,0.0,0.056603773584905655,0.07132075471698113,0.13528301886792451,0.20660377358490564,0.0,0.05263157894736842,0.056603773584905655,57.0,11.0,1125.0,200.0,1.0,0.0,2.0,0.0,3.0,0.0,0.0,0.0,4.56,4.95,0.0696,0.33299999999999996,0.19440000000000002,0.09,True,False,False,False,5.0
2018/19,184667,50,49,85,2600,1,1,6,40,1,0,0,1,0,0,9,527,533.0,75.3,118.0,72.8,0,0,0,0,0,0.0,0.0,0.0,0.0,37,37,Lindelöf,Aston Villa,DEF,4.5,5.0,4.9,-0.09999999999999964,17.346938775510203,2.942307692307692,68.42105263157895,2,0.03461538461538462,0.03461538461538462,0.0,0.0,0.0,0.0,0.15789473684210525,0.31153846153846154,47.0,,1284.0,,0.0,,0.0,,5.0,,1.0,,3.2943925233644857,,0.0,,0.0,,True,False,False,False,
2019/20,184667,55,53,116,3092,1,0,12,32,1,0,0,6,0,0,9,618,554.0,73.6,79.0,70.7,0,0,0,0,0,0.0,0.0,0.0,0.0,37,37,Lindelöf,Aston Villa,DEF,4.5,5.5,5.3,-0.20000000000000018,21.88679245283019,3.3764553686934025,81.36842105263158,1,0.029107373868046574,0.0,0.0,0.0,0.0,0.0,0.3157894736842105,0.26196636481241914,85.0,47.0,2600.0,1284.0,1.0,0.0,1.0,0.0,6.0,5.0,9.0,1.0,2.942307692307692,3.2943925233644857,0.0,0.0,0.0,0.0,True,False,False,False,
2020/21,184667,50,48,102,2585,1,1,10,30,0,0,0,0,0,0,3,527,503.0,102.6,56.0,66.4,0,0,0,0,0,0.0,0.0,0.0,0.0,37,37,Lindelöf,Aston Villa,DEF,4.5,5.0,4.8,-0.20000000000000018,21.25,3.551257253384913,68.02631578947368,2,0.03481624758220503,0.03481624758220503,0.0,0.0,0.0,0.0,0.2631578947368421,0.10444874274661509,116.0,85.0,3092.0,2600.0,1.0,1.0,0.0,1.0,12.0,6.0,9.0,9.0,3.3764553686934025,2.942307692307692,0.0,0.0,0.0,0.0,True,False,False,False,
2021/22,184667,50,48,66,2353,0,2,6,47,0,0,0,4,0,0,4,471,449.0,76.3,66.0,59.3,0,0,0,0,0,0.0,0.0,0.0,0.0,37,37,Lindelöf,Aston Villa,DEF,4.5,5.0,4.8,-0.20000000000000018,13.75,2.524436889077773,61.921052631578945,2,0.0,0.0764980875478113,0.0,0.0,0.0,0.0,0.15789473684210525,0.1529961750956226,102.0,116.0,2585.0,3092.0,1.0,1.0,1.0,0.0,10.0,12.0,3.0,9.0,3.551257253384913,3.3764553686934025,0.0,0.0,0.0,0.0,True,False,False,False,1.0
2022/23,184667,45,41,57,1359,0,0,6,16,0,0,0,1,0,0,3,327,280.4,54.7,19.0,35.6,0,0,0,0,14,0.25,0.39,0.64,19.97,37,37,Lindelöf,Aston Villa,DEF,4.5,4.5,4.1,-0.40000000000000036,13.902439024390246,3.774834437086093,35.76315789473684,0,0.0,0.0,0.016556291390728478,0.025827814569536426,0.0423841059602649,0.0,0.15789473684210525,0.19867549668874174,66.0,102.0,2353.0,2585.0,0.0,1.0,2.0,1.0,6.0,10.0,4.0,3.0,2.524436889077773,3.551257253384913,0.0,0.0,0.0,0.0,True,False,False,False,2.0
2023/24,184667,45,45,62,1328,1,1,5,16,0,0,0,2,0,0,7,291,263.8,125.9,105.0,49.6,0,0,0,0,14,0.69,0.43,1.12,25.99,37,37,Lindelöf,Aston Villa,DEF,4.5,4.5,4.5,0.0,13.777777777777779,4.201807228915662,34.94736842105263,2,0.0677710843373494,0.0677710843373494,0.04676204819277108,0.02914156626506024,0.07590361445783132,0.0,0.13157894736842105,0.47439759036144574,57.0,66.0,1359.0,2353.0,0.0,0.0,0.0,2.0,6.0,6.0,3.0,4.0,3.774834437086093,2.524436889077773,0.016556291390728478,0.0,0.025827814569536426,0.0,True,False,False,False,3.0
2024/25,184667,45,43,27,695,0,0,2,9,0,0,0,1,0,0,0,100,125.4,48.5,8.0,18.3,0,0,0,55,6,0.0,0.09,0.09,8.59,37,37,Lindelöf,Aston Villa,DEF,4.5,4.5,4.3,-0.20000000000000018,6.279069767441861,3.4964028776978417,18.289473684210527,0,0.0,0.0,0.0,0.011654676258992806,0.011654676258992806,0.0,0.05263157894736842,0.0,62.0,57.0,1328.0,1359.0,1.0,0.0,1.0,0.0,5.0,6.0,7.0,3.0,4.201807228915662,3.774834437086093,0.04676204819277108,0.016556291390728478,0.02914156626506024,0.025827814569536426,True,False,False,False,4.0
2025/26,184667,45,45,29,942,0,1,1,15,0,0,0,0,0,0,0,124,167.8,36.6,22.0,22.7,47,19,7,54,11,0.28,0.1,0.38,15.93,37,37,Lindelöf,Aston Villa,DEF,4.5,4.5,4.5,0.0,6.444444444444445,2.770700636942675,24.789473684210527,1,0.0,0.09554140127388534,0.0267515923566879,0.009554140127388535,0.03630573248407643,0.0,0.02631578947368421,0.0,27.0,62.0,695.0,1328.0,0.0,1.0,0.0,1.0,2.0,5.0,0.0,7.0,3.4964028776978417,4.201807228915662,0.0,0.04676204819277108,0.011654676258992806,0.02914156626506024,True,False,False,False,5.0
2025/26,606798,40,39,5,83,0,0,0,3,0,0,0,0,0,0,0,12,17.8,3.2,2.0,2.3,5,4,5,10,1,0.0,0.01,0.01,2.74,38,38,A.García,Aston Villa,DEF,4.0,4.0,3.9,-0.10000000000000009,1.2820512820512822,5.421686746987952,2.1842105263157894,0,0.0,0.0,0.0,0.010843373493975903,0.010843373493975903,0.0,0.0,0.0,8.0,,316.0,,0.0,,0.0,,0.0,,0.0,,2.278481012658228,,0.01139240506329114,,0.13955696202531645,,True,False,False,False,5.0
2024/25,244850,50,58,161,3115,8,11,10,40,0,0,0,10,0,0,15,534,731.6,722.7,689.0,214.3,0,0,0,193,37,6.49,5.24,11.73,43.7,40,40,Rogers,Chelsea,MID,7.5,5.0,5.8,0.7999999999999998,27.758620689655174,4.651685393258426,81.97368421052632,19,0.23113964686998392,0.3178170144462279,0.18751203852327447,0.15139646869983947,0.33890850722311394,0.0,0.2631578947368421,0.43338683788121984,35.0,,636.0,,3.0,,1.0,,2.0,,0.0,,4.952830188679245,,0.19103773584905662,,0.04669811320754717,,False,False,False,True,4.0
2025/26,244850,70,73,169,3280,10,8,9,48,0,0,0,7,0,0,17,605,746.2,706.2,871.0,232.0,49,139,42,230,37,6.84,4.32,11.16,51.55,40,40,Rogers,Chelsea,MID,7.5,7.0,7.3,0.2999999999999998,23.15068493150685,4.63719512195122,86.3157894736842,18,0.27439024390243905,0.21951219512195122,0.1876829268292683,0.11853658536585367,0.30621951219512195,0.0,0.23684210526315788,0.46646341463414637,161.0,35.0,3115.0,636.0,8.0,3.0,11.0,1.0,10.0,2.0,15.0,0.0,4.651685393258426,4.952830188679245,0.18751203852327447,0.19103773584905662,0.15139646869983947,0.04669811320754717,False,False,False,True,5.0
2021/22,195546,65,61,107,1887,4,6,7,32,0,0,0,1,0,0,8,378,482.8,660.5,531.0,167.8,0,0,0,0,0,0.0,0.0,0.0,0.0,41,41,Buendía,Aston Villa,MID,6.0,6.5,6.1,-0.40000000000000036,17.54098360655738,5.103338632750398,49.6578947368421,10,0.1907790143084261,0.28616852146263916,0.0,0.0,0.0,0.0,0.18421052631578946,0.3815580286168522,94.0,,2458.0,,1.0,,7.0,,3.0,,12.0,,3.4418226200162736,,0.0,,0.0,,False,False,False,True,1.0
2022/23,195546,60,57,117,2404,5,3,11,34,0,0,0,0,0,0,8,370,441.6,559.9,582.0,158.5,0,0,0,0,27,6.32,3.95,10.27,36.65,41,41,Buendía,Aston Villa,MID,6.0,6.0,5.7,-0.2999999999999998,20.526315789473685,4.380199667221298,63.26315789473684,8,0.18718801996672213,0.11231281198003328,0.23660565723793678,0.1478785357737105,0.3844841930116472,0.0,0.2894736842105263,0.2995008319467554,107.0,94.0,1887.0,2458.0,4.0,1.0,6.0,7.0,7.0,3.0,8.0,12.0,5.103338632750398,3.4418226200162736,0.0,0.0,0.0,0.0,False,False,False,True,2.0
2023/24,195546,60,57,0,0,0,0,0,0,0,0,0,0,0,0,0,0,0.0,0.0,0.0,0.0,0,0,0,0,0,0.0,0.0,0.0,0.0,41,41,Buendía,Aston Villa,MID,6.0,6.0,5.7,-0.2999999999999998,0.0,0.0,0.0,0,0.0,0.0,0.0,0.0,0.0,0.0,0.0,0.0,117.0,107.0,2404.0,1887.0,5.0,4.0,3.0,6.0,11.0,7.0,8.0,8.0,4.380199667221298,5.103338632750398,0.23660565723793678,0.0,0.1478785357737105,0.0,False,False,False,True,3.0
2024/25,195546,55,51,11,89,0,0,0,2,0,0,0,1,0,0,0,37,16.4,23.2,16.0,5.2,0,0,0,16,0,0.65,0.03,0.68,2.27,41,41,Buendía,Aston Villa,MID,6.0,5.5,5.1,-0.40000000000000036,2.1568627450980395,11.123595505617978,2.3421052631578947,0,0.0,0.0,0.6573033707865169,0.03033707865168539,0.6876404494382022,0.0,0.0,0.0,0.0,117.0,0.0,2404.0,0.0,5.0,0.0,3.0,0.0,11.0,0.0,8.0,0.0,4.380199667221298,0.0,0.23660565723793678,0.0,0.1478785357737105,False,False,False,True,4.0
2025/26,195546,55,53,102,1753,6,2,3,24,0,0,0,6,0,0,10,382,427.0,402.1,398.0,121.4,39,109,49,197,21,3.38,2.23,5.61,28.03,41,41,Buendía,Aston Villa,MID,6.0,5.5,5.3,-0.20000000000000018,19.245283018867926,5.236737022247576,46.13157894736842,8,0.3080433542498574,0.1026811180832858,0.173531089560753,0.11448944666286366,0.2880205362236167,0.0,0.07894736842105263,0.513405590416429,11.0,0.0,89.0,0.0,0.0,0.0,0.0,0.0,0.0,0.0,0.0,0.0,11.123595505617978,0.0,0.6573033707865169,0.0,0.03033707865168539,0.0,False,False,False,True,5.0
2019/20,166989,65,61,117,2823,3,6,12,35,0,0,0,2,0,0,5,531,566.6,805.4,502.0,187.6,0,0,0,0,0,0.0,0.0,0.0,0.0,43,43,Tielemans,Man Utd,MID,6.0,6.5,6.1,-0.40000000000000036,19.18032786885246,3.7300743889479278,74.28947368421052,9,0.09564293304994687,0.19128586609989373,0.0,0.0,0.0,0.0,0.3157894736842105,0.1594048884165781,63.0,,1087.0,,3.0,,5.0,,3.0,,6.0,,5.2161913523459065,,0.0,,0.0,,False,False,False,True,
2020/21,166989,65,64,133,3356,6,4,11,50,0,0,0,6,0,0,11,633,840.4,788.2,462.0,209.1,0,0,0,0,0,0.0,0.0,0.0,0.0,43,43,Tielemans,Man Utd,MID,6.0,6.5,6.4,-0.09999999999999964,20.78125,3.566746126340882,88.3157894736842,10,0.1609058402860548,0.1072705601907032,0.0,0.0,0.0,0.0,0.2894736842105263,0.29499404052443384,117.0,63.0,2823.0,1087.0,3.0,3.0,6.0,5.0,12.0,3.0,5.0,6.0,3.7300743889479278,5.2161913523459065,0.0,0.0,0.0,0.0,False,False,False,True,
2021/22,166989,65,64,120,2629,6,4,6,42,0,0,0,3,0,0,14,532,723.8,578.9,460.0,175.8,0,0,0,0,0,0.0,0.0,0.0,0.0,43,43,Tielemans,Man Utd,MID,6.0,6.5,6.4,-0.09999999999999964,18.75,4.108025865348041,69.1842105263158,10,0.20540129326740206,0.13693419551160135,0.0,0.0,0.0,0.0,0.15789473684210525,0.4792696842906048,133.0,117.0,3356.0,2823.0,6.0,3.0,4.0,6.0,11.0,12.0,11.0,5.0,3.566746126340882,3.7300743889479278,0.0,0.0,0.0,0.0,False,False,False,True,1.0
2022/23,166989,65,61,86,2341,3,3,6,49,0,0,1,4,0,0,6,461,541.8,486.9,191.0,122.1,0,0,0,0,27,2.5,2.99,5.49,45.82,43,43,Tielemans,Man Utd,MID,6.0,6.5,6.1,-0.40000000000000036,14.098360655737705,3.3062793677915416,61.60526315789474,6,0.11533532678342588,0.11533532678342588,0.09611277231952156,0.1149508756941478,0.21106364801366936,0.0,0.15789473684210525,0.23067065356685176,120.0,133.0,2629.0,3356.0,6.0,6.0,4.0,4.0,6.0,11.0,14.0,11.0,4.108025865348041,3.566746126340882,0.0,0.0,0.0,0.0,False,False,False,True,2.0
2023/24,166989,60,56,77,1613,2,6,4,27,0,0,0,3,0,0,2,318,369.2,325.4,136.0,83.3,0,0,0,0,17,1.24,1.98,3.22,31.07,43,43,Tielemans,Man Utd,MID,6.0,6.0,5.6,-0.40000000000000036,13.75,4.296342219466832,42.44736842105263,8,0.1115933044017359,0.3347799132052077,0.06918784872907625,0.11047737135771854,0.1796652200867948,0.0,0.10526315789473684,0.1115933044017359,86.0,120.0,2341.0,2629.0,3.0,6.0,3.0,4.0,6.0,6.0,6.0,14.0,3.3062793677915416,4.108025865348041,0.09611277231952156,0.0,0.1149508756941478,0.0,False,False,False,True,3.0
2024/25,166989,55,55,121,3025,3,7,7,46,0,0,1,4,0,0,15,686,799.6,963.1,333.0,209.6,0,0,0,314,35,3.31,5.83,9.14,43.87,43,43,Tielemans,Man Utd,MID,6.0,5.5,5.5,0.0,22.0,3.5999999999999996,79.60526315789474,10,0.08925619834710743,0.20826446280991734,0.0984793388429752,0.17345454545454544,0.27193388429752063,0.0,0.18421052631578946,0.44628099173553715,77.0,86.0,1613.0,2341.0,2.0,3.0,6.0,3.0,4.0,6.0,2.0,6.0,4.296342219466832,3.3062793677915416,0.06918784872907625,0.09611277231952156,0.11047737135771854,0.1149508756941478,False,False,False,True,4.0
2025/26,166989,60,59,68,1857,0,4,4,27,0,0,0,0,0,0,3,417,432.0,513.6,184.0,113.1,51,94,58,203,21,1.14,3.26,4.4,31.34,43,43,Tielemans,Man Utd,MID,6.0,6.0,5.9,-0.09999999999999964,11.525423728813559,3.295638126009693,48.86842105263158,4,0.0,0.1938610662358643,0.05525040387722132,0.1579967689822294,0.21324717285945075,0.0,0.10526315789473684,0.14539579967689822,121.0,77.0,3025.0,1613.0,3.0,2.0,7.0,6.0,7.0,4.0,15.0,2.0,3.5999999999999996,4.296342219466832,0.0984793388429752,0.06918784872907625,0.17345454545454544,0.11047737135771854,False,False,False,True,5.0
2022/23,215711,50,43,100,1964,4,5,8,32,0,0,0,4,0,0,6,242,339.6,452.8,540.0,132.8,0,0,0,0,26,5.34,4.77,10.11,35.15,44,44,Bailey,Aston Villa,MID,5.5,5.0,4.3,-0.7000000000000002,23.255813953488374,4.582484725050916,51.68421052631579,9,0.18329938900203666,0.22912423625254583,0.24470468431771894,0.2185845213849287,0.46328920570264764,0.0,0.21052631578947367,0.27494908350305497,37.0,,750.0,,1.0,,3.0,,2.0,,1.0,,4.4399999999999995,,0.0,,0.0,,False,False,False,True,2.0
2023/24,215711,55,54,148,2063,10,11,5,32,0,0,0,5,0,0,11,482,663.2,707.1,623.0,199.1,0,0,0,0,22,6.29,7.17,13.46,36.17,44,44,Bailey,Aston Villa,MID,5.5,5.5,5.4,-0.09999999999999964,27.407407407407405,6.456616577799322,54.28947368421053,21,0.43625787687833256,0.4798836645661658,0.2744062045564712,0.31279689772176444,0.5872031022782357,0.0,0.13157894736842105,0.4798836645661658,100.0,37.0,1964.0,750.0,4.0,1.0,5.0,3.0,8.0,2.0,6.0,1.0,4.582484725050916,4.4399999999999995,0.24470468431771894,0.0,0.2185845213849287,0.0,False,False,False,True,3.0
2024/25,215711,65,62,47,1132,1,2,2,19,0,0,0,3,0,0,2,174,146.4,235.8,325.0,70.3,0,0,0,77,14,1.73,2.92,4.65,13.91,44,44,Bailey,Aston Villa,MID,5.5,6.5,6.2,-0.2999999999999998,7.580645161290322,3.7367491166077738,29.789473684210527,3,0.07950530035335689,0.15901060070671377,0.13754416961130742,0.23215547703180212,0.36969964664310956,0.0,0.05263157894736842,0.15901060070671377,148.0,100.0,2063.0,1964.0,10.0,4.0,11.0,5.0,5.0,8.0,11.0,6.0,6.456616577799322,4.582484725050916,0.2744062045564712,0.24470468431771894,0.31279689772176444,0.2185845213849287,False,False,False,True,4.0
2025/26,215711,55,55,21,450,0,2,0,9,0,0,0,1,0,0,0,69,71.2,160.4,69.0,30.1,7,31,10,48,3,0.5,1.46,1.96,7.03,44,44,Bailey,Aston Villa,MID,5.5,5.5,5.5,0.0,3.8181818181818183,4.2,11.842105263157896,2,0.0,0.4,0.1,0.292,0.392,0.0,0.0,0.0,47.0,148.0,1132.0,2063.0,1.0,10.0,2.0,11.0,2.0,5.0,2.0,11.0,3.7367491166077738,6.456616577799322,0.13754416961130742,0.2744062045564712,0.23215547703180212,0.31279689772176444,False,False,False,True,5.0
2020/21,122806,55,55,114,3330,3,7,14,46,0,0,0,12,0,0,2,492,579.0,600.5,361.0,154.1,0,0,0,0,0,0.0,0.0,0.0,0.0,45,45,McGinn,Aston Villa,MID,5.5,5.5,5.5,0.0,20.727272727272727,3.081081081081081,87.63157894736842,10,0.08108108108108109,0.1891891891891892,0.0,0.0,0.0,0.0,0.3684210526315789,0.05405405405405406,84.0,,2312.0,,3.0,,3.0,,6.0,,4.0,,3.269896193771626,,0.0,,0.0,,False,False,False,True,
2021/22,122806,60,56,110,3090,3,4,10,48,0,0,0,8,0,0,12,495,700.2,777.8,307.0,178.6,0,0,0,0,0,0.0,0.0,0.0,0.0,45,45,McGinn,Aston Villa,MID,5.5,6.0,5.6,-0.40000000000000036,19.642857142857142,3.203883495145631,81.3157894736842,7,0.08737864077669902,0.11650485436893203,0.0,0.0,0.0,0.0,0.2631578947368421,0.3495145631067961,114.0,84.0,3330.0,2312.0,3.0,3.0,7.0,3.0,14.0,6.0,2.0,4.0,3.081081081081081,3.269896193771626,0.0,0.0,0.0,0.0,False,False,False,True,1.0
2022/23,122806,55,51,90,2692,1,5,10,31,0,0,0,7,0,0,3,354,382.0,353.6,347.0,108.3,0,0,0,0,30,2.4,3.33,5.73,37.73,45,45,McGinn,Aston Villa,MID,5.5,5.5,5.1,-0.40000000000000036,17.647058823529413,3.0089153046062407,70.84210526315789,6,0.033432392273402674,0.16716196136701336,0.08023774145616641,0.11132986627043091,0.19156760772659734,0.0,0.2631578947368421,0.10029717682020803,110.0,114.0,3090.0,3330.0,3.0,3.0,4.0,7.0,10.0,14.0,12.0,2.0,3.203883495145631,3.081081081081081,0.0,0.0,0.0,0.0,False,False,False,True,2.0
2023/24,122806,55,53,119,3000,6,5,7,54,0,0,0,9,1,0,9,502,640.4,690.7,360.0,169.4,0,0,0,0,35,5.01,4.99,10.0,49.85,45,45,McGinn,Aston Villa,MID,5.5,5.5,5.3,-0.20000000000000018,22.452830188679247,3.57,78.94736842105263,11,0.18,0.15,0.1503,0.1497,0.3,0.0,0.18421052631578946,0.26999999999999996,90.0,110.0,2692.0,3090.0,1.0,3.0,5.0,4.0,10.0,10.0,3.0,12.0,3.0089153046062407,3.203883495145631,0.08023774145616641,0.0,0.11132986627043091,0.0,False,False,False,True,3.0
2024/25,122806,55,52,78,2217,1,4,8,34,0,0,0,7,0,0,1,360,277.2,500.6,263.0,103.7,0,0,0,163,27,3.1,2.7,5.8,35.03,45,45,McGinn,Aston Villa,MID,5.5,5.5,5.2,-0.2999999999999998,15.0,3.1664411366711773,58.3421052631579,5,0.04059539918809202,0.16238159675236807,0.12584573748308525,0.10960757780784845,0.2354533152909337,0.0,0.21052631578947367,0.04059539918809202,119.0,90.0,3000.0,2692.0,6.0,1.0,5.0,5.0,7.0,10.0,9.0,3.0,3.57,3.0089153046062407,0.1503,0.08023774145616641,0.1497,0.11132986627043091,False,False,False,True,4.0
2025/26,122806,55,53,103,2136,5,4,8,28,0,0,0,5,0,0,6,443,459.8,605.3,309.0,137.3,32,89,29,150,28,3.0,4.11,7.11,33.08,45,45,McGinn,Aston Villa,MID,5.5,5.5,5.3,-0.20000000000000018,19.433962264150946,4.339887640449438,56.21052631578947,9,0.21067415730337077,0.16853932584269662,0.12640449438202248,0.1731741573033708,0.29957865168539327,0.0,0.21052631578947367,0.25280898876404495,78.0,119.0,2217.0,3000.0,1.0,6.0,4.0,5.0,8.0,7.0,1.0,9.0,3.1664411366711773,3.57,0.12584573748308525,0.1503,0.10960757780784845,0.1497,False,False,False,True,5.0
2011/12,88894,50,46,7,216,0,0,0,2,0,0,0,0,0,0,0,0,0.0,0.0,0.0,0.0,0,0,0,0,0,0.0,0.0,0.0,0.0,46,46,Barkley,Aston Villa,MID,5.0,5.0,4.6,-0.40000000000000036,1.5217391304347827,2.916666666666667,5.684210526315789,0,0.0,0.0,0.0,0.0,0.0,0.0,0.0,0.0,0.0,,0.0,,0.0,,0.0,,0.0,,0.0,,0.0,,0.0,,0.0,,False,False,False,True,
2012/13,88894,45,41,7,209,0,0,1,1,0,0,0,2,0,0,0,0,0.0,0.0,0.0,0.0,0,0,0,0,0,0.0,0.0,0.0,0.0,46,46,Barkley,Aston Villa,MID,5.0,4.5,4.1,-0.40000000000000036,1.707317073170732,3.014354066985646,5.5,0,0.0,0.0,0.0,0.0,0.0,0.0,0.02631578947368421,0.0,7.0,0.0,216.0,0.0,0.0,0.0,0.0,0.0,0.0,0.0,0.0,0.0,2.916666666666667,0.0,0.0,0.0,0.0,0.0,False,False,False,True,
2013/14,88894,45,52,112,2288,6,4,7,33,0,0,0,5,0,0,12,116,0.0,0.0,0.0,0.0,0,0,0,0,0,0.0,0.0,0.0,0.0,46,46,Barkley,Aston Villa,MID,5.0,4.5,5.2,0.7000000000000002,21.538461538461537,4.405594405594406,60.21052631578947,10,0.23601398601398602,0.15734265734265734,0.0,0.0,0.0,0.0,0.18421052631578946,0.47202797202797203,7.0,7.0,209.0,216.0,0.0,0.0,0.0,0.0,1.0,0.0,0.0,0.0,3.014354066985646,2.916666666666667,0.0,0.0,0.0,0.0,False,False,False,True,
2014/15,88894,70,66,75,1961,2,3,7,22,0,0,1,1,0,0,3,356,0.0,0.0,0.0,0.0,0,0,0,0,0,0.0,0.0,0.0,0.0,46,46,Barkley,Aston Villa,MID,5.0,7.0,6.6,-0.40000000000000036,11.363636363636365,3.4421213666496686,51.60526315789474,5,0.09178990311065784,0.13768485466598676,0.0,0.0,0.0,0.0,0.18421052631578946,0.13768485466598676,112.0,7.0,2288.0,209.0,6.0,0.0,4.0,0.0,7.0,1.0,12.0,0.0,4.405594405594406,3.014354066985646,0.0,0.0,0.0,0.0,False,False,False,True,
2015/16,88894,65,71,158,3076,8,9,9,51,0,0,0,4,0,0,14,652,0.0,0.0,0.0,0.0,0,0,0,0,0,0.0,0.0,0.0,0.0,46,46,Barkley,Aston Villa,MID,5.0,6.5,7.1,0.5999999999999996,22.253521126760564,4.622886866059818,80.94736842105263,17,0.2340702210663199,0.2633289986996099,0.0,0.0,0.0,0.0,0.23684210526315788,0.4096228868660598,75.0,112.0,1961.0,2288.0,2.0,6.0,3.0,4.0,7.0,7.0,3.0,12.0,3.4421213666496686,4.405594405594406,0.0,0.0,0.0,0.0,False,False,False,True,
2016/17,88894,75,70,144,2900,5,11,12,36,0,0,0,5,0,0,11,534,692.4,1237.6,973.0,290.3,0,0,0,0,0,0.0,0.0,0.0,0.0,46,46,Barkley,Aston Villa,MID,5.0,7.5,7.0,-0.5,20.571428571428573,4.468965517241379,76.3157894736842,16,0.15517241379310345,0.3413793103448276,0.0,0.0,0.0,0.0,0.3157894736842105,0.3413793103448276,158.0,75.0,3076.0,1961.0,8.0,2.0,9.0,3.0,9.0,7.0,14.0,3.0,4.622886866059818,3.4421213666496686,0.0,0.0,0.0,0.0,False,False,False,True,
2017/18,88894,75,73,3,129,0,0,0,4,0,0,0,0,0,0,0,11,21.0,34.7,45.0,10.1,0,0,0,0,0,0.0,0.0,0.0,0.0,46,46,Barkley,Aston Villa,MID,5.0,7.5,7.3,-0.20000000000000018,0.4109589041095891,2.0930232558139537,3.3947368421052633,0,0.0,0.0,0.0,0.0,0.0,0.0,0.0,0.0,144.0,158.0,2900.0,3076.0,5.0,8.0,11.0,9.0,12.0,9.0,11.0,14.0,4.468965517241379,4.622886866059818,0.0,0.0,0.0,0.0,False,False,False,True,
2018/19,88894,60,50,79,1231,3,5,7,13,0,0,0,1,0,0,5,300,324.0,349.0,429.0,110.0,0,0,0,0,0,0.0,0.0,0.0,0.0,46,46,Barkley,Aston Villa,MID,5.0,6.0,5.0,-1.0,15.8,5.775792038992689,32.39473684210526,8,0.21933387489845654,0.36555645816409427,0.0,0.0,0.0,0.0,0.18421052631578946,0.36555645816409427,3.0,144.0,129.0,2900.0,0.0,5.0,0.0,11.0,0.0,12.0,0.0,11.0,2.0930232558139537,4.468965517241379,0.0,0.0,0.0,0.0,False,False,False,True,
2019/20,88894,60,56,61,1095,1,5,5,14,0,0,0,0,0,0,5,208,266.0,344.3,373.0,98.2,0,0,0,0,0,0.0,0.0,0.0,0.0,46,46,Barkley,Aston Villa,MID,5.0,6.0,5.6,-0.40000000000000036,10.892857142857144,5.013698630136987,28.81578947368421,6,0.08219178082191782,0.4109589041095891,0.0,0.0,0.0,0.0,0.13157894736842105,0.4109589041095891,79.0,3.0,1231.0,129.0,3.0,0.0,5.0,0.0,7.0,0.0,5.0,0.0,5.775792038992689,2.0930232558139537,0.0,0.0,0.0,0.0,False,False,False,True,
2020/21,88894,60,58,76,1566,3,2,8,24,0,0,0,0,0,0,4,286,274.2,579.3,431.0,128.6,0,0,0,0,0,0.0,0.0,0.0,0.0,46,46,Barkley,Aston Villa,MID,5.0,6.0,5.8,-0.20000000000000018,13.10344827586207,4.367816091954023,41.21052631578947,5,0.1724137931034483,0.1149425287356322,0.0,0.0,0.0,0.0,0.21052631578947367,0.2298850574712644,61.0,79.0,1095.0,1231.0,1.0,3.0,5.0,5.0,5.0,7.0,5.0,5.0,5.013698630136987,5.775792038992689,0.0,0.0,0.0,0.0,False,False,False,True,
2021/22,88894,55,52,14,174,1,0,1,2,0,0,0,0,0,0,1,43,61.4,117.7,87.0,26.7,0,0,0,0,0,0.0,0.0,0.0,0.0,46,46,Barkley,Aston Villa,MID,5.0,5.5,5.2,-0.2999999999999998,2.692307692307692,7.241379310344827,4.578947368421052,1,0.5172413793103449,0.0,0.0,0.0,0.0,0.0,0.02631578947368421,0.5172413793103449,76.0,61.0,1566.0,1095.0,3.0,1.0,2.0,5.0,8.0,5.0,4.0,5.0,4.367816091954023,5.013698630136987,0.0,0.0,0.0,0.0,False,False,False,True,1.0
2022/23,88894,50,49,0,0,0,0,0,0,0,0,0,0,0,0,0,0,0.0,0.0,0.0,0.0,0,0,0,0,0,0.0,0.0,0.0,0.0,46,46,Barkley,Aston Villa,MID,5.0,5.0,4.9,-0.09999999999999964,0.0,0.0,0.0,0,0.0,0.0,0.0,0.0,0.0,0.0,0.0,0.0,14.0,76.0,174.0,1566.0,1.0,3.0,0.0,2.0,1.0,8.0,1.0,4.0,7.241379310344827,4.367816091954023,0.0,0.0,0.0,0.0,False,False,False,True,2.0
2023/24,88894,50,45,101,2616,5,5,2,66,0,0,0,6,0,0,4,498,687.4,622.8,379.0,168.7,0,0,0,0,30,3.91,2.73,6.64,60.84,46,46,Barkley,Aston Villa,MID,5.0,5.0,4.5,-0.5,22.444444444444443,3.4747706422018347,68.84210526315789,10,0.1720183486238532,0.1720183486238532,0.13451834862385323,0.09392201834862385,0.22844036697247705,0.0,0.05263157894736842,0.13761467889908258,0.0,14.0,0.0,174.0,0.0,1.0,0.0,0.0,0.0,1.0,0.0,1.0,0.0,7.241379310344827,0.0,0.0,0.0,0.0,False,False,False,True,3.0
2024/25,88894,55,52,44,567,3,1,1,10,0,0,0,3,0,0,5,166,215.4,128.1,206.0,54.8,0,0,0,75,3,1.79,0.43,2.22,6.32,46,46,Barkley,Aston Villa,MID,5.0,5.5,5.2,-0.2999999999999998,8.461538461538462,6.984126984126984,14.921052631578947,4,0.4761904761904762,0.15873015873015872,0.2841269841269841,0.06825396825396826,0.3523809523809524,0.0,0.02631578947368421,0.7936507936507937,101.0,0.0,2616.0,0.0,5.0,0.0,5.0,0.0,2.0,0.0,4.0,0.0,3.4747706422018347,0.0,0.13451834862385323,0.0,0.09392201834862385,0.0,False,False,False,True,4.0
2025/26,88894,50,48,56,844,3,2,1,15,0,0,0,1,0,0,5,221,227.8,162.3,191.0,58.1,15,45,14,74,7,1.58,1.26,2.84,13.2,46,46,Barkley,Aston Villa,MID,5.0,5.0,4.8,-0.20000000000000018,11.666666666666668,5.971563981042654,22.210526315789473,5,0.31990521327014215,0.21327014218009477,0.16848341232227487,0.13436018957345972,0.30284360189573456,0.0,0.02631578947368421,0.533175355450237,44.0,101.0,567.0,2616.0,3.0,5.0,1.0,5.0,1.0,2.0,5.0,4.0,6.984126984126984,3.4747706422018347,0.2841269841269841,0.13451834862385323,0.06825396825396826,0.09392201834862385,False,False,False,True,5.0
2023/24,226944,50,50,40,1653,0,1,7,22,0,0,0,7,1,0,1,247,256.2,292.7,44.0,59.1,0,0,0,0,20,0.13,1.39,1.52,24.68,47,47,Kamara,Aston Villa,MID,5.0,5.0,5.0,0.0,8.0,2.1778584392014517,43.5,1,0.0,0.0544464609800363,0.0070780399274047185,0.07568058076225044,0.08275862068965517,0.0,0.18421052631578946,0.0544464609800363,44.0,,1773.0,,0.0,,1.0,,3.0,,0.0,,2.233502538071066,,0.007614213197969543,,0.0467005076142132,,False,False,False,True,3.0
2024/25,226944,50,50,57,1720,1,0,6,22,0,0,0,2,0,0,3,296,326.6,191.0,83.0,60.2,0,0,0,210,20,0.82,0.83,1.65,23.03,47,47,Kamara,Aston Villa,MID,5.0,5.0,5.0,0.0,11.4,2.9825581395348837,45.26315789473684,1,0.05232558139534884,0.0,0.042906976744186046,0.043430232558139534,0.08633720930232558,0.0,0.15789473684210525,0.1569767441860465,40.0,44.0,1653.0,1773.0,0.0,0.0,1.0,1.0,7.0,3.0,1.0,0.0,2.1778584392014517,2.233502538071066,0.0070780399274047185,0.007614213197969543,0.07568058076225044,0.0467005076142132,False,False,False,True,4.0
2025/26,226944,50,49,61,1410,1,3,5,15,0,0,0,5,0,0,7,282,325.0,241.3,75.0,64.2,46,65,38,149,17,0.53,0.84,1.36,20.8,47,47,Kamara,Aston Villa,MID,5.0,5.0,4.9,-0.09999999999999964,12.448979591836734,3.893617021276596,37.10526315789474,4,0.06382978723404256,0.19148936170212766,0.033829787234042556,0.05361702127659575,0.08680851063829788,0.0,0.13157894736842105,0.4468085106382979,57.0,40.0,1720.0,1653.0,1.0,0.0,0.0,1.0,6.0,7.0,3.0,1.0,2.9825581395348837,2.1778584392014517,0.042906976744186046,0.0070780399274047185,0.043430232558139534,0.07568058076225044,False,False,False,True,5.0
2023/24,449871,50,47,66,2085,2,0,5,38,0,0,0,5,0,0,5,304,354.0,282.7,254.0,89.5,0,0,0,0,23,2.22,1.39,3.61,36.94,48,48,Onana,Aston Villa,MID,5.0,5.0,4.7,-0.2999999999999998,14.042553191489361,2.8489208633093526,54.86842105263158,2,0.08633093525179855,0.0,0.09582733812949641,0.05999999999999999,0.1558273381294964,0.0,0.13157894736842105,0.2158273381294964,77.0,,2486.0,,1.0,,3.0,,9.0,,2.0,,2.787610619469026,,0.10679806918744972,,0.06009654062751407,,False,False,False,True,3.0
2024/25,449871,50,48,65,1613,3,0,6,23,0,0,0,4,0,0,5,324,358.0,194.8,215.0,77.0,0,0,0,200,20,2.12,0.84,2.96,23.66,48,48,Onana,Aston Villa,MID,5.0,5.0,4.8,-0.20000000000000018,13.541666666666668,3.6267823930564167,42.44736842105263,3,0.16738995660260386,0.0,0.11828890266584006,0.04686918784872908,0.16515809051456914,0.0,0.15789473684210525,0.2789832610043398,66.0,77.0,2085.0,2486.0,2.0,1.0,0.0,3.0,5.0,9.0,5.0,2.0,2.8489208633093526,2.787610619469026,0.09582733812949641,0.10679806918744972,0.05999999999999999,0.06009654062751407,False,False,False,True,4.0
2025/26,449871,50,48,76,1755,2,0,6,26,0,0,0,3,0,0,4,353,413.2,152.6,178.0,74.4,99,72,48,219,21,1.68,0.69,2.37,28.53,48,48,Onana,Aston Villa,MID,5.0,5.0,4.8,-0.20000000000000018,15.833333333333334,3.8974358974358974,46.18421052631579,2,0.10256410256410256,0.0,0.08615384615384615,0.03538461538461538,0.12153846153846154,0.0,0.15789473684210525,0.20512820512820512,65.0,66.0,1613.0,2085.0,3.0,2.0,0.0,0.0,6.0,5.0,5.0,5.0,3.6267823930564167,2.8489208633093526,0.11828890266584006,0.09582733812949641,0.04686918784872908,0.05999999999999999,False,False,False,True,5.0
2025/26,469247,55,55,0,0,0,0,0,0,0,0,0,0,0,0,0,0,0.0,0.0,0.0,0.0,0,0,0,0,0,0.0,0.0,0.0,0.0,49,49,Iling Jr,Aston Villa,MID,5.0,5.5,5.5,0.0,0.0,0.0,0.0,0,0.0,0.0,0.0,0.0,0.0,0.0,0.0,0.0,0.0,,0.0,,0.0,,0.0,,0.0,,0.0,,0.0,,0.0,,0.0,,False,False,False,True,5.0
2023/24,448089,50,49,75,2646,2,2,4,51,0,0,0,11,0,0,3,359,493.2,372.3,196.0,106.1,0,0,0,0,32,1.82,1.76,3.58,53.05,54,54,Gomes,Aston Villa,MID,5.5,5.0,4.9,-0.09999999999999964,15.306122448979592,2.5510204081632653,69.63157894736842,4,0.06802721088435375,0.06802721088435375,0.06190476190476191,0.0598639455782313,0.1217687074829932,0.0,0.10526315789473684,0.10204081632653061,21.0,,649.0,,1.0,,0.0,,2.0,,2.0,,2.9121725731895225,,0.04160246533127889,,0.015254237288135594,,False,False,False,True,3.0
2024/25,448089,50,49,87,2975,3,1,6,59,0,0,0,9,1,0,7,489,513.4,428.9,231.0,117.3,0,0,0,377,35,2.94,2.61,5.55,49.5,54,54,Gomes,Aston Villa,MID,5.5,5.0,4.9,-0.09999999999999964,17.755102040816325,2.6319327731092437,78.28947368421052,4,0.0907563025210084,0.030252100840336135,0.08894117647058823,0.0789579831932773,0.16789915966386554,0.0,0.15789473684210525,0.21176470588235294,75.0,21.0,2646.0,649.0,2.0,1.0,2.0,0.0,4.0,2.0,3.0,2.0,2.5510204081632653,2.9121725731895225,0.06190476190476191,0.04160246533127889,0.0598639455782313,0.015254237288135594,False,False,False,True,4.0
2025/26,448089,55,53,107,2829,1,2,4,56,0,0,0,10,0,0,6,529,486.6,353.4,176.0,102.0,87,193,107,387,32,1.29,2.09,3.38,48.6,54,54,Gomes,Aston Villa,MID,5.5,5.5,5.3,-0.20000000000000018,20.18867924528302,3.4040296924708375,74.44736842105263,3,0.031813361611876985,0.06362672322375397,0.04103923647932132,0.0664899257688229,0.10752916224814421,0.0,0.10526315789473684,0.19088016967126192,87.0,75.0,2975.0,2646.0,3.0,2.0,1.0,2.0,6.0,4.0,7.0,3.0,2.6319327731092437,2.5510204081632653,0.08894117647058823,0.06190476190476191,0.0789579831932773,0.0598639455782313,False,False,False,True,5.0
2021/22,178301,75,75,131,2950,11,3,10,48,0,0,0,7,0,0,17,441,613.8,469.6,1345.0,242.9,0,0,0,0,0,0.0,0.0,0.0,0.0,55,55,Watkins,Aston Villa,FWD,8.0,7.5,7.5,0.0,17.466666666666665,3.9966101694915253,77.63157894736842,14,0.33559322033898303,0.09152542372881356,0.0,0.0,0.0,0.0,0.2631578947368421,0.5186440677966102,168.0,,3328.0,,14.0,,9.0,,14.0,,18.0,,4.543269230769231,,0.0,,0.0,,False,True,False,False,1.0
2022/23,178301,75,73,175,3129,15,8,13,40,0,0,1,4,0,0,25,550,837.6,420.3,1308.0,256.7,0,0,0,0,36,16.15,2.66,18.81,46.65,55,55,Watkins,Aston Villa,FWD,8.0,7.5,7.3,-0.20000000000000018,23.972602739726028,5.033557046979866,82.34210526315789,23,0.4314477468839885,0.23010546500479387,0.4645254074784276,0.07651006711409397,0.5410354745925215,0.0,0.34210526315789475,0.7190795781399808,131.0,168.0,2950.0,3328.0,11.0,14.0,3.0,9.0,10.0,14.0,17.0,18.0,3.9966101694915253,4.543269230769231,0.0,0.0,0.0,0.0,False,True,False,False,2.0
2023/24,178301,80,89,228,3222,19,18,7,56,0,0,0,4,0,0,29,752,1024.6,588.5,1420.0,302.8,0,0,0,0,37,16.74,4.02,20.76,55.05,55,55,Watkins,Aston Villa,FWD,8.0,8.0,8.9,0.9000000000000004,25.617977528089888,6.368715083798883,84.78947368421052,37,0.5307262569832403,0.5027932960893855,0.46759776536312847,0.11229050279329608,0.5798882681564247,0.0,0.18421052631578946,0.8100558659217878,175.0,131.0,3129.0,2950.0,15.0,11.0,8.0,3.0,13.0,10.0,25.0,17.0,5.033557046979866,3.9966101694915253,0.4645254074784276,0.0,0.07651006711409397,0.0,False,True,False,False,3.0
2024/25,178301,90,92,186,2593,16,8,10,40,0,0,0,2,0,0,32,631,766.0,345.2,1148.0,223.8,0,0,0,78,31,15.12,2.07,17.19,38.62,55,55,Watkins,Aston Villa,FWD,8.0,9.0,9.2,0.1999999999999993,20.217391304347828,6.455842653297339,68.23684210526316,24,0.5553413035094485,0.2776706517547243,0.5247975318164289,0.0718472811415349,0.5966448129579638,0.0,0.2631578947368421,1.110682607018897,228.0,175.0,3222.0,3129.0,19.0,15.0,18.0,8.0,7.0,13.0,29.0,25.0,6.368715083798883,5.033557046979866,0.46759776536312847,0.4645254074784276,0.11229050279329608,0.07651006711409397,False,True,False,False,4.0
2025/26,178301,90,87,167,2833,16,4,9,38,0,0,0,4,0,0,26,623,720.2,330.9,1206.0,225.2,23,49,22,94,33,15.4,1.18,16.58,43.39,55,55,Watkins,Aston Villa,FWD,8.0,9.0,8.7,-0.3000000000000007,19.195402298850578,5.305330038828098,74.55263157894737,20,0.5082950935404165,0.12707377338510412,0.4892340275326509,0.03748676314860572,0.5267207906812565,0.0,0.23684210526315788,0.8259795270031769,186.0,228.0,2593.0,3222.0,16.0,19.0,8.0,18.0,10.0,7.0,32.0,29.0,6.455842653297339,6.368715083798883,0.5247975318164289,0.46759776536312847,0.0718472811415349,0.11229050279329608,False,True,False,False,5.0
2017/18,173879,55,54,86,1715,5,3,4,31,0,0,0,0,0,0,11,238,269.2,182.6,693.0,114.2,0,0,0,0,0,0.0,0.0,0.0,0.0,56,56,Abraham,Aston Villa,FWD,5.5,5.5,5.4,-0.09999999999999964,15.925925925925926,4.513119533527696,45.13157894736842,8,0.26239067055393583,0.1574344023323615,0.0,0.0,0.0,0.0,0.10526315789473684,0.5772594752186588,2.0,,55.0,,0.0,,0.0,,0.0,,0.0,,3.2727272727272725,,0.0,,0.0,,False,True,False,False,
2018/19,173879,55,54,0,0,0,0,0,0,0,0,0,0,0,0,0,0,0.0,0.0,0.0,0.0,0,0,0,0,0,0.0,0.0,0.0,0.0,56,56,Abraham,Aston Villa,FWD,5.5,5.5,5.4,-0.09999999999999964,0.0,0.0,0.0,0,0.0,0.0,0.0,0.0,0.0,0.0,0.0,0.0,86.0,2.0,1715.0,55.0,5.0,0.0,3.0,0.0,4.0,0.0,11.0,0.0,4.513119533527696,3.2727272727272725,0.0,0.0,0.0,0.0,False,True,False,False,
2019/20,173879,70,73,153,2206,15,6,7,34,1,0,0,2,0,0,20,461,659.6,283.2,1301.0,223.3,0,0,0,0,0,0.0,0.0,0.0,0.0,56,56,Abraham,Aston Villa,FWD,5.5,7.0,7.3,0.2999999999999998,20.958904109589042,6.242067089755213,58.05263157894737,21,0.6119673617407071,0.24478694469628284,0.0,0.0,0.0,0.0,0.18421052631578946,0.8159564823209429,0.0,86.0,0.0,1715.0,0.0,5.0,0.0,3.0,0.0,4.0,0.0,11.0,0.0,4.513119533527696,0.0,0.0,0.0,0.0,False,True,False,False,
2020/21,173879,75,71,69,1031,6,2,5,12,0,0,0,0,0,0,8,224,277.2,121.6,483.0,86.6,0,0,0,0,0,0.0,0.0,0.0,0.0,56,56,Abraham,Aston Villa,FWD,5.5,7.5,7.1,-0.40000000000000036,9.71830985915493,6.023278370514064,27.13157894736842,8,0.5237633365664404,0.1745877788554801,0.0,0.0,0.0,0.0,0.13157894736842105,0.6983511154219204,153.0,0.0,2206.0,0.0,15.0,0.0,6.0,0.0,7.0,0.0,20.0,0.0,6.242067089755213,0.0,0.0,0.0,0.0,0.0,False,True,False,False,
2021/22,173879,65,65,0,0,0,0,0,0,0,0,0,0,0,0,0,0,0.0,0.0,0.0,0.0,0,0,0,0,0,0.0,0.0,0.0,0.0,56,56,Abraham,Aston Villa,FWD,5.5,6.5,6.5,0.0,0.0,0.0,0.0,0,0.0,0.0,0.0,0.0,0.0,0.0,0.0,0.0,69.0,153.0,1031.0,2206.0,6.0,15.0,2.0,6.0,5.0,7.0,8.0,20.0,6.023278370514064,6.242067089755213,0.0,0.0,0.0,0.0,False,True,False,False,1.0
2025/26,173879,60,57,23,278,2,0,0,8,0,0,0,0,0,0,2,93,87.2,49.2,136.0,27.1,3,6,4,13,2,2.05,0.36,2.41,5.12,56,56,Abraham,Aston Villa,FWD,5.5,6.0,5.7,-0.2999999999999998,4.035087719298246,7.446043165467626,7.315789473684211,2,0.6474820143884892,0.0,0.6636690647482013,0.11654676258992805,0.7802158273381296,0.0,0.0,0.6474820143884892,0.0,69.0,0.0,1031.0,0.0,6.0,0.0,2.0,0.0,5.0,0.0,8.0,0.0,6.023278370514064,0.0,0.0,0.0,0.0,False,True,False,False,5.0
2024/25,457569,45,44,0,0,0,0,0,0,0,0,0,0,0,0,0,0,0.0,0.0,0.0,0.0,0,0,0,0,0,0.0,0.0,0.0,0.0,57,57,Petrović,Bournemouth,GKP,4.5,4.5,4.4,-0.09999999999999964,0.0,0.0,0.0,0,0.0,0.0,0.0,0.0,0.0,0.0,0.0,0.0,71.0,,1986.0,,0.0,,0.0,,5.0,,5.0,,3.217522658610272,,0.0,,0.0,,False,False,True,False,4.0
2025/26,457569,45,46,124,3420,0,0,11,54,1,0,0,3,0,109,5,512,822.6,0.0,0.0,82.4,62,285,0,0,38,0.0,0.0,0.0,56.72,57,57,Petrović,Bournemouth,GKP,4.5,4.5,4.6,0.09999999999999964,26.956521739130437,3.263157894736842,90.0,0,0.0,0.0,0.0,0.0,0.0,2.8684210526315788,0.2894736842105263,0.13157894736842105,0.0,71.0,0.0,1986.0,0.0,0.0,0.0,0.0,0.0,5.0,0.0,5.0,0.0,3.217522658610272,0.0,0.0,0.0,0.0,False,False,True,False,5.0
2008/09,40383,40,40,0,0,0,0,0,0,0,0,0,0,0,0,0,0,0.0,0.0,0.0,0.0,0,0,0,0,0,0.0,0.0,0.0,0.0,58,58,Forster,Bournemouth,GKP,4.0,4.0,4.0,0.0,0.0,0.0,0.0,0,0.0,0.0,0.0,0.0,0.0,0.0,0.0,0.0,0.0,,0.0,,0.0,,0.0,,0.0,,0.0,,0.0,,0.0,,0.0,,False,False,True,False,
2011/12,40383,45,42,0,0,0,0,0,0,0,0,0,0,0,0,0,0,0.0,0.0,0.0,0.0,0,0,0,0,0,0.0,0.0,0.0,0.0,58,58,Forster,Bournemouth,GKP,4.0,4.5,4.2,-0.2999999999999998,0.0,0.0,0.0,0,0.0,0.0,0.0,0.0,0.0,0.0,0.0,0.0,0.0,0.0,0.0,0.0,0.0,0.0,0.0,0.0,0.0,0.0,0.0,0.0,0.0,0.0,0.0,0.0,0.0,0.0,False,False,True,False,
2014/15,40383,50,53,118,2623,0,0,13,21,0,0,0,1,0,61,0,442,0.0,0.0,0.0,0.0,0,0,0,0,0,0.0,0.0,0.0,0.0,58,58,Forster,Bournemouth,GKP,4.0,5.0,5.3,0.2999999999999998,22.264150943396228,4.048799085017156,69.02631578947368,0,0.0,0.0,0.0,0.0,0.0,2.093023255813953,0.34210526315789475,0.0,0.0,0.0,0.0,0.0,0.0,0.0,0.0,0.0,0.0,0.0,0.0,0.0,0.0,0.0,0.0,0.0,0.0,0.0,False,False,True,False,
2015/16,40383,50,49,68,1620,0,0,6,17,0,0,0,0,0,52,3,310,0.0,0.0,0.0,0.0,0,0,0,0,0,0.0,0.0,0.0,0.0,58,58,Forster,Bournemouth,GKP,4.0,5.0,4.9,-0.09999999999999964,13.877551020408163,3.7777777777777777,42.63157894736842,0,0.0,0.0,0.0,0.0,0.0,2.888888888888889,0.15789473684210525,0.16666666666666666,118.0,0.0,2623.0,0.0,0.0,0.0,0.0,0.0,13.0,0.0,0.0,0.0,4.048799085017156,0.0,0.0,0.0,0.0,0.0,False,False,True,False,
2016/17,40383,50,50,134,3420,0,0,14,48,0,1,0,3,0,76,4,625,553.6,10.0,0.0,56.4,0,0,0,0,0,0.0,0.0,0.0,0.0,58,58,Forster,Bournemouth,GKP,4.0,5.0,5.0,0.0,26.8,3.526315789473684,90.0,0,0.0,0.0,0.0,0.0,0.0,2.0,0.3684210526315789,0.10526315789473684,68.0,118.0,1620.0,2623.0,0.0,0.0,0.0,0.0,6.0,13.0,3.0,0.0,3.7777777777777777,4.048799085017156,0.0,0.0,0.0,0.0,False,False,True,False,
2017/18,40383,50,46,73,1800,0,0,4,30,0,1,0,0,0,69,6,351,488.2,0.0,0.0,48.9,0,0,0,0,0,0.0,0.0,0.0,0.0,58,58,Forster,Bournemouth,GKP,4.0,5.0,4.6,-0.40000000000000036,15.869565217391306,3.65,47.36842105263158,0,0.0,0.0,0.0,0.0,0.0,3.45,0.10526315789473684,0.3,134.0,68.0,3420.0,1620.0,0.0,0.0,0.0,0.0,14.0,6.0,4.0,3.0,3.526315789473684,3.7777777777777777,0.0,0.0,0.0,0.0,False,False,True,False,
2018/19,40383,45,42,2,90,0,0,0,3,0,0,0,0,0,3,0,13,22.2,0.0,0.0,2.2,0,0,0,0,0,0.0,0.0,0.0,0.0,58,58,Forster,Bournemouth,GKP,4.0,4.5,4.2,-0.2999999999999998,0.47619047619047616,2.0,2.3684210526315788,0,0.0,0.0,0.0,0.0,0.0,3.0,0.0,0.0,73.0,134.0,1800.0,3420.0,0.0,0.0,0.0,0.0,4.0,14.0,6.0,4.0,3.65,3.526315789473684,0.0,0.0,0.0,0.0,False,False,True,False,
2019/20,40383,45,42,0,0,0,0,0,0,0,0,0,0,0,0,0,0,0.0,0.0,0.0,0.0,0,0,0,0,0,0.0,0.0,0.0,0.0,58,58,Forster,Bournemouth,GKP,4.0,4.5,4.2,-0.2999999999999998,0.0,0.0,0.0,0,0.0,0.0,0.0,0.0,0.0,0.0,0.0,0.0,2.0,73.0,90.0,1800.0,0.0,0.0,0.0,0.0,0.0,4.0,0.0,6.0,2.0,3.65,0.0,0.0,0.0,0.0,False,False,True,False,
2020/21,40383,40,40,30,720,0,0,2,11,0,1,0,0,0,20,0,147,191.0,0.0,0.0,19.1,0,0,0,0,0,0.0,0.0,0.0,0.0,58,58,Forster,Bournemouth,GKP,4.0,4.0,4.0,0.0,7.5,3.75,18.94736842105263,0,0.0,0.0,0.0,0.0,0.0,2.5,0.05263157894736842,0.0,0.0,2.0,0.0,90.0,0.0,0.0,0.0,0.0,0.0,0.0,0.0,0.0,0.0,2.0,0.0,0.0,0.0,0.0,False,False,True,False,
2021/22,40383,45,44,57,1710,0,0,3,35,0,0,0,1,0,68,6,330,559.8,0.0,0.0,56.2,0,0,0,0,0,0.0,0.0,0.0,0.0,58,58,Forster,Bournemouth,GKP,4.0,4.5,4.4,-0.09999999999999964,12.954545454545453,3.0,45.0,0,0.0,0.0,0.0,0.0,0.0,3.5789473684210527,0.07894736842105263,0.3157894736842105,30.0,0.0,720.0,0.0,0.0,0.0,0.0,0.0,2.0,0.0,0.0,0.0,3.75,0.0,0.0,0.0,0.0,0.0,False,False,True,False,1.0
2022/23,40383,40,39,40,1215,0,0,3,24,0,1,0,1,0,32,1,222,267.8,0.0,0.0,26.9,0,0,0,0,13,0.0,0.0,0.0,19.21,58,58,Forster,Bournemouth,GKP,4.0,4.0,3.9,-0.10000000000000009,10.256410256410257,2.962962962962963,31.973684210526315,0,0.0,0.0,0.0,0.0,0.0,2.3703703703703702,0.07894736842105263,0.07407407407407407,57.0,30.0,1710.0,720.0,0.0,0.0,0.0,0.0,3.0,2.0,6.0,0.0,3.0,3.75,0.0,0.0,0.0,0.0,False,False,True,False,2.0
2023/24,40383,40,38,0,0,0,0,0,0,0,0,0,0,0,0,0,0,0.0,0.0,0.0,0.0,0,0,0,0,0,0.0,0.0,0.0,0.0,58,58,Forster,Bournemouth,GKP,4.0,4.0,3.8,-0.20000000000000018,0.0,0.0,0.0,0,0.0,0.0,0.0,0.0,0.0,0.0,0.0,0.0,40.0,57.0,1215.0,1710.0,0.0,0.0,0.0,0.0,3.0,3.0,1.0,6.0,2.962962962962963,3.0,0.0,0.0,0.0,0.0,False,False,True,False,3.0
2024/25,40383,45,43,19,630,0,0,1,15,0,0,0,0,0,29,0,64,221.0,0.0,0.0,22.2,0,0,0,0,7,0.0,0.0,0.0,14.8,58,58,Forster,Bournemouth,GKP,4.0,4.5,4.3,-0.20000000000000018,4.4186046511627906,2.7142857142857144,16.57894736842105,0,0.0,0.0,0.0,0.0,0.0,4.142857142857143,0.02631578947368421,0.0,0.0,40.0,0.0,1215.0,0.0,0.0,0.0,0.0,0.0,3.0,0.0,1.0,0.0,2.962962962962963,0.0,0.0,0.0,0.0,False,False,True,False,4.0
2025/26,40383,40,40,0,0,0,0,0,0,0,0,0,0,0,0,0,0,0.0,0.0,0.0,0.0,0,0,0,0,0,0.0,0.0,0.0,0.0,58,58,Forster,Bournemouth,GKP,4.0,4.0,4.0,0.0,0.0,0.0,0.0,0,0.0,0.0,0.0,0.0,0.0,0.0,0.0,0.0,19.0,0.0,630.0,0.0,0.0,0.0,0.0,0.0,1.0,0.0,0.0,0.0,2.7142857142857144,0.0,0.0,0.0,0.0,0.0,False,False,True,False,5.0
2024/25,444172,40,39,0,0,0,0,0,0,0,0,0,0,0,0,0,0,0.0,0.0,0.0,0.0,0,0,0,0,0,0.0,0.0,0.0,0.0,59,59,Dennis,Bournemouth,GKP,4.0,4.0,3.9,-0.10000000000000009,0.0,0.0,0.0,0,0.0,0.0,0.0,0.0,0.0,0.0,0.0,0.0,0.0,,0.0,,0.0,,0.0,,0.0,,0.0,,0.0,,0.0,,0.0,,False,False,True,False,4.0
2025/26,444172,40,40,0,0,0,0,0,0,0,0,0,0,0,0,0,0,0.0,0.0,0.0,0.0,0,0,0,0,0,0.0,0.0,0.0,0.0,59,59,Dennis,Bournemouth,GKP,4.0,4.0,4.0,0.0,0.0,0.0,0.0,0,0.0,0.0,0.0,0.0,0.0,0.0,0.0,0.0,0.0,0.0,0.0,0.0,0.0,0.0,0.0,0.0,0.0,0.0,0.0,0.0,0.0,0.0,0.0,0.0,0.0,0.0,False,False,True,False,5.0
2023/24,463981,40,40,5,74,0,0,0,1,0,0,0,0,0,0,0,22,32.6,2.2,0.0,3.5,0,0,0,0,1,0.0,0.01,0.01,1.34,60,60,Hill,Bournemouth,DEF,5.5,4.0,4.0,0.0,1.25,6.081081081081082,1.9473684210526316,0,0.0,0.0,0.0,0.012162162162162163,0.012162162162162163,0.0,0.0,0.0,0.0,,0.0,,0.0,,0.0,,0.0,,0.0,,0.0,,0.0,,0.0,,True,False,False,False,3.0
2024/25,463981,40,39,17,443,0,1,1,9,0,0,0,1,0,0,0,55,97.0,38.4,29.0,16.6,0,0,0,55,6,0.29,0.25,0.54,8.54,60,60,Hill,Bournemouth,DEF,5.5,4.0,3.9,-0.10000000000000009,4.3589743589743595,3.4537246049661396,11.657894736842104,1,0.0,0.20316027088036115,0.058916478555304734,0.05079006772009029,0.10970654627539503,0.0,0.02631578947368421,0.0,5.0,0.0,74.0,0.0,0.0,0.0,0.0,0.0,0.0,0.0,0.0,0.0,6.081081081081082,0.0,0.0,0.0,0.012162162162162163,0.0,True,False,False,False,4.0
2025/26,463981,40,42,110,2102,0,3,8,24,2,0,0,5,0,0,4,386,579.4,161.7,119.0,86.3,221,74,39,260,22,0.89,1.16,2.04,33.42,60,60,Hill,Bournemouth,DEF,5.5,4.0,4.2,0.20000000000000018,26.19047619047619,4.709800190294957,55.31578947368421,3,0.0,0.12844909609895339,0.03810656517602284,0.04966698382492864,0.0873453853472883,0.0,0.21052631578947367,0.1712654614652712,17.0,5.0,443.0,74.0,0.0,0.0,1.0,0.0,1.0,0.0,0.0,0.0,3.4537246049661396,6.081081081081082,0.058916478555304734,0.0,0.05079006772009029,0.012162162162162163,True,False,False,False,5.0
2012/13,54469,40,38,0,0,0,0,0,0,0,0,0,0,0,0,0,0,0.0,0.0,0.0,0.0,0,0,0,0,0,0.0,0.0,0.0,0.0,64,64,Smith,Bournemouth,DEF,4.5,4.0,3.8,-0.20000000000000018,0.0,0.0,0.0,0,0.0,0.0,0.0,0.0,0.0,0.0,0.0,0.0,1.0,,15.0,,0.0,,0.0,,0.0,,0.0,,6.0,,0.0,,0.0,,True,False,False,False,
2015/16,54469,40,40,84,2100,2,0,6,35,0,0,0,5,0,0,11,495,0.0,0.0,0.0,0.0,0,0,0,0,0,0.0,0.0,0.0,0.0,64,64,Smith,Bournemouth,DEF,4.5,4.0,4.0,0.0,21.0,3.6,55.26315789473684,2,0.08571428571428572,0.0,0.0,0.0,0.0,0.0,0.15789473684210525,0.4714285714285715,0.0,1.0,0.0,15.0,0.0,0.0,0.0,0.0,0.0,0.0,0.0,0.0,0.0,6.0,0.0,0.0,0.0,0.0,True,False,False,False,
2016/17,54469,45,46,104,3101,1,5,8,61,1,0,0,6,0,0,12,645,566.6,509.8,242.0,132.1,0,0,0,0,0,0.0,0.0,0.0,0.0,64,64,Smith,Bournemouth,DEF,4.5,4.5,4.6,0.09999999999999964,22.608695652173914,3.018381167365366,81.60526315789474,6,0.029022895840051598,0.14511447920025797,0.0,0.0,0.0,0.0,0.21052631578947367,0.34827475008061914,84.0,0.0,2100.0,0.0,2.0,0.0,0.0,0.0,6.0,0.0,11.0,0.0,3.6,0.0,0.0,0.0,0.0,0.0,True,False,False,False,
2017/18,54469,50,48,56,2067,1,3,2,38,0,0,0,6,0,0,3,376,455.0,345.5,144.0,94.5,0,0,0,0,0,0.0,0.0,0.0,0.0,64,64,Smith,Bournemouth,DEF,4.5,5.0,4.8,-0.20000000000000018,11.666666666666668,2.4383164005805518,54.39473684210526,4,0.043541364296081284,0.13062409288824384,0.0,0.0,0.0,0.0,0.05263157894736842,0.13062409288824384,104.0,84.0,3101.0,2100.0,1.0,2.0,5.0,0.0,8.0,6.0,12.0,11.0,3.018381167365366,3.6,0.0,0.0,0.0,0.0,True,False,False,False,
2018/19,54469,45,43,70,2067,1,1,8,33,0,0,0,5,1,0,1,383,374.0,199.8,110.0,68.5,0,0,0,0,0,0.0,0.0,0.0,0.0,64,64,Smith,Bournemouth,DEF,4.5,4.5,4.3,-0.20000000000000018,16.27906976744186,3.04789550072569,54.39473684210526,2,0.043541364296081284,0.043541364296081284,0.0,0.0,0.0,0.0,0.21052631578947367,0.043541364296081284,56.0,104.0,2067.0,3101.0,1.0,1.0,3.0,5.0,2.0,8.0,3.0,12.0,2.4383164005805518,3.018381167365366,0.0,0.0,0.0,0.0,True,False,False,False,
2019/20,54469,45,43,49,2055,0,1,4,40,0,0,0,7,0,0,3,309,309.6,183.0,97.0,58.8,0,0,0,0,0,0.0,0.0,0.0,0.0,64,64,Smith,Bournemouth,DEF,4.5,4.5,4.3,-0.20000000000000018,11.395348837209303,2.1459854014598543,54.078947368421055,1,0.0,0.043795620437956206,0.0,0.0,0.0,0.0,0.10526315789473684,0.13138686131386862,70.0,56.0,2067.0,2067.0,1.0,1.0,1.0,3.0,8.0,2.0,1.0,3.0,3.04789550072569,2.4383164005805518,0.0,0.0,0.0,0.0,True,False,False,False,
2022/23,54469,45,43,74,2940,0,1,7,58,0,0,0,11,0,0,5,400,416.6,276.9,88.0,78.3,0,0,0,0,34,0.5,1.57,2.07,54.01,64,64,Smith,Bournemouth,DEF,4.5,4.5,4.3,-0.20000000000000018,17.209302325581397,2.2653061224489797,77.36842105263158,1,0.0,0.030612244897959186,0.015306122448979593,0.048061224489795926,0.0633673469387755,0.0,0.18421052631578946,0.15306122448979592,49.0,70.0,2055.0,2067.0,0.0,1.0,1.0,1.0,4.0,8.0,3.0,1.0,2.1459854014598543,3.04789550072569,0.0,0.0,0.0,0.0,True,False,False,False,2.0
2023/24,54469,45,44,80,2148,0,3,8,33,0,0,0,6,0,0,4,378,336.4,296.5,27.0,66.1,0,0,0,0,25,0.05,1.5,1.55,33.02,64,64,Smith,Bournemouth,DEF,4.5,4.5,4.4,-0.09999999999999964,18.18181818181818,3.35195530726257,56.526315789473685,3,0.0,0.12569832402234637,0.002094972067039106,0.06284916201117319,0.06494413407821228,0.0,0.21052631578947367,0.16759776536312848,74.0,49.0,2940.0,2055.0,0.0,0.0,1.0,1.0,7.0,4.0,5.0,3.0,2.2653061224489797,2.1459854014598543,0.015306122448979593,0.0,0.048061224489795926,0.0,True,False,False,False,3.0
2024/25,54469,45,44,57,1586,0,0,6,18,0,0,0,7,0,0,0,161,181.8,147.2,24.0,35.0,0,0,0,82,19,0.65,0.68,1.33,19.04,64,64,Smith,Bournemouth,DEF,4.5,4.5,4.4,-0.09999999999999964,12.954545454545453,3.2345523329129886,41.73684210526316,0,0.0,0.0,0.036885245901639344,0.03858764186633039,0.07547288776796973,0.0,0.15789473684210525,0.0,80.0,74.0,2148.0,2940.0,0.0,0.0,3.0,1.0,8.0,7.0,4.0,5.0,3.35195530726257,2.2653061224489797,0.002094972067039106,0.015306122448979593,0.06284916201117319,0.048061224489795926,True,False,False,False,4.0
2025/26,54469,45,44,58,1073,0,2,6,16,0,0,0,3,0,0,4,185,176.2,76.6,18.0,27.1,55,29,15,70,14,0.0,0.23,0.23,18.18,64,64,Smith,Bournemouth,DEF,4.5,4.5,4.4,-0.09999999999999964,13.18181818181818,4.864864864864865,28.236842105263158,2,0.0,0.16775396085740912,0.0,0.01929170549860205,0.01929170549860205,0.0,0.15789473684210525,0.33550792171481825,57.0,80.0,1586.0,2148.0,0.0,0.0,0.0,3.0,6.0,8.0,0.0,4.0,3.2345523329129886,3.35195530726257,0.036885245901639344,0.002094972067039106,0.03858764186633039,0.06284916201117319,True,False,False,False,5.0
2025/26,436893,40,38,0,0,0,0,0,0,0,0,0,0,0,0,0,0,0.0,0.0,0.0,0.0,0,0,0,0,0,0.0,0.0,0.0,0.0,65,65,J.Araujo,Bournemouth,DEF,4.5,4.0,3.8,-0.20000000000000018,0.0,0.0,0.0,0,0.0,0.0,0.0,0.0,0.0,0.0,0.0,0.0,12.0,,492.0,,0.0,,0.0,,0.0,,0.0,,2.1951219512195124,,0.0,,0.018292682926829267,,True,False,False,False,5.0
2025/26,575901,40,39,3,34,0,0,0,2,0,0,0,0,0,0,0,2,1.8,2.5,2.0,0.6,0,4,1,1,0,0.0,0.0,0.0,1.62,66,66,Soler,Bournemouth,DEF,4.0,4.0,3.9,-0.10000000000000009,0.7692307692307693,7.9411764705882355,0.8947368421052632,0,0.0,0.0,0.0,0.0,0.0,0.0,0.0,0.0,3.0,,9.0,,0.0,,0.0,,0.0,,0.0,,30.0,,0.0,,0.0,,True,False,False,False,5.0
2023/24,201658,55,50,89,2118,3,4,8,38,0,0,0,3,0,0,5,324,468.4,649.4,460.0,157.8,0,0,0,0,25,3.88,4.24,8.12,32.42,68,68,Tavernier,Bournemouth,MID,6.0,5.5,5.0,-0.5,17.8,3.7818696883852687,55.73684210526316,7,0.1274787535410765,0.16997167138810196,0.1648725212464589,0.1801699716713881,0.34504249291784694,0.0,0.21052631578947367,0.21246458923512745,94.0,,1740.0,,5.0,,4.0,,5.0,,12.0,,4.862068965517242,,0.16189655172413794,,0.07086206896551725,,False,False,False,True,3.0
2024/25,201658,55,54,87,1932,3,7,4,29,0,0,0,6,0,0,4,362,447.0,664.8,442.0,155.4,0,0,0,179,20,5.51,3.65,9.16,25.42,68,68,Tavernier,Bournemouth,MID,6.0,5.5,5.4,-0.09999999999999964,16.11111111111111,4.052795031055901,50.8421052631579,10,0.13975155279503107,0.32608695652173914,0.25667701863354037,0.17003105590062112,0.42670807453416154,0.0,0.10526315789473684,0.1863354037267081,89.0,94.0,2118.0,1740.0,3.0,5.0,4.0,4.0,8.0,5.0,5.0,12.0,3.7818696883852687,4.862068965517242,0.1648725212464589,0.16189655172413794,0.1801699716713881,0.07086206896551725,False,False,False,True,4.0
2025/26,201658,55,53,137,2732,7,4,11,44,0,0,0,6,0,0,14,552,656.8,816.6,605.0,207.9,62,150,39,251,31,9.06,4.6,13.66,41.06,68,68,Tavernier,Bournemouth,MID,6.0,5.5,5.3,-0.20000000000000018,25.849056603773587,4.513177159590044,71.89473684210526,11,0.2306002928257687,0.13177159590043924,0.2984626647144949,0.15153733528550511,0.45,0.0,0.2894736842105263,0.4612005856515374,87.0,89.0,1932.0,2118.0,3.0,3.0,7.0,4.0,4.0,8.0,4.0,5.0,4.052795031055901,3.7818696883852687,0.25667701863354037,0.1648725212464589,0.17003105590062112,0.1801699716713881,False,False,False,True,5.0
2024/25,503139,50,47,26,745,0,0,3,8,0,0,0,3,0,0,0,132,141.6,171.6,118.0,43.2,0,0,0,104,8,0.73,1.0,1.73,10.14,69,69,Scott,Bournemouth,MID,6.0,5.0,4.7,-0.2999999999999998,5.531914893617021,3.140939597315436,19.605263157894736,0,0.0,0.0,0.08818791946308724,0.12080536912751677,0.208993288590604,0.0,0.07894736842105263,0.0,41.0,,1003.0,,1.0,,1.0,,3.0,,3.0,,3.678963110667996,,0.07357926221335992,,0.09511465603190429,,False,False,False,True,4.0
2025/26,503139,50,49,136,2848,3,2,11,41,0,0,0,5,0,0,9,603,597.2,482.0,314.0,139.0,133,193,60,386,34,3.8,2.94,6.74,47.02,69,69,Scott,Bournemouth,MID,6.0,5.0,4.9,-0.09999999999999964,27.755102040816325,4.297752808988764,74.94736842105263,5,0.09480337078651685,0.06320224719101124,0.12008426966292134,0.09290730337078651,0.21299157303370786,0.0,0.2894736842105263,0.28441011235955055,26.0,41.0,745.0,1003.0,0.0,1.0,0.0,1.0,3.0,3.0,0.0,3.0,3.140939597315436,3.678963110667996,0.08818791946308724,0.07357926221335992,0.12080536912751677,0.09511465603190429,False,False,False,True,5.0
2024/25,222683,55,59,158,2339,12,6,13,29,0,0,0,8,0,0,14,532,700.0,654.1,771.0,212.0,0,0,0,138,29,10.05,3.66,13.71,32.6,70,70,Kluivert,Bournemouth,MID,6.0,5.5,5.9,0.40000000000000036,26.779661016949152,6.079521162890124,61.55263157894737,18,0.4617357845233006,0.2308678922616503,0.38670371953826427,0.14082941427960669,0.5275331338178709,0.0,0.34210526315789475,0.5386917486105174,100.0,,1910.0,,7.0,,1.0,,11.0,,2.0,,4.712041884816754,,0.27141361256544505,,0.07916230366492147,,False,False,False,True,4.0
2025/26,222683,70,69,41,945,2,0,4,19,0,0,0,5,0,0,3,147,148.0,305.1,135.0,58.8,9,46,10,65,10,2.31,1.55,3.86,17.96,70,70,Kluivert,Bournemouth,MID,6.0,7.0,6.9,-0.09999999999999964,5.942028985507246,3.9047619047619047,24.86842105263158,2,0.19047619047619047,0.0,0.22,0.14761904761904762,0.3676190476190476,0.0,0.10526315789473684,0.2857142857142857,158.0,100.0,2339.0,1910.0,12.0,7.0,6.0,1.0,13.0,11.0,14.0,2.0,6.079521162890124,4.712041884816754,0.38670371953826427,0.27141361256544505,0.14082941427960669,0.07916230366492147,False,False,False,True,5.0
2017/18,155408,45,43,58,2234,0,2,3,42,0,0,0,5,0,0,0,337,456.4,423.3,126.0,100.7,0,0,0,0,0,0.0,0.0,0.0,0.0,71,71,Cook,Bournemouth,MID,5.0,4.5,4.3,-0.20000000000000018,13.488372093023257,2.336615935541629,58.78947368421053,2,0.0,0.08057296329453895,0.0,0.0,0.0,0.0,0.07894736842105263,0.0,17.0,,432.0,,0.0,,2.0,,1.0,,1.0,,3.541666666666667,,0.0,,0.0,,False,False,False,True,
2018/19,155408,50,46,22,719,0,0,3,10,0,0,0,2,0,0,0,91,76.0,50.4,36.0,16.5,0,0,0,0,0,0.0,0.0,0.0,0.0,71,71,Cook,Bournemouth,MID,5.0,5.0,4.6,-0.40000000000000036,4.782608695652175,2.753824756606398,18.92105263157895,0,0.0,0.0,0.0,0.0,0.0,0.0,0.07894736842105263,0.0,58.0,17.0,2234.0,432.0,0.0,0.0,2.0,2.0,3.0,1.0,0.0,1.0,2.336615935541629,3.541666666666667,0.0,0.0,0.0,0.0,False,False,False,True,
2019/20,155408,50,50,40,1340,0,1,2,30,0,0,0,5,0,0,0,183,187.8,183.1,68.0,43.8,0,0,0,0,0,0.0,0.0,0.0,0.0,71,71,Cook,Bournemouth,MID,5.0,5.0,5.0,0.0,8.0,2.6865671641791042,35.26315789473684,1,0.0,0.06716417910447761,0.0,0.0,0.0,0.0,0.05263157894736842,0.0,22.0,58.0,719.0,2234.0,0.0,0.0,0.0,2.0,3.0,3.0,0.0,0.0,2.753824756606398,2.336615935541629,0.0,0.0,0.0,0.0,False,False,False,True,
2022/23,155408,50,49,51,1712,0,2,3,39,0,0,0,4,0,0,1,280,313.0,352.5,45.0,71.2,0,0,0,0,18,0.24,2.3,2.54,32.09,71,71,Cook,Bournemouth,MID,5.0,5.0,4.9,-0.09999999999999964,10.408163265306122,2.6810747663551404,45.05263157894737,2,0.0,0.10514018691588785,0.012616822429906542,0.12091121495327102,0.13352803738317756,0.0,0.07894736842105263,0.052570093457943924,40.0,22.0,1340.0,719.0,0.0,0.0,1.0,0.0,2.0,3.0,0.0,0.0,2.6865671641791042,2.753824756606398,0.0,0.0,0.0,0.0,False,False,False,True,2.0
2023/24,155408,50,48,77,2787,0,3,8,51,0,0,0,5,1,0,5,446,520.2,681.9,67.0,127.2,0,0,0,0,32,0.42,2.92,3.34,50.3,71,71,Cook,Bournemouth,MID,5.0,5.0,4.8,-0.20000000000000018,16.041666666666668,2.4865446716899893,73.34210526315789,3,0.0,0.09687836383207751,0.01356297093649085,0.09429494079655544,0.10785791173304629,0.0,0.21052631578947367,0.16146393972012918,51.0,40.0,1712.0,1340.0,0.0,0.0,2.0,1.0,3.0,2.0,1.0,0.0,2.6810747663551404,2.6865671641791042,0.012616822429906542,0.0,0.12091121495327102,0.0,False,False,False,True,3.0
2024/25,155408,50,50,82,2976,1,4,5,44,0,0,0,8,1,0,3,500,607.0,727.1,114.0,144.9,0,0,0,386,32,0.94,3.76,4.7,45.25,71,71,Cook,Bournemouth,MID,5.0,5.0,5.0,0.0,16.4,2.479838709677419,78.3157894736842,5,0.030241935483870965,0.12096774193548386,0.028427419354838706,0.11370967741935482,0.14213709677419353,0.0,0.13157894736842105,0.09072580645161289,77.0,51.0,2787.0,1712.0,0.0,0.0,3.0,2.0,8.0,3.0,5.0,1.0,2.4865446716899893,2.6810747663551404,0.01356297093649085,0.012616822429906542,0.09429494079655544,0.12091121495327102,False,False,False,True,4.0
2025/26,155408,50,49,40,872,0,1,1,19,0,0,0,1,1,0,0,190,206.8,183.8,12.0,40.6,56,62,25,143,8,0.07,0.52,0.59,14.0,71,71,Cook,Bournemouth,MID,5.0,5.0,4.9,-0.09999999999999964,8.16326530612245,4.128440366972478,22.94736842105263,1,0.0,0.10321100917431193,0.007224770642201836,0.053669724770642205,0.06089449541284404,0.0,0.02631578947368421,0.0,82.0,77.0,2976.0,2787.0,1.0,0.0,4.0,3.0,5.0,8.0,3.0,5.0,2.479838709677419,2.4865446716899893,0.028427419354838706,0.01356297093649085,0.11370967741935482,0.09429494079655544,False,False,False,True,5.0
2023/24,496208,45,43,1,13,0,0,0,0,0,0,0,0,0,0,0,3,0.2,0.8,0.0,0.1,0,0,0,0,0,0.0,0.0,0.0,0.14,72,72,Gannon-Doak,Bournemouth,MID,5.0,4.5,4.3,-0.20000000000000018,0.23255813953488372,6.923076923076923,0.34210526315789475,0,0.0,0.0,0.0,0.0,0.0,0.0,0.0,0.0,2.0,,23.0,,0.0,,0.0,,0.0,,0.0,,7.82608695652174,,0.0,,0.0,,False,False,False,True,3.0
2024/25,496208,45,45,0,0,0,0,0,0,0,0,0,0,0,0,0,0,0.0,0.0,0.0,0.0,0,0,0,0,0,0.0,0.0,0.0,0.0,72,72,Gannon-Doak,Bournemouth,MID,5.0,4.5,4.5,0.0,0.0,0.0,0.0,0,0.0,0.0,0.0,0.0,0.0,0.0,0.0,0.0,1.0,2.0,13.0,23.0,0.0,0.0,0.0,0.0,0.0,0.0,0.0,0.0,6.923076923076923,7.82608695652174,0.0,0.0,0.0,0.0,False,False,False,True,4.0
2025/26,496208,50,48,11,105,0,1,0,1,0,0,0,0,0,0,0,33,32.4,17.8,39.0,8.9,1,6,6,13,0,0.26,0.13,0.39,4.74,72,72,Gannon-Doak,Bournemouth,MID,5.0,5.0,4.8,-0.20000000000000018,2.291666666666667,9.428571428571429,2.763157894736842,1,0.0,0.8571428571428571,0.22285714285714284,0.11142857142857142,0.3342857142857143,0.0,0.0,0.0,0.0,1.0,0.0,13.0,0.0,0.0,0.0,0.0,0.0,0.0,0.0,0.0,0.0,6.923076923076923,0.0,0.0,0.0,0.0,False,False,False,True,5.0
2023/24,200785,50,49,5,118,0,0,0,3,0,0,0,0,0,0,1,28,24.6,14.1,10.0,4.9,0,0,0,0,1,0.0,0.03,0.03,1.81,73,73,Adams,Bournemouth,MID,5.0,5.0,4.9,-0.09999999999999964,1.0204081632653061,3.8135593220338984,3.1052631578947367,0,0.0,0.0,0.0,0.02288135593220339,0.02288135593220339,0.0,0.0,0.7627118644067796,47.0,,2156.0,,0.0,,0.0,,5.0,,1.0,,1.9619666048237476,,0.004591836734693878,,0.04383116883116883,,False,False,False,True,3.0
2024/25,200785,50,49,58,1959,0,3,6,30,0,0,0,7,0,0,1,315,411.8,261.2,83.0,75.9,0,0,0,276,21,1.33,0.76,2.09,29.26,73,73,Adams,Bournemouth,MID,5.0,5.0,4.9,-0.09999999999999964,11.83673469387755,2.664624808575804,51.55263157894737,3,0.0,0.13782542113323124,0.06110260336906585,0.034915773353751914,0.09601837672281777,0.0,0.15789473684210525,0.045941807044410414,5.0,47.0,118.0,2156.0,0.0,0.0,0.0,0.0,0.0,5.0,1.0,1.0,3.8135593220338984,1.9619666048237476,0.0,0.004591836734693878,0.02288135593220339,0.04383116883116883,False,False,False,True,4.0
2025/26,200785,50,49,77,1769,2,2,7,28,0,0,0,8,0,0,3,346,387.0,158.2,115.0,66.3,83,96,53,232,21,0.63,0.63,1.26,27.18,73,73,Adams,Bournemouth,MID,5.0,5.0,4.9,-0.09999999999999964,15.714285714285714,3.9174674957603166,46.55263157894737,4,0.10175240248728096,0.10175240248728096,0.0320520067834935,0.0320520067834935,0.064104013566987,0.0,0.18421052631578946,0.15262860373092144,58.0,5.0,1959.0,118.0,0.0,0.0,3.0,0.0,6.0,0.0,1.0,1.0,2.664624808575804,3.8135593220338984,0.06110260336906585,0.0,0.034915773353751914,0.02288135593220339,False,False,False,True,5.0
2019/20,111317,65,61,21,505,1,0,1,12,0,0,0,1,0,0,1,73,82.2,100.8,71.0,25.4,0,0,0,0,0,0.0,0.0,0.0,0.0,74,74,Brooks,Bournemouth,MID,5.0,6.5,6.1,-0.40000000000000036,3.4426229508196724,3.742574257425743,13.289473684210526,1,0.17821782178217824,0.0,0.0,0.0,0.0,0.0,0.02631578947368421,0.17821782178217824,123.0,,2263.0,,7.0,,6.0,,9.0,,7.0,,4.891736632788334,,0.0,,0.0,,False,False,False,True,
2022/23,111317,55,53,5,170,0,0,0,4,0,0,0,1,0,0,0,7,17.6,28.8,42.0,8.7,0,0,0,0,2,0.33,0.2,0.53,4.4,74,74,Brooks,Bournemouth,MID,5.0,5.5,5.3,-0.20000000000000018,0.9433962264150944,2.6470588235294117,4.473684210526316,0,0.0,0.0,0.17470588235294118,0.10588235294117648,0.2805882352941177,0.0,0.0,0.0,21.0,123.0,505.0,2263.0,1.0,7.0,0.0,6.0,1.0,9.0,1.0,7.0,3.742574257425743,4.891736632788334,0.0,0.0,0.0,0.0,False,False,False,True,2.0
2023/24,111317,50,47,23,271,1,1,0,7,0,0,0,1,0,0,2,71,88.2,112.4,113.0,31.4,0,0,0,0,2,2.45,0.47,2.92,6.08,74,74,Brooks,Bournemouth,MID,5.0,5.0,4.7,-0.2999999999999998,4.8936170212765955,7.638376383763838,7.131578947368421,2,0.33210332103321033,0.33210332103321033,0.8136531365313654,0.15608856088560885,0.9697416974169741,0.0,0.0,0.6642066420664207,5.0,21.0,170.0,505.0,0.0,1.0,0.0,0.0,0.0,1.0,0.0,1.0,2.6470588235294117,3.742574257425743,0.17470588235294118,0.0,0.10588235294117648,0.0,False,False,False,True,3.0
2024/25,111317,50,49,52,941,2,1,3,12,0,0,0,3,0,0,2,204,193.6,316.7,300.0,80.4,0,0,0,80,9,2.58,2.02,4.6,15.03,74,74,Brooks,Bournemouth,MID,5.0,5.0,4.9,-0.09999999999999964,10.612244897959183,4.973432518597237,24.763157894736842,3,0.19128586609989373,0.09564293304994687,0.24675876726886292,0.19319872476089267,0.43995749202975554,0.0,0.07894736842105263,0.19128586609989373,23.0,5.0,271.0,170.0,1.0,0.0,1.0,0.0,0.0,0.0,2.0,0.0,7.638376383763838,2.6470588235294117,0.8136531365313654,0.17470588235294118,0.15608856088560885,0.10588235294117648,False,False,False,True,4.0
2025/26,111317,50,50,59,1188,1,3,5,20,0,0,0,7,0,0,4,215,236.2,384.5,434.0,104.1,19,56,19,94,13,5.81,3.4,9.21,20.25,74,74,Brooks,Bournemouth,MID,5.0,5.0,5.0,0.0,11.8,4.46969696969697,31.263157894736842,4,0.07575757575757576,0.2272727272727273,0.4401515151515151,0.25757575757575757,0.6977272727272729,0.0,0.13157894736842105,0.30303030303030304,52.0,23.0,941.0,271.0,2.0,1.0,1.0,1.0,3.0,0.0,2.0,2.0,4.973432518597237,7.638376383763838,0.24675876726886292,0.8136531365313654,0.19319872476089267,0.15608856088560885,False,False,False,True,5.0
2023/24,158499,50,50,90,2908,0,5,8,56,0,0,0,6,0,0,5,433,620.2,780.2,351.0,175.4,0,0,0,0,35,2.49,5.37,7.86,48.61,75,75,Christie,Bournemouth,MID,5.0,5.0,5.0,0.0,18.0,2.785419532324622,76.52631578947368,5,0.0,0.1547455295735901,0.07706327372764787,0.16619669876203577,0.24325997248968365,0.0,0.21052631578947367,0.1547455295735901,64.0,,1825.0,,1.0,,2.0,,3.0,,2.0,,3.1561643835616437,,0.14252054794520547,,0.10208219178082191,,False,False,False,True,3.0
2024/25,158499,50,48,76,2114,2,3,8,28,0,0,0,9,0,0,5,435,514.0,576.8,303.0,139.6,0,0,0,326,27,2.14,2.9,5.04,30.17,75,75,Christie,Bournemouth,MID,5.0,5.0,4.8,-0.20000000000000018,15.833333333333334,3.2355723746452227,55.63157894736842,5,0.08514664143803218,0.12771996215704826,0.09110690633869443,0.12346263008514664,0.21456953642384108,0.0,0.21052631578947367,0.21286660359508044,90.0,64.0,2908.0,1825.0,0.0,1.0,5.0,2.0,8.0,3.0,5.0,2.0,2.785419532324622,3.1561643835616437,0.07706327372764787,0.14252054794520547,0.16619669876203577,0.10208219178082191,False,False,False,True,4.0
2025/26,158499,50,49,47,978,2,1,3,14,0,0,0,3,1,0,2,214,226.6,197.0,220.0,64.7,34,62,27,123,9,1.81,0.79,2.6,19.14,75,75,Christie,Bournemouth,MID,5.0,5.0,4.9,-0.09999999999999964,9.591836734693876,4.325153374233128,25.736842105263158,3,0.18404907975460122,0.09202453987730061,0.16656441717791412,0.07269938650306748,0.2392638036809816,0.0,0.07894736842105263,0.18404907975460122,76.0,90.0,2114.0,2908.0,2.0,0.0,3.0,5.0,8.0,8.0,5.0,5.0,3.2355723746452227,2.785419532324622,0.09110690633869443,0.07706327372764787,0.12346263008514664,0.16619669876203577,False,False,False,True,5.0
2025/26,444102,70,66,115,2741,6,7,11,40,0,0,0,2,0,0,6,412,350.6,397.9,809.0,155.5,42,80,13,135,32,10.64,1.48,12.12,39.02,79,79,Evanilson,Bournemouth,FWD,6.0,7.0,6.6,-0.40000000000000036,17.424242424242426,3.775994162714338,72.13157894736842,13,0.19700839109813936,0.22984312294782927,0.3493615468807005,0.04859540313754104,0.3979569500182415,0.0,0.2894736842105263,0.19700839109813936,128.0,,2317.0,,10.0,,5.0,,11.0,,20.0,,4.971946482520501,,0.48437634872680196,,0.06758739749676305,,False,True,False,False,5.0
2024/25,168636,55,54,32,330,2,1,2,3,0,0,0,2,0,0,4,97,104.0,56.1,207.0,35.9,0,0,0,23,2,2.73,0.26,2.99,6.38,80,80,Enes Ünal,Bournemouth,FWD,5.5,5.5,5.4,-0.09999999999999964,5.925925925925926,8.727272727272728,8.68421052631579,3,0.5454545454545455,0.27272727272727276,0.7445454545454546,0.07090909090909091,0.8154545454545455,0.0,0.05263157894736842,1.090909090909091,40.0,,317.0,,2.0,,4.0,,1.0,,3.0,,11.35646687697161,,0.8063091482649842,,0.03690851735015773,,False,True,False,False,4.0
2025/26,168636,55,54,27,214,1,0,0,3,0,0,0,1,0,0,1,83,70.2,25.0,104.0,19.1,15,7,1,23,0,2.0,0.07,2.07,6.16,80,80,Enes Ünal,Bournemouth,FWD,5.5,5.5,5.4,-0.09999999999999964,5.0,11.355140186915888,5.631578947368421,1,0.4205607476635514,0.0,0.8411214953271028,0.0294392523364486,0.8705607476635513,0.0,0.0,0.4205607476635514,32.0,40.0,330.0,317.0,2.0,2.0,1.0,4.0,2.0,1.0,4.0,3.0,8.727272727272728,11.35646687697161,0.7445454545454546,0.8063091482649842,0.07090909090909091,0.03690851735015773,False,True,False,False,5.0
2020/21,200720,45,45,10,180,0,0,1,1,0,0,0,0,0,6,0,41,57.8,0.0,0.0,5.8,0,0,0,0,0,0.0,0.0,0.0,0.0,82,82,Kelleher,Brentford,GKP,5.0,4.5,4.5,0.0,2.2222222222222223,5.0,4.7368421052631575,0,0.0,0.0,0.0,0.0,0.0,3.0,0.02631578947368421,0.0,0.0,,0.0,,0.0,,0.0,,0.0,,0.0,,0.0,,0.0,,0.0,,False,False,True,False,
2021/22,200720,45,43,8,180,0,0,1,2,0,0,0,0,0,6,0,52,46.2,0.0,0.0,4.6,0,0,0,0,0,0.0,0.0,0.0,0.0,82,82,Kelleher,Brentford,GKP,5.0,4.5,4.3,-0.20000000000000018,1.8604651162790697,4.0,4.7368421052631575,0,0.0,0.0,0.0,0.0,0.0,3.0,0.02631578947368421,0.0,10.0,0.0,180.0,0.0,0.0,0.0,0.0,0.0,1.0,0.0,0.0,0.0,5.0,0.0,0.0,0.0,0.0,0.0,False,False,True,False,1.0
2022/23,200720,40,39,2,90,0,0,0,4,0,0,0,0,0,6,0,20,38.0,0.0,0.0,3.8,0,0,0,0,1,0.0,0.0,0.0,1.77,82,82,Kelleher,Brentford,GKP,5.0,4.0,3.9,-0.10000000000000009,0.5128205128205129,2.0,2.3684210526315788,0,0.0,0.0,0.0,0.0,0.0,6.0,0.0,0.0,8.0,10.0,180.0,180.0,0.0,0.0,0.0,0.0,1.0,1.0,0.0,0.0,4.0,5.0,0.0,0.0,0.0,0.0,False,False,True,False,2.0
2023/24,200720,40,36,34,900,0,0,2,11,0,0,0,0,0,28,3,198,261.2,10.0,0.0,27.0,0,0,0,0,10,0.0,0.01,0.01,10.33,82,82,Kelleher,Brentford,GKP,5.0,4.0,3.6,-0.3999999999999999,9.444444444444445,3.4,23.68421052631579,0,0.0,0.0,0.0,0.001,0.001,2.8,0.05263157894736842,0.3,2.0,8.0,90.0,180.0,0.0,0.0,0.0,0.0,0.0,1.0,0.0,0.0,2.0,4.0,0.0,0.0,0.0,0.0,False,False,True,False,3.0
2024/25,200720,45,39,45,900,0,0,4,12,0,1,0,0,0,27,1,156,224.2,0.0,0.0,22.4,0,0,0,0,10,0.0,0.0,0.0,11.09,82,82,Kelleher,Brentford,GKP,5.0,4.5,3.9,-0.6000000000000001,11.538461538461538,4.5,23.68421052631579,0,0.0,0.0,0.0,0.0,0.0,2.7,0.10526315789473684,0.1,34.0,2.0,900.0,90.0,0.0,0.0,0.0,0.0,2.0,0.0,3.0,0.0,3.4,2.0,0.0,0.0,0.001,0.0,False,False,True,False,4.0
2025/26,200720,45,48,143,3330,0,0,10,49,0,3,0,1,0,109,11,570,913.8,23.0,0.0,93.8,48,301,1,0,37,0.0,0.22,0.22,53.48,82,82,Kelleher,Brentford,GKP,5.0,4.5,4.8,0.2999999999999998,29.791666666666668,3.864864864864865,87.63157894736842,0,0.0,0.0,0.0,0.005945945945945946,0.005945945945945946,2.945945945945946,0.2631578947368421,0.2972972972972973,45.0,34.0,900.0,900.0,0.0,0.0,0.0,0.0,4.0,2.0,1.0,3.0,4.5,3.4,0.0,0.0,0.0,0.001,False,False,True,False,5.0
2024/25,507433,40,39,2,144,0,0,0,2,0,0,0,0,0,3,0,14,21.4,0.1,0.0,2.1,0,0,0,0,1,0.0,0.0,0.0,1.49,83,83,Valdimarsson,Brentford,GKP,4.5,4.0,3.9,-0.10000000000000009,0.5128205128205129,1.25,3.789473684210526,0,0.0,0.0,0.0,0.0,0.0,1.875,0.0,0.0,0.0,,0.0,,0.0,,0.0,,0.0,,0.0,,0.0,,0.0,,0.0,,False,False,True,False,4.0
2025/26,507433,40,38,1,90,0,0,0,3,0,0,0,0,0,1,0,1,13.0,0.0,0.0,1.3,0,7,0,0,1,0.0,0.0,0.0,0.97,83,83,Valdimarsson,Brentford,GKP,4.5,4.0,3.8,-0.20000000000000018,0.2631578947368421,1.0,2.3684210526315788,0,0.0,0.0,0.0,0.0,0.0,1.0,0.0,0.0,2.0,0.0,144.0,0.0,0.0,0.0,0.0,0.0,0.0,0.0,0.0,0.0,1.25,0.0,0.0,0.0,0.0,0.0,False,False,True,False,5.0
2022/23,432830,45,42,49,1811,0,0,4,37,0,0,0,2,1,0,6,326,437.0,38.9,36.0,51.5,0,0,0,0,19,0.23,0.21,0.44,32.93,84,84,Collins,Brentford,DEF,5.5,4.5,4.2,-0.2999999999999998,11.666666666666666,2.4351187189398122,47.6578947368421,0,0.0,0.0,0.01143014908890116,0.010436223081170624,0.02186637217007178,0.0,0.10526315789473684,0.2981778023191607,55.0,,1670.0,,2.0,,0.0,,5.0,,1.0,,2.964071856287425,,0.0,,0.0,,True,False,False,False,2.0
2023/24,432830,45,45,84,2649,1,1,7,51,0,0,0,3,0,0,8,489,653.8,151.5,180.0,98.7,0,0,0,0,29,1.59,0.95,2.54,41.61,84,84,Collins,Brentford,DEF,5.5,4.5,4.5,0.0,18.666666666666668,2.853907134767837,69.71052631578948,2,0.03397508493771234,0.03397508493771234,0.05402038505096263,0.03227633069082673,0.08629671574178935,0.0,0.18421052631578946,0.2718006795016987,49.0,55.0,1811.0,1670.0,0.0,2.0,0.0,0.0,4.0,5.0,6.0,1.0,2.4351187189398122,2.964071856287425,0.01143014908890116,0.0,0.010436223081170624,0.0,True,False,False,False,3.0
2024/25,432830,45,46,127,3420,2,7,8,57,0,0,0,5,0,0,11,549,1023.2,160.5,311.0,149.6,0,0,0,351,38,2.44,1.57,4.01,56.31,84,84,Collins,Brentford,DEF,5.5,4.5,4.6,0.09999999999999964,27.608695652173914,3.3421052631578947,90.0,9,0.05263157894736842,0.18421052631578946,0.06421052631578947,0.041315789473684215,0.10552631578947368,0.0,0.21052631578947367,0.2894736842105263,84.0,49.0,2649.0,1811.0,1.0,0.0,1.0,0.0,7.0,4.0,8.0,6.0,2.853907134767837,2.4351187189398122,0.05402038505096263,0.01143014908890116,0.03227633069082673,0.010436223081170624,True,False,False,False,4.0
2025/26,432830,50,49,129,2971,1,2,9,44,1,0,0,7,0,0,7,450,848.6,143.8,325.0,131.9,287,139,32,319,32,2.24,1.71,3.95,47.52,84,84,Collins,Brentford,DEF,5.5,5.0,4.9,-0.09999999999999964,26.326530612244895,3.9077751598788284,78.1842105263158,3,0.030292830696735103,0.06058566139347021,0.06785594076068664,0.05180074049141703,0.11965668125210367,0.0,0.23684210526315788,0.21204981487714572,127.0,84.0,3420.0,2649.0,2.0,1.0,7.0,1.0,8.0,7.0,11.0,8.0,3.3421052631578947,2.853907134767837,0.06421052631578947,0.05402038505096263,0.041315789473684215,0.03227633069082673,True,False,False,False,5.0
2023/24,444765,40,40,0,0,0,0,0,0,0,0,0,0,0,0,0,0,0.0,0.0,0.0,0.0,0,0,0,0,0,0.0,0.0,0.0,0.0,85,85,Van den Berg,Brentford,DEF,5.0,4.0,4.0,0.0,0.0,0.0,0.0,0,0.0,0.0,0.0,0.0,0.0,0.0,0.0,0.0,0.0,,0.0,,0.0,,0.0,,0.0,,0.0,,0.0,,0.0,,0.0,,True,False,False,False,3.0
2024/25,444765,40,41,62,2584,0,1,5,49,0,0,0,3,0,0,1,266,587.4,108.3,226.0,92.3,0,0,0,229,29,2.09,0.52,2.61,44.61,85,85,Van den Berg,Brentford,DEF,5.0,4.0,4.1,0.09999999999999964,15.121951219512196,2.1594427244582044,68.0,1,0.0,0.0348297213622291,0.07279411764705881,0.018111455108359133,0.09090557275541795,0.0,0.13157894736842105,0.0348297213622291,0.0,0.0,0.0,0.0,0.0,0.0,0.0,0.0,0.0,0.0,0.0,0.0,0.0,0.0,0.0,0.0,0.0,0.0,True,False,False,False,4.0
2025/26,444765,45,44,113,2761,0,3,8,41,0,0,0,2,0,0,3,435,659.0,98.0,305.0,106.3,249,109,23,272,30,3.36,1.45,4.81,41.59,85,85,Van den Berg,Brentford,DEF,5.0,4.5,4.4,-0.09999999999999964,25.68181818181818,3.6834480260775084,72.65789473684211,3,0.0,0.09779065555957986,0.10952553422672945,0.0472654835204636,0.15679101774719303,0.0,0.21052631578947367,0.09779065555957986,62.0,0.0,2584.0,0.0,0.0,0.0,1.0,0.0,5.0,0.0,1.0,0.0,2.1594427244582044,0.0,0.07279411764705881,0.0,0.018111455108359133,0.0,True,False,False,False,5.0
2023/24,249231,50,47,73,1428,3,2,6,29,0,0,0,0,0,0,1,186,280.0,203.8,573.0,105.6,0,0,0,0,15,6.42,1.66,8.07,20.21,86,86,Lewis-Potter,Brentford,MID,5.5,5.0,4.7,-0.2999999999999998,15.53191489361702,4.600840336134453,37.578947368421055,5,0.18907563025210083,0.12605042016806722,0.4046218487394958,0.10462184873949579,0.5086134453781512,0.0,0.15789473684210525,0.06302521008403361,14.0,,313.0,,0.0,,1.0,,0.0,,0.0,,4.02555910543131,,0.14089456869009584,,0.08338658146964856,,False,False,False,True,3.0
2024/25,249231,50,50,94,3092,1,5,8,49,0,0,0,7,0,0,0,460,542.0,462.2,391.0,139.9,0,0,0,146,36,2.96,4.94,7.9,50.62,86,86,Lewis-Potter,Brentford,MID,5.5,5.0,5.0,0.0,18.8,2.736093143596378,81.36842105263158,6,0.029107373868046574,0.14553686934023286,0.08615782664941786,0.14379042690815008,0.22994825355756793,0.0,0.21052631578947367,0.0,73.0,14.0,1428.0,313.0,3.0,0.0,2.0,1.0,6.0,0.0,1.0,0.0,4.600840336134453,4.02555910543131,0.4046218487394958,0.14089456869009584,0.10462184873949579,0.08338658146964856,False,False,False,True,4.0
2025/26,249231,50,48,115,1960,3,4,9,32,0,0,0,1,0,0,5,356,378.2,332.2,353.0,106.4,51,96,23,74,22,3.01,2.51,5.52,33.74,86,86,Lewis-Potter,Brentford,MID,5.5,5.0,4.8,-0.20000000000000018,23.958333333333336,5.280612244897959,51.578947368421055,7,0.1377551020408163,0.18367346938775508,0.1382142857142857,0.1152551020408163,0.253469387755102,0.0,0.23684210526315788,0.22959183673469388,94.0,73.0,3092.0,1428.0,1.0,3.0,5.0,2.0,8.0,6.0,0.0,1.0,2.736093143596378,4.600840336134453,0.08615782664941786,0.4046218487394958,0.14379042690815008,0.10462184873949579,False,False,False,True,5.0
2022/23,191866,45,45,29,763,0,0,4,14,0,0,0,0,0,0,0,129,96.8,24.7,27.0,15.1,0,0,0,0,9,0.04,0.12,0.16,11.34,87,87,Ajer,Brentford,DEF,4.5,4.5,4.5,0.0,6.444444444444445,3.4207077326343382,20.07894736842105,0,0.0,0.0,0.00471821756225426,0.014154652686762777,0.01887287024901704,0.0,0.10526315789473684,0.0,81.0,,1995.0,,1.0,,3.0,,8.0,,5.0,,3.6541353383458643,,0.0,,0.0,,True,False,False,False,2.0
2023/24,191866,45,44,68,1826,2,1,5,33,0,0,0,5,0,0,3,323,406.8,166.6,223.0,79.7,0,0,0,0,21,1.22,2.68,3.9,29.41,87,87,Ajer,Brentford,DEF,4.5,4.5,4.4,-0.09999999999999964,15.454545454545453,3.3515881708652793,48.05263157894737,3,0.09857612267250822,0.04928806133625411,0.060131434830230014,0.13209200438116103,0.192223439211391,0.0,0.13157894736842105,0.14786418400876233,29.0,81.0,763.0,1995.0,0.0,1.0,0.0,3.0,4.0,8.0,0.0,5.0,3.4207077326343382,3.6541353383458643,0.00471821756225426,0.0,0.014154652686762777,0.0,True,False,False,False,3.0
2024/25,191866,45,44,39,1433,0,0,3,25,0,0,0,5,0,0,0,120,199.0,128.1,158.0,48.5,0,0,0,89,17,0.97,0.48,1.45,21.7,87,87,Ajer,Brentford,DEF,4.5,4.5,4.4,-0.09999999999999964,8.863636363636363,2.449406838799721,37.71052631578947,0,0.0,0.0,0.060921144452198185,0.030146545708304256,0.09106769016050244,0.0,0.07894736842105263,0.0,68.0,29.0,1826.0,763.0,2.0,0.0,1.0,0.0,5.0,4.0,3.0,0.0,3.3515881708652793,3.4207077326343382,0.060131434830230014,0.00471821756225426,0.13209200438116103,0.014154652686762777,True,False,False,False,4.0
2025/26,191866,45,44,76,1805,0,2,5,32,0,0,0,4,0,0,1,211,401.4,59.1,165.0,62.7,155,59,37,192,20,0.69,0.73,1.42,31.51,87,87,Ajer,Brentford,DEF,4.5,4.5,4.4,-0.09999999999999964,17.27272727272727,3.789473684210526,47.5,2,0.0,0.09972299168975068,0.034404432132963986,0.036398891966759,0.07080332409972298,0.0,0.13157894736842105,0.04986149584487534,39.0,68.0,1433.0,1826.0,0.0,2.0,0.0,1.0,3.0,5.0,0.0,3.0,2.449406838799721,3.3515881708652793,0.060921144452198185,0.060131434830230014,0.030146545708304256,0.13209200438116103,True,False,False,False,5.0
2025/26,607464,45,46,113,3258,1,2,10,49,1,0,0,8,0,0,9,494,613.8,470.2,130.0,121.7,151,163,68,219,37,1.28,2.89,4.17,52.65,88,88,Kayode,Brentford,DEF,4.5,4.5,4.6,0.09999999999999964,24.56521739130435,3.1215469613259668,85.73684210526316,3,0.027624309392265192,0.055248618784530384,0.03535911602209944,0.07983425414364641,0.11519337016574585,0.0,0.2631578947368421,0.24861878453038672,27.0,,523.0,,0.0,,1.0,,2.0,,0.0,,4.646271510516253,,0.032695984703632885,,0.12045889101338432,,True,False,False,False,5.0
2022/23,194010,45,44,112,3240,0,3,11,46,0,0,0,4,0,0,4,505,460.0,411.5,197.0,107.0,0,0,0,0,37,1.8,2.9,4.7,48.49,89,89,Henry,Brentford,DEF,4.5,4.5,4.4,-0.09999999999999964,25.454545454545453,3.111111111111111,85.26315789473684,3,0.0,0.08333333333333333,0.05,0.08055555555555555,0.13055555555555556,0.0,0.2894736842105263,0.1111111111111111,108.0,,2775.0,,3.0,,0.0,,9.0,,4.0,,3.502702702702703,,0.0,,0.0,,True,False,False,False,2.0
2023/24,194010,45,42,13,401,0,1,1,5,0,0,0,1,0,0,0,74,72.8,67.9,17.0,15.7,0,0,0,0,5,0.07,0.9,0.97,5.12,89,89,Henry,Brentford,DEF,4.5,4.5,4.2,-0.2999999999999998,3.095238095238095,2.9177057356608476,10.552631578947368,1,0.0,0.22443890274314213,0.01571072319201995,0.20199501246882792,0.21770573566084786,0.0,0.02631578947368421,0.0,112.0,108.0,3240.0,2775.0,0.0,3.0,3.0,0.0,11.0,9.0,4.0,4.0,3.111111111111111,3.502702702702703,0.05,0.0,0.08055555555555555,0.0,True,False,False,False,3.0
2024/25,194010,45,43,4,94,0,0,0,3,0,0,0,0,0,0,0,5,13.6,2.1,2.0,1.7,0,0,0,6,0,0.0,0.01,0.01,2.16,89,89,Henry,Brentford,DEF,4.5,4.5,4.3,-0.20000000000000018,0.9302325581395349,3.829787234042553,2.473684210526316,0,0.0,0.0,0.0,0.009574468085106383,0.009574468085106383,0.0,0.0,0.0,13.0,112.0,401.0,3240.0,0.0,0.0,1.0,3.0,1.0,11.0,0.0,4.0,2.9177057356608476,3.111111111111111,0.01571072319201995,0.05,0.20199501246882792,0.08055555555555555,True,False,False,False,4.0
2025/26,194010,45,43,52,1322,0,2,4,22,0,0,0,2,0,0,0,144,151.6,82.0,35.0,26.9,53,72,15,68,14,0.18,0.54,0.72,23.91,89,89,Henry,Brentford,DEF,4.5,4.5,4.3,-0.20000000000000018,12.093023255813954,3.540090771558245,34.78947368421053,2,0.0,0.1361573373676248,0.012254160363086233,0.036762481089258704,0.04901664145234493,0.0,0.10526315789473684,0.0,4.0,13.0,94.0,401.0,0.0,0.0,0.0,1.0,0.0,1.0,0.0,0.0,3.829787234042553,2.9177057356608476,0.0,0.01571072319201995,0.009574468085106383,0.20199501246882792,True,False,False,False,5.0
2023/24,472713,45,43,17,713,0,0,2,12,0,0,0,5,0,0,0,87,66.6,28.4,37.0,12.9,0,0,0,0,9,0.2,0.13,0.33,10.2,90,90,Hickey,Brentford,DEF,4.5,4.5,4.3,-0.20000000000000018,3.9534883720930236,2.14586255259467,18.763157894736842,0,0.0,0.0,0.025245441795231416,0.016409537166900422,0.041654978962131835,0.0,0.05263157894736842,0.0,63.0,,1918.0,,0.0,,3.0,,5.0,,2.0,,2.956204379562044,,0.017831074035453597,,0.02721584984358707,,True,False,False,False,3.0
2024/25,472713,45,43,0,0,0,0,0,0,0,0,0,0,0,0,0,0,0.0,0.0,0.0,0.0,0,0,0,0,0,0.0,0.0,0.0,0.0,90,90,Hickey,Brentford,DEF,4.5,4.5,4.3,-0.20000000000000018,0.0,0.0,0.0,0,0.0,0.0,0.0,0.0,0.0,0.0,0.0,0.0,17.0,63.0,713.0,1918.0,0.0,0.0,0.0,3.0,2.0,5.0,0.0,2.0,2.14586255259467,2.956204379562044,0.025245441795231416,0.017831074035453597,0.016409537166900422,0.02721584984358707,True,False,False,False,4.0
2025/26,472713,40,40,37,679,0,0,2,9,0,0,0,1,0,0,0,105,101.4,17.1,43.0,16.0,36,35,15,51,8,0.44,0.17,0.61,9.03,90,90,Hickey,Brentford,DEF,4.5,4.0,4.0,0.0,9.25,4.904270986745214,17.86842105263158,0,0.0,0.0,0.058321060382916054,0.02253313696612666,0.08085419734904271,0.0,0.05263157894736842,0.0,0.0,17.0,0.0,713.0,0.0,0.0,0.0,0.0,0.0,2.0,0.0,0.0,0.0,2.14586255259467,0.0,0.025245441795231416,0.0,0.016409537166900422,True,False,False,False,5.0
2022/23,231065,45,44,112,2700,3,0,10,34,1,0,0,0,0,0,6,575,840.8,110.1,319.0,127.2,0,0,0,0,30,2.73,1.11,3.84,40.17,91,91,Pinnock,Brentford,DEF,4.5,4.5,4.4,-0.09999999999999964,25.454545454545453,3.7333333333333334,71.05263157894737,3,0.1,0.0,0.091,0.037000000000000005,0.128,0.0,0.2631578947368421,0.2,90.0,,2694.0,,1.0,,1.0,,7.0,,7.0,,3.0066815144766146,,0.0,,0.0,,True,False,False,False,2.0
2023/24,231065,45,45,77,2521,2,0,5,46,0,0,0,1,0,0,5,479,653.2,63.4,221.0,94.2,0,0,0,0,28,2.01,0.83,2.84,39.14,91,91,Pinnock,Brentford,DEF,4.5,4.5,4.5,0.0,17.11111111111111,2.748909163030543,66.34210526315789,2,0.07140023800079333,0.0,0.0717572391907973,0.029631098770329233,0.10138833796112652,0.0,0.13157894736842105,0.17850059500198334,112.0,90.0,2700.0,2694.0,3.0,1.0,0.0,1.0,10.0,7.0,6.0,7.0,3.7333333333333334,3.0066815144766146,0.091,0.0,0.037000000000000005,0.0,True,False,False,False,3.0
2024/25,231065,45,44,47,1912,2,0,2,35,1,0,0,2,0,0,0,233,540.2,101.2,193.0,83.6,0,0,0,216,21,1.08,0.64,1.72,34.33,91,91,Pinnock,Brentford,DEF,4.5,4.5,4.4,-0.09999999999999964,10.681818181818182,2.2123430962343096,50.31578947368421,2,0.09414225941422595,0.0,0.05083682008368201,0.030125523012552304,0.08096234309623432,0.0,0.05263157894736842,0.0,77.0,112.0,2521.0,2700.0,2.0,3.0,0.0,0.0,5.0,10.0,5.0,6.0,2.748909163030543,3.7333333333333334,0.0717572391907973,0.091,0.029631098770329233,0.037000000000000005,True,False,False,False,4.0
2025/26,231065,45,42,14,318,0,0,1,5,1,0,0,1,0,0,2,53,88.6,1.2,33.0,12.3,37,11,5,42,4,0.01,0.06,0.07,3.7,91,91,Pinnock,Brentford,DEF,4.5,4.5,4.2,-0.2999999999999998,3.333333333333333,3.9622641509433962,8.368421052631579,0,0.0,0.0,0.0028301886792452833,0.016981132075471698,0.019811320754716984,0.0,0.02631578947368421,0.5660377358490566,47.0,77.0,1912.0,2521.0,2.0,2.0,0.0,0.0,2.0,5.0,0.0,5.0,2.2123430962343096,2.748909163030543,0.05083682008368201,0.0717572391907973,0.030125523012552304,0.029631098770329233,True,False,False,False,5.0
2024/25,570241,40,39,3,28,0,0,0,0,0,0,0,0,0,0,0,8,5.0,0.8,0.0,0.6,0,0,0,2,0,0.0,0.0,0.0,0.32,92,92,Ji-soo,Brentford,DEF,4.5,4.0,3.9,-0.10000000000000009,0.7692307692307693,9.642857142857142,0.7368421052631579,0,0.0,0.0,0.0,0.0,0.0,0.0,0.0,0.0,0.0,,0.0,,0.0,,0.0,,0.0,,0.0,,0.0,,0.0,,0.0,,True,False,False,False,4.0
2025/26,570241,40,39,0,0,0,0,0,0,0,0,0,0,0,0,0,0,0.0,0.0,0.0,0.0,0,0,0,0,0,0.0,0.0,0.0,0.0,92,92,Ji-soo,Brentford,DEF,4.5,4.0,3.9,-0.10000000000000009,0.0,0.0,0.0,0,0.0,0.0,0.0,0.0,0.0,0.0,0.0,0.0,3.0,0.0,28.0,0.0,0.0,0.0,0.0,0.0,0.0,0.0,0.0,0.0,9.642857142857142,0.0,0.0,0.0,0.0,0.0,True,False,False,False,5.0
2023/24,513418,55,52,33,327,2,2,1,5,0,0,0,0,0,0,2,81,105.8,58.3,100.0,26.2,0,0,0,0,3,1.29,0.72,2.01,3.58,94,94,Schade,Brentford,MID,6.0,5.5,5.2,-0.2999999999999998,6.346153846153846,9.082568807339449,8.605263157894736,4,0.5504587155963303,0.5504587155963303,0.355045871559633,0.19816513761467888,0.5532110091743119,0.0,0.02631578947368421,0.5504587155963303,29.0,,723.0,,0.0,,1.0,,3.0,,0.0,,3.6099585062240664,,0.2576763485477178,,0.08340248962655603,,False,False,False,True,3.0
2024/25,513418,55,53,149,2281,11,4,10,34,0,0,0,3,0,0,12,498,630.8,312.7,892.0,183.3,0,0,0,161,26,8.45,1.75,10.2,30.66,94,94,Schade,Brentford,MID,6.0,5.5,5.3,-0.20000000000000018,28.11320754716981,5.8790004384042085,60.026315789473685,15,0.43402016659359927,0.1578255151249452,0.3334064007014467,0.06904866286716352,0.4024550635686102,0.0,0.2631578947368421,0.4734765453748356,33.0,29.0,327.0,723.0,2.0,0.0,2.0,1.0,1.0,3.0,2.0,0.0,9.082568807339449,3.6099585062240664,0.355045871559633,0.2576763485477178,0.19816513761467888,0.08340248962655603,False,False,False,True,4.0
2025/26,513418,70,68,125,2744,8,5,11,34,0,0,1,6,1,0,5,385,536.8,380.1,821.0,172.8,54,94,42,190,32,12.08,2.05,14.13,40.05,94,94,Schade,Brentford,MID,6.0,7.0,6.8,-0.20000000000000018,18.38235294117647,4.099854227405248,72.21052631578948,13,0.2623906705539359,0.16399416909620992,0.39620991253644317,0.06723760932944606,0.4634475218658893,0.0,0.2894736842105263,0.16399416909620992,149.0,33.0,2281.0,327.0,11.0,2.0,4.0,2.0,10.0,1.0,12.0,2.0,5.8790004384042085,9.082568807339449,0.3334064007014467,0.355045871559633,0.06904866286716352,0.19816513761467888,False,False,False,True,5.0
2023/24,533463,50,47,56,1214,1,2,5,24,0,0,0,3,0,0,3,207,298.4,245.4,332.0,87.8,0,0,0,0,12,2.65,1.1,3.75,21.13,95,95,O.Dango,Brentford,MID,6.5,5.0,4.7,-0.2999999999999998,11.914893617021276,4.151565074135091,31.94736842105263,3,0.07413509060955518,0.14827018121911037,0.19645799011532125,0.08154859967051072,0.278006589785832,0.0,0.13157894736842105,0.22240527182866557,49.0,,1239.0,,1.0,,3.0,,1.0,,4.0,,3.559322033898305,,0.25569007263922516,,0.12203389830508474,,False,False,False,True,3.0
2024/25,533463,50,45,111,1998,7,4,7,23,0,0,0,3,0,0,7,432,624.6,496.8,754.0,187.2,0,0,0,196,21,8.42,3.24,11.66,31.96,95,95,O.Dango,Brentford,MID,6.5,5.0,4.5,-0.5,24.666666666666668,5.0,52.578947368421055,11,0.3153153153153153,0.1801801801801802,0.3792792792792793,0.14594594594594595,0.5252252252252253,0.0,0.18421052631578946,0.3153153153153153,56.0,49.0,1214.0,1239.0,1.0,1.0,2.0,3.0,5.0,1.0,3.0,4.0,4.151565074135091,3.559322033898305,0.19645799011532125,0.25569007263922516,0.08154859967051072,0.12203389830508474,False,False,False,True,4.0
2025/26,533463,60,56,136,2271,7,8,6,35,0,0,0,5,0,0,16,429,509.8,422.8,702.0,162.8,76,85,24,185,25,7.94,4.12,12.06,34.75,95,95,O.Dango,Brentford,MID,6.5,6.0,5.6,-0.40000000000000036,24.28571428571429,5.3896961690885075,59.76315789473684,15,0.2774108322324967,0.31704095112285335,0.31466314398943196,0.1632760898282695,0.4779392338177015,0.0,0.15789473684210525,0.6340819022457067,111.0,56.0,1998.0,1214.0,7.0,1.0,4.0,2.0,7.0,5.0,7.0,3.0,5.0,4.151565074135091,0.3792792792792793,0.19645799011532125,0.14594594594594595,0.08154859967051072,False,False,False,True,5.0
2022/23,440089,55,50,33,970,0,0,3,14,0,0,0,4,0,0,0,131,140.2,172.1,152.0,46.5,0,0,0,0,9,2.31,1.32,3.63,14.89,96,96,Damsgaard,Brentford,MID,5.5,5.5,5.0,-0.5,6.6,3.0618556701030926,25.526315789473685,0,0.0,0.0,0.2143298969072165,0.1224742268041237,0.33680412371134016,0.0,0.07894736842105263,0.0,0.0,,0.0,,0.0,,0.0,,0.0,,0.0,,0.0,,0.0,,0.0,,False,False,False,True,2.0
2023/24,440089,50,48,45,829,0,4,5,9,0,0,0,2,0,0,0,155,162.6,179.1,103.0,44.7,0,0,0,0,7,0.76,0.93,1.69,10.11,96,96,Damsgaard,Brentford,MID,5.5,5.0,4.8,-0.20000000000000018,9.375,4.8854041013269,21.81578947368421,4,0.0,0.4342581423401689,0.08250904704463209,0.10096501809408928,0.18347406513872136,0.0,0.13157894736842105,0.0,33.0,0.0,970.0,0.0,0.0,0.0,0.0,0.0,3.0,0.0,0.0,0.0,3.0618556701030926,0.0,0.2143298969072165,0.0,0.1224742268041237,0.0,False,False,False,True,3.0
2024/25,440089,50,49,131,2911,2,10,11,41,0,0,0,2,0,0,10,611,714.8,1006.4,338.0,205.9,0,0,0,321,34,2.91,7.01,9.92,45.6,96,96,Damsgaard,Brentford,MID,5.5,5.0,4.9,-0.09999999999999964,26.734693877551017,4.050154586052903,76.60526315789474,12,0.061834421161113026,0.30917210580556514,0.08996908278941945,0.21672964616970114,0.3066987289591206,0.0,0.2894736842105263,0.30917210580556514,45.0,33.0,829.0,970.0,0.0,0.0,4.0,0.0,5.0,3.0,0.0,0.0,4.8854041013269,3.0618556701030926,0.08250904704463209,0.2143298969072165,0.10096501809408928,0.1224742268041237,False,False,False,True,4.0
2025/26,440089,60,56,113,2046,4,4,5,32,0,0,0,0,0,0,9,467,530.6,691.3,326.0,155.0,45,139,57,241,24,2.61,5.43,8.04,31.55,96,96,Damsgaard,Brentford,MID,5.5,6.0,5.6,-0.40000000000000036,20.17857142857143,4.970674486803519,53.8421052631579,8,0.1759530791788856,0.1759530791788856,0.11480938416422286,0.23885630498533722,0.3536656891495601,0.0,0.13157894736842105,0.39589442815249265,131.0,45.0,2911.0,829.0,2.0,0.0,10.0,4.0,11.0,5.0,10.0,0.0,4.050154586052903,4.8854041013269,0.08996908278941945,0.08250904704463209,0.21672964616970114,0.10096501809408928,False,False,False,True,5.0
2022/23,207283,50,48,132,2805,5,7,10,40,0,0,0,5,0,0,11,498,644.0,787.9,208.0,164.1,0,0,0,0,37,2.34,4.79,7.13,40.47,97,97,Jensen,Brentford,MID,5.5,5.0,4.8,-0.20000000000000018,27.5,4.235294117647059,73.8157894736842,12,0.16042780748663102,0.2245989304812834,0.07508021390374331,0.1536898395721925,0.22877005347593582,0.0,0.2631578947368421,0.3529411764705882,54.0,,1590.0,,0.0,,1.0,,3.0,,2.0,,3.0566037735849054,,0.0,,0.0,,False,False,False,True,2.0
2023/24,207283,55,52,98,2201,3,4,9,45,0,0,0,5,0,0,10,422,481.2,689.3,135.0,130.4,0,0,0,0,27,0.71,4.89,5.6,36.36,97,97,Jensen,Brentford,MID,5.5,5.5,5.2,-0.2999999999999998,18.846153846153847,4.00726942298955,57.921052631578945,7,0.1226715129486597,0.1635620172648796,0.029032258064516127,0.1999545661063153,0.22898682417083144,0.0,0.23684210526315788,0.408905043162199,132.0,54.0,2805.0,1590.0,5.0,0.0,7.0,1.0,10.0,3.0,11.0,2.0,4.235294117647059,3.0566037735849054,0.07508021390374331,0.0,0.1536898395721925,0.0,False,False,False,True,3.0
2024/25,207283,55,53,38,846,0,2,2,17,0,0,0,2,0,0,1,179,157.0,249.5,32.0,43.8,0,0,0,87,8,0.23,1.75,1.98,16.41,97,97,Jensen,Brentford,MID,5.5,5.5,5.3,-0.20000000000000018,7.169811320754717,4.042553191489362,22.263157894736842,2,0.0,0.2127659574468085,0.02446808510638298,0.18617021276595744,0.21063829787234042,0.0,0.05263157894736842,0.10638297872340426,98.0,132.0,2201.0,2805.0,3.0,5.0,4.0,7.0,9.0,10.0,10.0,11.0,4.00726942298955,4.235294117647059,0.029032258064516127,0.07508021390374331,0.1999545661063153,0.1536898395721925,False,False,False,True,4.0
2025/26,207283,50,49,98,2239,3,2,9,33,0,0,0,3,0,0,1,465,435.6,632.7,201.0,126.9,62,118,40,220,26,2.21,6.06,8.27,35.72,97,97,Jensen,Brentford,MID,5.5,5.0,4.9,-0.09999999999999964,20.0,3.9392585975882093,58.921052631578945,5,0.12058954890576151,0.08039303260384101,0.08883430102724431,0.24359088878963822,0.3324251898168825,0.0,0.23684210526315788,0.040196516301920504,38.0,98.0,846.0,2201.0,0.0,3.0,2.0,4.0,2.0,9.0,1.0,10.0,4.042553191489362,4.00726942298955,0.02446808510638298,0.029032258064516127,0.18617021276595744,0.1999545661063153,False,False,False,True,5.0
2022/23,204580,55,55,85,2201,3,1,8,28,0,0,0,3,0,0,5,357,411.2,258.8,243.0,91.3,0,0,0,0,24,2.33,1.56,3.89,29.68,98,98,Janelt,Brentford,MID,5.0,5.5,5.5,0.0,15.454545454545455,3.4756928668786915,57.921052631578945,4,0.1226715129486597,0.0408905043162199,0.09527487505679237,0.06378918673330304,0.1590640617900954,0.0,0.21052631578947367,0.2044525215810995,90.0,,2295.0,,4.0,,0.0,,9.0,,8.0,,3.5294117647058822,,0.0,,0.0,,False,False,False,True,2.0
2023/24,204580,55,52,93,3054,1,4,9,52,0,0,0,8,0,0,1,466,503.4,562.5,285.0,135.3,0,0,0,0,37,1.82,3.44,5.26,47.65,98,98,Janelt,Brentford,MID,5.0,5.5,5.2,-0.2999999999999998,17.884615384615383,2.7406679764243616,80.36842105263158,5,0.02946954813359529,0.11787819253438116,0.05363457760314343,0.10137524557956779,0.1550098231827112,0.0,0.23684210526315788,0.02946954813359529,85.0,90.0,2201.0,2295.0,3.0,4.0,1.0,0.0,8.0,9.0,5.0,8.0,3.4756928668786915,3.5294117647058822,0.09527487505679237,0.0,0.06378918673330304,0.0,False,False,False,True,3.0
2024/25,204580,50,48,73,2251,1,3,6,38,2,0,0,3,0,0,2,384,356.6,284.2,131.0,77.2,0,0,0,229,27,0.83,2.38,3.21,37.37,98,98,Janelt,Brentford,MID,5.0,5.0,4.8,-0.20000000000000018,15.208333333333334,2.918702798756108,59.23684210526316,4,0.039982230119946685,0.11994669035984007,0.03318525099955575,0.09515770768547312,0.12834295868502887,0.0,0.15789473684210525,0.07996446023989337,93.0,85.0,3054.0,2201.0,1.0,3.0,4.0,1.0,9.0,8.0,1.0,5.0,2.7406679764243616,3.4756928668786915,0.05363457760314343,0.09527487505679237,0.10137524557956779,0.06378918673330304,False,False,False,True,4.0
2025/26,204580,50,49,74,1434,1,4,5,21,0,0,0,8,0,0,6,334,350.4,351.8,97.0,79.0,71,85,27,183,15,0.82,2.27,3.09,26.62,98,98,Janelt,Brentford,MID,5.0,5.0,4.9,-0.09999999999999964,15.102040816326529,4.644351464435147,37.73684210526316,5,0.06276150627615062,0.2510460251046025,0.05146443514644351,0.1424686192468619,0.19393305439330544,0.0,0.13157894736842105,0.37656903765690375,73.0,93.0,2251.0,3054.0,1.0,1.0,3.0,4.0,6.0,9.0,2.0,1.0,2.918702798756108,2.7406679764243616,0.03318525099955575,0.05363457760314343,0.09515770768547312,0.10137524557956779,False,False,False,True,5.0
2022/23,244858,55,51,27,339,2,1,0,3,0,0,0,0,0,0,0,80,89.4,36.7,173.0,29.7,0,0,0,0,4,1.11,0.25,1.36,5.01,100,100,Carvalho,Brentford,MID,5.0,5.5,5.1,-0.40000000000000036,5.294117647058824,7.168141592920354,8.921052631578947,3,0.5309734513274337,0.26548672566371684,0.29469026548672567,0.06637168141592921,0.3610619469026549,0.0,0.0,0.0,12.0,,254.0,,1.0,,0.0,,0.0,,0.0,,4.251968503937007,,0.0,,0.0,,False,False,False,True,2.0
2024/25,244858,50,45,35,443,2,1,0,14,0,0,0,1,0,0,1,127,142.2,71.5,154.0,36.3,0,0,0,49,3,2.49,0.54,3.03,11.46,100,100,Carvalho,Brentford,MID,5.0,5.0,4.5,-0.5,7.777777777777778,7.1106094808126405,11.657894736842104,3,0.4063205417607223,0.20316027088036115,0.5058690744920994,0.10970654627539503,0.6155756207674943,0.0,0.0,0.20316027088036115,27.0,12.0,339.0,254.0,2.0,1.0,1.0,0.0,0.0,0.0,0.0,0.0,7.168141592920354,4.251968503937007,0.29469026548672567,0.0,0.06637168141592921,0.0,False,False,False,True,4.0
2025/26,244858,50,46,13,100,1,0,0,4,0,0,0,0,0,0,1,42,39.0,6.5,36.0,8.1,0,5,3,8,1,0.7,0.03,0.73,2.08,100,100,Carvalho,Brentford,MID,5.0,5.0,4.6,-0.40000000000000036,2.8260869565217392,11.7,2.6315789473684212,1,0.8999999999999999,0.0,0.6299999999999999,0.026999999999999996,0.6569999999999999,0.0,0.0,0.8999999999999999,35.0,27.0,443.0,339.0,2.0,2.0,1.0,1.0,0.0,0.0,1.0,0.0,7.1106094808126405,7.168141592920354,0.5058690744920994,0.29469026548672567,0.10970654627539503,0.06637168141592921,False,False,False,True,5.0
2009/10,56979,45,45,82,2187,1,5,0,45,0,0,0,3,0,0,8,0,0.0,0.0,0.0,0.0,0,0,0,0,0,0.0,0.0,0.0,0.0,101,101,Henderson,Brentford,MID,5.0,4.5,4.5,0.0,18.22222222222222,3.3744855967078187,57.55263157894737,6,0.0411522633744856,0.205761316872428,0.0,0.0,0.0,0.0,0.0,0.3292181069958848,1.0,,45.0,,0.0,,0.0,,0.0,,0.0,,2.0,,0.0,,0.0,,False,False,False,True,
2010/11,56979,55,54,133,3211,3,5,13,46,0,0,0,2,0,0,20,0,0.0,0.0,0.0,0.0,0,0,0,0,0,0.0,0.0,0.0,0.0,101,101,Henderson,Brentford,MID,5.0,5.5,5.4,-0.09999999999999964,24.62962962962963,3.727810650887574,84.5,8,0.08408595453129866,0.14014325755216445,0.0,0.0,0.0,0.0,0.34210526315789475,0.5605730302086578,82.0,1.0,2187.0,45.0,1.0,0.0,5.0,0.0,0.0,0.0,8.0,0.0,3.3744855967078187,2.0,0.0,0.0,0.0,0.0,False,False,False,True,
2011/12,56979,65,56,95,2658,2,2,10,34,0,0,0,3,0,0,8,0,0.0,0.0,0.0,0.0,0,0,0,0,0,0.0,0.0,0.0,0.0,101,101,Henderson,Brentford,MID,5.0,6.5,5.6,-0.9000000000000004,16.964285714285715,3.216704288939052,69.94736842105263,4,0.06772009029345372,0.06772009029345372,0.0,0.0,0.0,0.0,0.2631578947368421,0.27088036117381487,133.0,82.0,3211.0,2187.0,3.0,1.0,5.0,5.0,13.0,0.0,20.0,8.0,3.727810650887574,3.3744855967078187,0.0,0.0,0.0,0.0,False,False,False,True,
2012/13,56979,60,48,95,1535,5,4,8,12,0,0,0,3,0,0,9,0,0.0,0.0,0.0,0.0,0,0,0,0,0,0.0,0.0,0.0,0.0,101,101,Henderson,Brentford,MID,5.0,6.0,4.8,-1.2000000000000002,19.791666666666668,5.570032573289902,40.39473684210526,9,0.29315960912052114,0.2345276872964169,0.0,0.0,0.0,0.0,0.21052631578947367,0.527687296416938,95.0,133.0,2658.0,3211.0,2.0,3.0,2.0,5.0,10.0,13.0,8.0,20.0,3.216704288939052,3.727810650887574,0.0,0.0,0.0,0.0,False,False,False,True,
2013/14,56979,60,62,124,3128,4,7,11,42,0,0,0,4,1,0,9,197,0.0,0.0,0.0,0.0,0,0,0,0,0,0.0,0.0,0.0,0.0,101,101,Henderson,Brentford,MID,5.0,6.0,6.2,0.20000000000000018,20.0,3.5677749360613813,82.3157894736842,11,0.11508951406649617,0.2014066496163683,0.0,0.0,0.0,0.0,0.2894736842105263,0.2589514066496164,95.0,95.0,1535.0,2658.0,5.0,2.0,4.0,2.0,8.0,10.0,9.0,8.0,5.570032573289902,3.216704288939052,0.0,0.0,0.0,0.0,False,False,False,True,
2014/15,56979,60,66,162,3256,6,10,13,45,0,0,0,6,0,0,22,725,0.0,0.0,0.0,0.0,0,0,0,0,0,0.0,0.0,0.0,0.0,101,101,Henderson,Brentford,MID,5.0,6.0,6.6,0.5999999999999996,24.545454545454547,4.477886977886978,85.6842105263158,16,0.16584766584766586,0.2764127764127764,0.0,0.0,0.0,0.0,0.34210526315789475,0.6081081081081081,124.0,95.0,3128.0,1535.0,4.0,5.0,7.0,4.0,11.0,8.0,9.0,9.0,3.5677749360613813,5.570032573289902,0.0,0.0,0.0,0.0,False,False,False,True,
2015/16,56979,70,65,57,1290,2,3,5,16,0,0,0,1,0,0,3,276,0.0,0.0,0.0,0.0,0,0,0,0,0,0.0,0.0,0.0,0.0,101,101,Henderson,Brentford,MID,5.0,7.0,6.5,-0.5,8.76923076923077,3.9767441860465116,33.94736842105263,5,0.13953488372093023,0.20930232558139533,0.0,0.0,0.0,0.0,0.13157894736842105,0.20930232558139533,162.0,124.0,3256.0,3128.0,6.0,4.0,10.0,7.0,13.0,11.0,22.0,9.0,4.477886977886978,3.5677749360613813,0.0,0.0,0.0,0.0,False,False,False,True,
2016/17,56979,65,62,73,2116,1,4,7,28,0,0,0,8,0,0,9,467,507.4,554.3,93.0,115.5,0,0,0,0,0,0.0,0.0,0.0,0.0,101,101,Henderson,Brentford,MID,5.0,6.5,6.2,-0.2999999999999998,11.774193548387096,3.1049149338374287,55.68421052631579,5,0.04253308128544423,0.17013232514177692,0.0,0.0,0.0,0.0,0.18421052631578946,0.3827977315689981,57.0,162.0,1290.0,3256.0,2.0,6.0,3.0,10.0,5.0,13.0,3.0,22.0,3.9767441860465116,4.477886977886978,0.0,0.0,0.0,0.0,False,False,False,True,
2017/18,56979,55,53,75,2169,1,1,14,21,0,0,0,1,0,0,3,382,417.0,448.8,110.0,97.8,0,0,0,0,0,0.0,0.0,0.0,0.0,101,101,Henderson,Brentford,MID,5.0,5.5,5.3,-0.20000000000000018,14.150943396226415,3.1120331950207465,57.078947368421055,2,0.04149377593360996,0.04149377593360996,0.0,0.0,0.0,0.0,0.3684210526315789,0.12448132780082986,73.0,57.0,2116.0,1290.0,1.0,2.0,4.0,3.0,7.0,5.0,9.0,3.0,3.1049149338374287,3.9767441860465116,0.0,0.0,0.0,0.0,False,False,False,True,
2018/19,56979,55,53,76,1976,1,3,12,14,0,0,0,1,1,0,2,397,358.8,311.7,182.0,85.4,0,0,0,0,0,0.0,0.0,0.0,0.0,101,101,Henderson,Brentford,MID,5.0,5.5,5.3,-0.20000000000000018,14.339622641509434,3.4615384615384617,52.0,4,0.04554655870445344,0.13663967611336034,0.0,0.0,0.0,0.0,0.3157894736842105,0.09109311740890688,75.0,73.0,2169.0,2116.0,1.0,1.0,1.0,4.0,14.0,7.0,3.0,9.0,3.1120331950207465,3.1049149338374287,0.0,0.0,0.0,0.0,False,False,False,True,
2019/20,56979,55,52,116,2234,4,5,16,14,0,0,0,2,0,0,11,530,582.6,425.9,275.0,128.5,0,0,0,0,0,0.0,0.0,0.0,0.0,101,101,Henderson,Brentford,MID,5.0,5.5,5.2,-0.2999999999999998,22.307692307692307,4.673231871083258,58.78947368421053,9,0.1611459265890779,0.20143240823634737,0.0,0.0,0.0,0.0,0.42105263157894735,0.4431512981199642,76.0,75.0,1976.0,2169.0,1.0,1.0,3.0,1.0,12.0,14.0,2.0,3.0,3.4615384615384617,3.1120331950207465,0.0,0.0,0.0,0.0,False,False,False,True,
2020/21,56979,55,54,56,1704,1,2,4,23,0,0,0,0,0,0,2,345,358.0,262.3,108.0,72.9,0,0,0,0,0,0.0,0.0,0.0,0.0,101,101,Henderson,Brentford,MID,5.0,5.5,5.4,-0.09999999999999964,10.37037037037037,2.9577464788732395,44.8421052631579,3,0.0528169014084507,0.1056338028169014,0.0,0.0,0.0,0.0,0.10526315789473684,0.1056338028169014,116.0,76.0,2234.0,1976.0,4.0,1.0,5.0,3.0,16.0,12.0,11.0,2.0,4.673231871083258,3.4615384615384617,0.0,0.0,0.0,0.0,False,False,False,True,
2021/22,56979,50,49,110,2592,2,5,15,22,0,0,0,3,0,0,9,507,487.4,659.5,247.0,139.2,0,0,0,0,0,0.0,0.0,0.0,0.0,101,101,Henderson,Brentford,MID,5.0,5.0,4.9,-0.09999999999999964,22.448979591836732,3.819444444444444,68.21052631578948,7,0.06944444444444445,0.1736111111111111,0.0,0.0,0.0,0.0,0.39473684210526316,0.3125,56.0,116.0,1704.0,2234.0,1.0,4.0,2.0,5.0,4.0,16.0,2.0,11.0,2.9577464788732395,4.673231871083258,0.0,0.0,0.0,0.0,False,False,False,True,1.0
2022/23,56979,55,53,69,2060,0,3,8,30,0,0,0,2,0,0,0,401,315.2,525.8,185.0,103.0,0,0,0,0,23,1.35,3.59,4.93,31.96,101,101,Henderson,Brentford,MID,5.0,5.5,5.3,-0.20000000000000018,13.018867924528303,3.0145631067961163,54.21052631578947,3,0.0,0.13106796116504854,0.058980582524271845,0.15684466019417476,0.2153883495145631,0.0,0.21052631578947367,0.0,110.0,56.0,2592.0,1704.0,2.0,1.0,5.0,2.0,15.0,4.0,9.0,2.0,3.819444444444444,2.9577464788732395,0.0,0.0,0.0,0.0,False,False,False,True,2.0
2023/24,56979,50,50,0,0,0,0,0,0,0,0,0,0,0,0,0,0,0.0,0.0,0.0,0.0,0,0,0,0,0,0.0,0.0,0.0,0.0,101,101,Henderson,Brentford,MID,5.0,5.0,5.0,0.0,0.0,0.0,0.0,0,0.0,0.0,0.0,0.0,0.0,0.0,0.0,0.0,69.0,110.0,2060.0,2592.0,0.0,2.0,3.0,5.0,8.0,15.0,0.0,9.0,3.0145631067961163,3.819444444444444,0.058980582524271845,0.0,0.15684466019417476,0.0,False,False,False,True,3.0
2025/26,56979,50,50,76,1911,1,3,6,28,0,0,0,6,0,0,5,343,336.6,358.3,49.0,74.4,58,98,27,183,22,0.33,2.31,2.64,28.16,101,101,Henderson,Brentford,MID,5.0,5.0,5.0,0.0,15.2,3.5792778649921506,50.28947368421053,4,0.04709576138147566,0.14128728414442698,0.01554160125588697,0.1087912087912088,0.12433281004709576,0.0,0.15789473684210525,0.23547880690737832,0.0,69.0,0.0,2060.0,0.0,0.0,0.0,3.0,0.0,8.0,0.0,0.0,0.0,3.0145631067961163,0.0,0.058980582524271845,0.0,0.15684466019417476,False,False,False,True,5.0
2023/24,508395,45,42,33,670,0,0,4,9,0,0,0,2,0,0,0,95,98.4,66.9,127.0,29.0,0,0,0,0,6,0.94,1.0,1.94,9.42,102,102,Yarmoliuk,Brentford,MID,5.0,4.5,4.2,-0.2999999999999998,7.857142857142857,4.432835820895522,17.63157894736842,0,0.0,0.0,0.1262686567164179,0.13432835820895522,0.2605970149253731,0.0,0.10526315789473684,0.0,0.0,,0.0,,0.0,,0.0,,0.0,,0.0,,0.0,,0.0,,0.0,,False,False,False,True,3.0
2024/25,508395,45,43,43,1435,0,0,3,25,0,0,0,6,0,0,0,255,259.6,196.1,89.0,54.4,0,0,0,215,15,0.62,0.91,1.53,26.43,102,102,Yarmoliuk,Brentford,MID,5.0,4.5,4.3,-0.20000000000000018,10.0,2.696864111498258,37.76315789473684,0,0.0,0.0,0.03888501742160279,0.05707317073170732,0.0959581881533101,0.0,0.07894736842105263,0.0,33.0,0.0,670.0,0.0,0.0,0.0,0.0,0.0,4.0,0.0,0.0,0.0,4.432835820895522,0.0,0.1262686567164179,0.0,0.13432835820895522,0.0,False,False,False,True,4.0
2025/26,508395,50,50,104,2652,1,3,8,42,0,0,0,7,0,0,1,448,445.0,273.0,117.0,83.4,83,186,69,338,30,1.22,1.39,2.61,40.31,102,102,Yarmoliuk,Brentford,MID,5.0,5.0,5.0,0.0,20.8,3.5294117647058827,69.78947368421052,4,0.03393665158371041,0.10180995475113122,0.041402714932126695,0.047171945701357465,0.08857466063348417,0.0,0.21052631578947367,0.03393665158371041,43.0,33.0,1435.0,670.0,0.0,0.0,0.0,0.0,3.0,4.0,0.0,0.0,2.696864111498258,4.432835820895522,0.03888501742160279,0.1262686567164179,0.05707317073170732,0.13432835820895522,False,False,False,True,5.0
2022/23,183656,45,41,81,1371,4,2,5,17,0,0,0,1,0,0,3,274,305.8,208.5,182.0,69.6,0,0,0,0,14,1.58,1.62,3.2,17.89,103,103,Dasilva,Brentford,MID,5.0,4.5,4.1,-0.40000000000000036,19.75609756097561,5.317286652078775,36.078947368421055,6,0.262582056892779,0.1312910284463895,0.10371991247264771,0.1063457330415755,0.21006564551422321,0.0,0.13157894736842105,0.19693654266958427,7.0,,250.0,,0.0,,0.0,,0.0,,0.0,,2.52,,0.0,,0.0,,False,False,False,True,2.0
2023/24,183656,50,47,3,22,0,0,0,0,0,0,0,0,0,0,0,6,6.8,15.4,14.0,3.6,0,0,0,0,0,0.0,0.23,0.23,0.1,103,103,Dasilva,Brentford,MID,5.0,5.0,4.7,-0.2999999999999998,0.6382978723404255,12.272727272727273,0.5789473684210527,0,0.0,0.0,0.0,0.940909090909091,0.940909090909091,0.0,0.0,0.0,81.0,7.0,1371.0,250.0,4.0,0.0,2.0,0.0,5.0,0.0,3.0,0.0,5.317286652078775,2.52,0.10371991247264771,0.0,0.1063457330415755,0.0,False,False,False,True,3.0
2024/25,183656,50,48,0,0,0,0,0,0,0,0,0,0,0,0,0,0,0.0,0.0,0.0,0.0,0,0,0,0,0,0.0,0.0,0.0,0.0,103,103,Dasilva,Brentford,MID,5.0,5.0,4.8,-0.20000000000000018,0.0,0.0,0.0,0,0.0,0.0,0.0,0.0,0.0,0.0,0.0,0.0,3.0,81.0,22.0,1371.0,0.0,4.0,0.0,2.0,0.0,5.0,0.0,3.0,12.272727272727273,5.317286652078775,0.0,0.10371991247264771,0.940909090909091,0.1063457330415755,False,False,False,True,4.0
2025/26,183656,50,49,2,2,0,0,0,0,0,0,0,0,0,0,0,5,0.4,11.3,4.0,1.6,0,1,0,1,0,0.08,0.0,0.08,0.05,103,103,Dasilva,Brentford,MID,5.0,5.0,4.9,-0.09999999999999964,0.4081632653061224,90.0,0.05263157894736842,0,0.0,0.0,3.6,0.0,3.6,0.0,0.0,0.0,0.0,3.0,0.0,22.0,0.0,0.0,0.0,0.0,0.0,0.0,0.0,0.0,0.0,12.272727272727273,0.0,0.0,0.0,0.940909090909091,False,False,False,True,5.0
2022/23,428580,50,48,38,837,0,3,3,11,0,0,0,0,0,0,0,111,136.4,93.7,111.0,34.2,0,0,0,0,8,1.03,0.78,1.81,15.65,104,104,Onyeka,Coventry City,MID,5.0,5.0,4.8,-0.20000000000000018,7.916666666666667,4.086021505376344,22.026315789473685,3,0.0,0.3225806451612903,0.110752688172043,0.08387096774193548,0.19462365591397848,0.0,0.07894736842105263,0.0,35.0,,1040.0,,0.0,,2.0,,3.0,,0.0,,3.0288461538461537,,0.0,,0.0,,False,False,False,True,2.0
2023/24,428580,50,49,39,1147,1,2,1,27,0,0,0,8,0,0,0,150,259.0,178.3,189.0,62.6,0,0,0,0,11,2.09,1.44,3.53,21.94,104,104,Onyeka,Coventry City,MID,5.0,5.0,4.9,-0.09999999999999964,7.959183673469387,3.0601569311246735,30.18421052631579,3,0.07846556233653008,0.15693112467306017,0.16399302528334786,0.11299040976460331,0.2769834350479512,0.0,0.02631578947368421,0.0,38.0,35.0,837.0,1040.0,0.0,0.0,3.0,2.0,3.0,3.0,0.0,0.0,4.086021505376344,3.0288461538461537,0.110752688172043,0.0,0.08387096774193548,0.0,False,False,False,True,3.0
2024/25,428580,50,49,2,23,0,0,0,0,0,0,0,0,0,0,0,3,0.0,0.5,0.0,0.0,0,0,0,2,0,0.0,0.02,0.02,0.69,104,104,Onyeka,Coventry City,MID,5.0,5.0,4.9,-0.09999999999999964,0.4081632653061224,7.82608695652174,0.6052631578947368,0,0.0,0.0,0.0,0.0782608695652174,0.0782608695652174,0.0,0.0,0.0,39.0,38.0,1147.0,837.0,1.0,0.0,2.0,3.0,1.0,3.0,0.0,0.0,3.0601569311246735,4.086021505376344,0.16399302528334786,0.110752688172043,0.11299040976460331,0.08387096774193548,False,False,False,True,4.0
2025/26,428580,50,48,12,88,0,2,0,2,0,0,0,0,0,0,0,41,28.4,13.6,4.0,4.6,3,5,2,10,0,0.0,0.36,0.36,2.02,104,104,Onyeka,Coventry City,MID,5.0,5.0,4.8,-0.20000000000000018,2.5,12.272727272727273,2.3157894736842106,2,0.0,2.0454545454545454,0.0,0.36818181818181817,0.36818181818181817,0.0,0.0,0.0,2.0,39.0,23.0,1147.0,0.0,1.0,0.0,2.0,0.0,1.0,0.0,0.0,7.82608695652174,3.0601569311246735,0.0,0.16399302528334786,0.0782608695652174,0.11299040976460331,False,False,False,True,5.0
2023/24,444180,50,49,3,151,0,0,0,5,0,0,0,1,0,0,0,4,9.0,4.6,16.0,3.0,0,0,0,0,2,0.07,0.02,0.09,4.44,105,105,Anthony,Brentford,MID,6.0,5.0,4.9,-0.09999999999999964,0.6122448979591836,1.7880794701986755,3.973684210526316,0,0.0,0.0,0.041721854304635764,0.011920529801324504,0.05364238410596026,0.0,0.0,0.0,61.0,,1241.0,,3.0,,1.0,,2.0,,4.0,,4.423851732473811,,0.12256244963738919,,0.07977437550362611,,False,False,False,True,3.0
2024/25,444180,45,45,0,0,0,0,0,0,0,0,0,0,0,0,0,0,0.0,0.0,0.0,0.0,0,0,0,0,0,0.0,0.0,0.0,0.0,105,105,Anthony,Brentford,MID,6.0,4.5,4.5,0.0,0.0,0.0,0.0,0,0.0,0.0,0.0,0.0,0.0,0.0,0.0,0.0,3.0,61.0,151.0,1241.0,0.0,3.0,0.0,1.0,0.0,2.0,0.0,4.0,1.7880794701986755,4.423851732473811,0.041721854304635764,0.12256244963738919,0.011920529801324504,0.07977437550362611,False,False,False,True,4.0
2025/26,444180,55,50,127,2717,8,4,4,59,0,0,0,4,0,0,6,513,586.8,552.2,619.0,175.8,49,141,42,232,32,5.11,2.85,7.96,59.0,105,105,Anthony,Brentford,MID,6.0,5.5,5.0,-0.5,25.4,4.2068457857931545,71.5,12,0.26499815973500185,0.13249907986750092,0.16926757453073243,0.0944055944055944,0.2636731689363268,0.0,0.10526315789473684,0.19874861980125139,0.0,3.0,0.0,151.0,0.0,0.0,0.0,0.0,0.0,0.0,0.0,0.0,0.0,1.7880794701986755,0.0,0.041721854304635764,0.0,0.011920529801324504,False,False,False,True,5.0
2025/26,502500,60,72,181,3282,22,1,10,50,0,0,1,7,0,0,22,710,1019.4,382.5,1170.0,256.9,84,93,37,214,37,20.6,1.83,22.43,53.17,106,106,Thiago,Brentford,FWD,8.0,6.0,7.2,1.2000000000000002,25.13888888888889,4.963436928702011,86.36842105263158,23,0.603290676416819,0.027422303473491772,0.5648994515539305,0.05018281535648995,0.6150822669104204,0.0,0.2631578947368421,0.603290676416819,9.0,,167.0,,0.0,,0.0,,0.0,,0.0,,4.850299401197605,,0.07005988023952096,,0.02155688622754491,,False,True,False,False,5.0
2016/17,75115,65,60,63,1361,6,1,6,25,0,0,0,0,0,0,2,170,229.0,125.7,487.0,82.2,0,0,0,0,0,0.0,0.0,0.0,0.0,108,108,Wilson,Brentford,FWD,5.5,6.5,6.0,-0.5,10.5,4.166054371785452,35.81578947368421,7,0.3967670830271859,0.06612784717119766,0.0,0.0,0.0,0.0,0.15789473684210525,0.1322556943423953,46.0,,771.0,,5.0,,0.0,,1.0,,5.0,,5.369649805447471,,0.0,,0.0,,False,True,False,False,
2017/18,75115,60,56,102,1981,8,2,6,33,0,0,0,0,0,0,13,282,392.2,288.4,799.0,147.5,0,0,0,0,0,0.0,0.0,0.0,0.0,108,108,Wilson,Brentford,FWD,5.5,6.0,5.6,-0.40000000000000036,18.214285714285715,4.634023220595658,52.13157894736842,10,0.36345280161534577,0.09086320040383644,0.0,0.0,0.0,0.0,0.15789473684210525,0.5906108026249368,63.0,46.0,1361.0,771.0,6.0,5.0,1.0,0.0,6.0,1.0,2.0,5.0,4.166054371785452,5.369649805447471,0.0,0.0,0.0,0.0,False,True,False,False,
2018/19,75115,60,69,168,2528,14,12,9,47,0,0,1,3,0,0,22,525,737.8,388.4,1137.0,225.0,0,0,0,0,0,0.0,0.0,0.0,0.0,108,108,Wilson,Brentford,FWD,5.5,6.0,6.9,0.9000000000000004,24.34782608695652,5.981012658227848,66.52631578947368,26,0.49841772151898733,0.4272151898734177,0.0,0.0,0.0,0.0,0.23684210526315788,0.7832278481012658,102.0,63.0,1981.0,1361.0,8.0,6.0,2.0,1.0,6.0,6.0,13.0,2.0,4.634023220595658,4.166054371785452,0.0,0.0,0.0,0.0,False,True,False,False,
2019/20,75115,80,74,116,2906,8,6,4,53,0,0,0,9,0,0,8,321,397.4,391.1,848.0,162.6,0,0,0,0,0,0.0,0.0,0.0,0.0,108,108,Wilson,Brentford,FWD,5.5,8.0,7.4,-0.5999999999999996,15.675675675675675,3.592567102546455,76.47368421052632,14,0.24776324845147968,0.18582243633860976,0.0,0.0,0.0,0.0,0.10526315789473684,0.24776324845147968,168.0,102.0,2528.0,1981.0,14.0,8.0,12.0,2.0,9.0,6.0,22.0,13.0,5.981012658227848,4.634023220595658,0.0,0.0,0.0,0.0,False,True,False,False,
2020/21,75115,65,65,134,2081,12,6,5,37,0,0,0,2,0,0,22,409,557.4,230.4,761.0,154.7,0,0,0,0,0,0.0,0.0,0.0,0.0,108,108,Wilson,Brentford,FWD,5.5,6.5,6.5,0.0,20.615384615384617,5.795290725612686,54.76315789473684,18,0.5189812590100913,0.25949062950504564,0.0,0.0,0.0,0.0,0.13157894736842105,0.9514656415185007,116.0,168.0,2906.0,2528.0,8.0,14.0,6.0,12.0,4.0,9.0,8.0,22.0,3.592567102546455,5.981012658227848,0.0,0.0,0.0,0.0,False,True,False,False,
2021/22,75115,75,71,75,1386,8,0,3,32,0,0,0,4,0,0,14,220,319.8,127.3,494.0,92.4,0,0,0,0,0,0.0,0.0,0.0,0.0,108,108,Wilson,Brentford,FWD,5.5,7.5,7.1,-0.40000000000000036,10.563380281690142,4.87012987012987,36.473684210526315,8,0.5194805194805194,0.0,0.0,0.0,0.0,0.0,0.07894736842105263,0.9090909090909091,134.0,116.0,2081.0,2906.0,12.0,8.0,6.0,6.0,5.0,4.0,22.0,8.0,5.795290725612686,3.592567102546455,0.0,0.0,0.0,0.0,False,True,False,False,1.0
2022/23,75115,75,73,157,1870,18,6,10,16,0,0,0,4,0,0,20,526,722.2,271.3,1022.0,200.9,0,0,0,0,21,16.43,2.11,18.54,21.93,108,108,Wilson,Brentford,FWD,5.5,7.5,7.3,-0.20000000000000018,21.506849315068493,7.55614973262032,49.21052631578947,24,0.8663101604278075,0.2887700534759358,0.7907486631016042,0.10155080213903743,0.8922994652406416,0.0,0.2631578947368421,0.9625668449197861,75.0,134.0,1386.0,2081.0,8.0,12.0,0.0,6.0,3.0,5.0,14.0,22.0,4.87012987012987,5.795290725612686,0.0,0.0,0.0,0.0,False,True,False,False,2.0
2023/24,75115,80,78,69,981,9,1,6,15,0,0,0,3,0,0,4,246,366.2,110.3,563.0,103.2,0,0,0,0,9,8.96,0.54,9.5,13.12,108,108,Wilson,Brentford,FWD,5.5,8.0,7.8,-0.20000000000000018,8.846153846153847,6.330275229357798,25.81578947368421,10,0.8256880733944953,0.09174311926605504,0.8220183486238533,0.04954128440366973,0.8715596330275229,0.0,0.15789473684210525,0.36697247706422015,157.0,75.0,1870.0,1386.0,18.0,8.0,6.0,0.0,10.0,3.0,20.0,14.0,7.55614973262032,4.87012987012987,0.7907486631016042,0.0,0.10155080213903743,0.0,False,True,False,False,3.0
2024/25,75115,70,69,19,355,0,0,0,7,0,0,0,1,0,0,0,42,13.0,42.2,71.0,12.1,0,0,0,15,2,0.36,0.09,0.45,6.07,108,108,Wilson,Brentford,FWD,5.5,7.0,6.9,-0.09999999999999964,2.753623188405797,4.816901408450704,9.342105263157896,0,0.0,0.0,0.0912676056338028,0.0228169014084507,0.11408450704225352,0.0,0.0,0.0,69.0,157.0,981.0,1870.0,9.0,18.0,1.0,6.0,6.0,10.0,4.0,20.0,6.330275229357798,7.55614973262032,0.8220183486238533,0.7907486631016042,0.04954128440366973,0.10155080213903743,False,True,False,False,4.0
2025/26,75115,60,58,80,1234,7,2,1,24,0,0,0,1,0,0,7,296,305.2,109.0,509.0,91.1,10,27,4,41,11,7.6,0.54,8.14,21.49,108,108,Wilson,Brentford,FWD,5.5,6.0,5.8,-0.20000000000000018,13.793103448275863,5.834683954619125,32.473684210526315,9,0.5105348460291734,0.14586709886547813,0.5542949756888169,0.0393841166936791,0.593679092382496,0.0,0.02631578947368421,0.5105348460291734,19.0,69.0,355.0,981.0,0.0,9.0,0.0,1.0,0.0,6.0,0.0,4.0,4.816901408450704,6.330275229357798,0.0912676056338028,0.8220183486238533,0.0228169014084507,0.04954128440366973,False,True,False,False,5.0
2024/25,489639,45,45,103,3240,0,1,7,58,0,0,0,5,0,91,6,366,849.8,10.0,0.0,85.8,0,0,0,0,36,0.0,0.01,0.01,53.1,109,109,Verbruggen,Brighton,GKP,4.5,4.5,4.5,0.0,22.88888888888889,2.861111111111111,85.26315789473684,1,0.0,0.027777777777777776,0.0,0.0002777777777777778,0.0002777777777777778,2.5277777777777777,0.18421052631578946,0.16666666666666666,68.0,,1890.0,,0.0,,0.0,,4.0,,7.0,,3.238095238095238,,0.0,,0.0,,False,False,True,False,4.0
2025/26,489639,45,46,130,3420,0,0,10,46,1,1,0,3,0,106,6,616,935.0,10.0,0.0,94.7,32,332,1,0,38,0.0,0.06,0.06,49.06,109,109,Verbruggen,Brighton,GKP,4.5,4.5,4.6,0.09999999999999964,28.260869565217394,3.4210526315789473,90.0,0,0.0,0.0,0.0,0.0015789473684210526,0.0015789473684210526,2.789473684210526,0.2631578947368421,0.15789473684210525,103.0,68.0,3240.0,1890.0,0.0,0.0,1.0,0.0,7.0,4.0,6.0,7.0,2.861111111111111,3.238095238095238,0.0,0.0,0.0002777777777777778,0.0,False,False,True,False,5.0
2025/26,472739,40,40,0,0,0,0,0,0,0,0,0,0,0,0,0,0,0.0,0.0,0.0,0.0,0,0,0,0,0,0.0,0.0,0.0,0.0,110,110,Rushworth,Brighton,GKP,4.5,4.0,4.0,0.0,0.0,0.0,0.0,0,0.0,0.0,0.0,0.0,0.0,0.0,0.0,0.0,0.0,,0.0,,0.0,,0.0,,0.0,,0.0,,0.0,,0.0,,0.0,,False,False,True,False,5.0
2008/09,49262,40,40,0,0,0,0,0,0,0,0,0,0,0,0,0,0,0.0,0.0,0.0,0.0,0,0,0,0,0,0.0,0.0,0.0,0.0,111,111,Steele,Brighton,GKP,4.0,4.0,4.0,0.0,0.0,0.0,0.0,0,0.0,0.0,0.0,0.0,0.0,0.0,0.0,0.0,0.0,,0.0,,0.0,,0.0,,0.0,,0.0,,0.0,,0.0,,0.0,,False,False,True,False,
2018/19,49262,40,39,0,0,0,0,0,0,0,0,0,0,0,0,0,0,0.0,0.0,0.0,0.0,0,0,0,0,0,0.0,0.0,0.0,0.0,111,111,Steele,Brighton,GKP,4.0,4.0,3.9,-0.10000000000000009,0.0,0.0,0.0,0,0.0,0.0,0.0,0.0,0.0,0.0,0.0,0.0,0.0,0.0,0.0,0.0,0.0,0.0,0.0,0.0,0.0,0.0,0.0,0.0,0.0,0.0,0.0,0.0,0.0,0.0,False,False,True,False,
2020/21,49262,40,39,0,0,0,0,0,0,0,0,0,0,0,0,0,0,0.0,0.0,0.0,0.0,0,0,0,0,0,0.0,0.0,0.0,0.0,111,111,Steele,Brighton,GKP,4.0,4.0,3.9,-0.10000000000000009,0.0,0.0,0.0,0,0.0,0.0,0.0,0.0,0.0,0.0,0.0,0.0,0.0,0.0,0.0,0.0,0.0,0.0,0.0,0.0,0.0,0.0,0.0,0.0,0.0,0.0,0.0,0.0,0.0,0.0,False,False,True,False,
2021/22,49262,40,39,2,90,0,0,0,2,0,0,0,0,0,3,0,17,28.8,0.0,0.0,2.9,0,0,0,0,0,0.0,0.0,0.0,0.0,111,111,Steele,Brighton,GKP,4.0,4.0,3.9,-0.10000000000000009,0.5128205128205129,2.0,2.3684210526315788,0,0.0,0.0,0.0,0.0,0.0,3.0,0.0,0.0,0.0,0.0,0.0,0.0,0.0,0.0,0.0,0.0,0.0,0.0,0.0,0.0,0.0,0.0,0.0,0.0,0.0,0.0,False,False,True,False,1.0
2022/23,49262,40,40,65,1350,0,1,6,23,1,1,0,1,0,37,8,332,377.6,13.0,0.0,39.1,0,0,0,0,15,0.0,0.15,0.15,23.46,111,111,Steele,Brighton,GKP,4.0,4.0,4.0,0.0,16.25,4.333333333333333,35.526315789473685,1,0.0,0.06666666666666667,0.0,0.01,0.01,2.466666666666667,0.15789473684210525,0.5333333333333333,2.0,0.0,90.0,0.0,0.0,0.0,0.0,0.0,0.0,0.0,0.0,0.0,2.0,0.0,0.0,0.0,0.0,0.0,False,False,True,False,2.0
2023/24,49262,45,40,42,1530,0,0,2,34,0,0,0,0,0,43,5,300,382.2,0.1,0.0,38.2,0,0,0,0,17,0.0,0.0,0.0,24.86,111,111,Steele,Brighton,GKP,4.0,4.5,4.0,-0.5,10.5,2.4705882352941178,40.26315789473684,0,0.0,0.0,0.0,0.0,0.0,2.5294117647058822,0.05263157894736842,0.29411764705882354,65.0,2.0,1350.0,90.0,0.0,0.0,1.0,0.0,6.0,0.0,8.0,0.0,4.333333333333333,2.0,0.0,0.0,0.01,0.0,False,False,True,False,3.0
2024/25,49262,45,40,9,180,0,0,1,1,0,0,0,0,0,3,1,46,40.4,0.0,0.0,4.1,0,0,0,0,2,0.0,0.0,0.0,1.88,111,111,Steele,Brighton,GKP,4.0,4.5,4.0,-0.5,2.25,4.5,4.7368421052631575,0,0.0,0.0,0.0,0.0,0.0,1.5,0.02631578947368421,0.5,42.0,65.0,1530.0,1350.0,0.0,0.0,0.0,1.0,2.0,6.0,5.0,8.0,2.4705882352941178,4.333333333333333,0.0,0.0,0.0,0.01,False,False,True,False,4.0
2025/26,49262,45,42,0,0,0,0,0,0,0,0,0,0,0,0,0,0,0.0,0.0,0.0,0.0,0,0,0,0,0,0.0,0.0,0.0,0.0,111,111,Steele,Brighton,GKP,4.0,4.5,4.2,-0.2999999999999998,0.0,0.0,0.0,0,0.0,0.0,0.0,0.0,0.0,0.0,0.0,0.0,9.0,42.0,180.0,1530.0,0.0,0.0,0.0,0.0,1.0,2.0,1.0,5.0,4.5,2.4705882352941178,0.0,0.0,0.0,0.0,False,False,True,False,5.0
2023/24,469142,40,40,61,2368,0,0,5,38,0,0,0,4,0,0,3,454,631.8,176.4,175.0,98.5,0,0,0,0,26,1.42,0.93,2.35,37.22,112,112,Van Hecke,Spurs,DEF,5.0,4.0,4.0,0.0,15.25,2.3184121621621623,62.31578947368421,0,0.0,0.0,0.05396959459459459,0.03534628378378379,0.08931587837837839,0.0,0.13157894736842105,0.11402027027027027,6.0,,291.0,,0.0,,0.0,,0.0,,0.0,,1.8556701030927836,,0.17010309278350516,,0.012371134020618556,,True,False,False,False,3.0
2024/25,469142,45,45,87,2960,1,1,7,47,0,0,0,6,1,0,7,406,736.6,261.8,182.0,118.3,0,0,0,230,33,1.32,1.41,2.73,44.67,112,112,Van Hecke,Spurs,DEF,5.0,4.5,4.5,0.0,19.333333333333332,2.6452702702702706,77.89473684210526,2,0.030405405405405407,0.030405405405405407,0.04013513513513514,0.04287162162162162,0.08300675675675677,0.0,0.18421052631578946,0.21283783783783786,61.0,6.0,2368.0,291.0,0.0,0.0,0.0,0.0,5.0,0.0,3.0,0.0,2.3184121621621623,1.8556701030927836,0.05396959459459459,0.17010309278350516,0.03534628378378379,0.012371134020618556,True,False,False,False,4.0
2025/26,469142,45,47,148,3210,3,3,10,44,1,0,0,9,0,0,8,575,980.6,240.4,295.0,152.0,264,113,53,317,36,3.31,1.57,4.87,46.27,112,112,Van Hecke,Spurs,DEF,5.0,4.5,4.7,0.20000000000000018,31.48936170212766,4.149532710280374,84.47368421052632,6,0.08411214953271029,0.08411214953271029,0.09280373831775701,0.044018691588785054,0.13654205607476635,0.0,0.2631578947368421,0.22429906542056077,87.0,61.0,2960.0,2368.0,1.0,0.0,1.0,0.0,7.0,5.0,7.0,3.0,2.6452702702702706,2.3184121621621623,0.04013513513513514,0.05396959459459459,0.04287162162162162,0.03534628378378379,True,False,False,False,5.0
2025/26,231416,45,45,118,3130,1,2,10,41,0,0,0,6,0,0,7,514,505.0,444.8,284.0,123.7,113,130,57,170,34,2.06,3.31,5.37,44.61,113,113,F.Kadıoğlu,Brighton,DEF,4.5,4.5,4.5,0.0,26.22222222222222,3.3929712460063897,82.36842105263158,3,0.02875399361022364,0.05750798722044728,0.059233226837060705,0.09517571884984026,0.15440894568690094,0.0,0.2631578947368421,0.2012779552715655,19.0,,385.0,,1.0,,0.0,,2.0,,0.0,,4.441558441558442,,0.10285714285714286,,0.07246753246753247,,True,False,False,False,5.0
2018/19,83299,45,44,91,3151,2,1,7,56,0,0,0,5,1,0,6,573,805.8,132.9,245.0,118.7,0,0,0,0,0,0.0,0.0,0.0,0.0,116,116,Dunk,Brighton,DEF,4.5,4.5,4.4,-0.09999999999999964,20.68181818181818,2.5991748651221833,82.92105263157895,3,0.05712472231037766,0.02856236115518883,0.0,0.0,0.0,0.0,0.18421052631578946,0.17137416693113297,97.0,,3420.0,,1.0,,1.0,,10.0,,7.0,,2.5526315789473686,,0.0,,0.0,,True,False,False,False,
2019/20,83299,45,48,128,3230,3,3,9,50,0,0,0,9,0,0,17,674,825.6,171.8,469.0,146.8,0,0,0,0,0,0.0,0.0,0.0,0.0,116,116,Dunk,Brighton,DEF,4.5,4.5,4.8,0.2999999999999998,26.666666666666668,3.5665634674922604,85.0,6,0.08359133126934985,0.08359133126934985,0.0,0.0,0.0,0.0,0.23684210526315788,0.4736842105263158,91.0,97.0,3151.0,3420.0,2.0,1.0,1.0,1.0,7.0,10.0,6.0,7.0,2.5991748651221833,2.5526315789473686,0.0,0.0,0.0,0.0,True,False,False,False,
2020/21,83299,50,48,130,2932,5,0,11,40,1,0,0,5,2,0,17,626,720.4,136.7,443.0,130.2,0,0,0,0,0,0.0,0.0,0.0,0.0,116,116,Dunk,Brighton,DEF,4.5,5.0,4.8,-0.20000000000000018,27.083333333333336,3.9904502046384724,77.15789473684211,5,0.15347885402455663,0.0,0.0,0.0,0.0,0.0,0.2894736842105263,0.5218281036834925,128.0,91.0,3230.0,3151.0,3.0,2.0,3.0,1.0,9.0,7.0,17.0,6.0,3.5665634674922604,2.5991748651221833,0.0,0.0,0.0,0.0,True,False,False,False,
2021/22,83299,50,48,92,2573,1,0,10,33,0,0,0,3,1,0,7,537,570.0,63.5,327.0,96.1,0,0,0,0,0,0.0,0.0,0.0,0.0,116,116,Dunk,Brighton,DEF,4.5,5.0,4.8,-0.20000000000000018,19.166666666666668,3.2180334240186554,67.71052631578948,1,0.03497862417411582,0.0,0.0,0.0,0.0,0.0,0.2631578947368421,0.24485036921881073,130.0,128.0,2932.0,3230.0,5.0,3.0,0.0,3.0,11.0,9.0,17.0,17.0,3.9904502046384724,3.5665634674922604,0.0,0.0,0.0,0.0,True,False,False,False,1.0
2022/23,83299,45,48,112,3240,1,1,12,50,1,0,0,4,0,0,7,648,661.4,163.6,198.0,102.4,0,0,0,0,36,1.67,0.9,2.57,46.43,116,116,Dunk,Brighton,DEF,4.5,4.5,4.8,0.2999999999999998,23.333333333333336,3.111111111111111,85.26315789473684,2,0.027777777777777776,0.027777777777777776,0.04638888888888889,0.025,0.07138888888888889,0.0,0.3157894736842105,0.19444444444444445,92.0,130.0,2573.0,2932.0,1.0,5.0,0.0,0.0,10.0,11.0,7.0,17.0,3.2180334240186554,3.9904502046384724,0.0,0.0,0.0,0.0,True,False,False,False,2.0
2023/24,83299,50,52,89,2869,3,1,5,53,0,0,0,6,1,0,11,567,823.0,205.4,389.0,141.7,0,0,0,0,33,3.15,2.24,5.38,49.76,116,116,Dunk,Brighton,DEF,4.5,5.0,5.2,0.20000000000000018,17.115384615384613,2.7919135587312653,75.5,4,0.09410944579993029,0.03136981526664343,0.0988149180899268,0.07026838619728129,0.16876960613454164,0.0,0.13157894736842105,0.34506796793307776,112.0,92.0,3240.0,2573.0,1.0,1.0,1.0,0.0,12.0,10.0,7.0,7.0,3.111111111111111,3.2180334240186554,0.04638888888888889,0.0,0.025,0.0,True,False,False,False,3.0
2024/25,83299,45,42,44,2081,0,1,4,42,1,0,0,5,0,0,0,223,425.4,115.7,128.0,66.9,0,0,0,126,23,0.81,1.02,1.83,35.69,116,116,Dunk,Brighton,DEF,4.5,4.5,4.2,-0.2999999999999998,10.476190476190476,1.9029312830370013,54.76315789473684,1,0.0,0.04324843825084094,0.03503123498318116,0.04411340701585776,0.07914464199903892,0.0,0.10526315789473684,0.0,89.0,112.0,2869.0,3240.0,3.0,1.0,1.0,1.0,5.0,12.0,11.0,7.0,2.7919135587312653,3.111111111111111,0.0988149180899268,0.04638888888888889,0.07026838619728129,0.025,True,False,False,False,4.0
2025/26,83299,45,45,100,2837,1,1,7,40,0,0,0,10,0,0,5,443,649.6,125.5,210.0,98.7,196,135,35,231,31,1.83,0.56,2.39,41.9,116,116,Dunk,Brighton,DEF,4.5,4.5,4.5,0.0,22.22222222222222,3.1723651744800847,74.65789473684211,2,0.031723651744800845,0.031723651744800845,0.05805428269298555,0.017765244977088476,0.07581952767007402,0.0,0.18421052631578946,0.15861825872400423,44.0,89.0,2081.0,2869.0,0.0,3.0,1.0,1.0,4.0,5.0,0.0,11.0,1.9029312830370013,2.7919135587312653,0.03503123498318116,0.0988149180899268,0.04411340701585776,0.07026838619728129,True,False,False,False,5.0
2024/25,223434,45,43,18,959,0,0,1,17,0,0,0,4,0,0,0,113,189.6,54.7,4.0,24.9,0,0,0,61,10,0.05,0.25,0.3,17.21,118,118,Igor,Brighton,DEF,4.5,4.5,4.3,-0.20000000000000018,4.186046511627907,1.6892596454640252,25.236842105263158,0,0.0,0.0,0.0046923879040667365,0.023461939520333683,0.028154327424400417,0.0,0.02631578947368421,0.0,37.0,,1631.0,,0.0,,0.0,,2.0,,1.0,,2.041692213366033,,0.0137952176578786,,0.0275904353157572,,True,False,False,False,4.0
2025/26,223434,45,45,6,103,0,0,0,3,0,0,0,0,0,0,0,10,25.8,10.6,0.0,3.6,13,3,0,13,1,0.0,0.0,0.0,4.66,118,118,Igor,Brighton,DEF,4.5,4.5,4.5,0.0,1.3333333333333333,5.242718446601942,2.710526315789474,0,0.0,0.0,0.0,0.0,0.0,0.0,0.0,0.0,18.0,37.0,959.0,1631.0,0.0,0.0,0.0,0.0,1.0,2.0,0.0,1.0,1.6892596454640252,2.041692213366033,0.0046923879040667365,0.0137952176578786,0.023461939520333683,0.0275904353157572,True,False,False,False,5.0
2023/24,451340,65,64,74,1485,3,7,1,27,0,0,0,4,0,0,7,252,327.6,375.1,636.0,134.0,0,0,0,0,15,3.49,3.56,7.05,24.64,121,121,Mitoma,Brighton,MID,6.0,6.5,6.4,-0.09999999999999964,11.5625,4.484848484848484,39.078947368421055,10,0.18181818181818182,0.42424242424242425,0.21151515151515152,0.21575757575757576,0.42727272727272725,0.0,0.02631578947368421,0.42424242424242425,138.0,,2311.0,,7.0,,9.0,,8.0,,11.0,,5.374296841194289,,0.3228472522717438,,0.1919948074426655,,False,False,False,True,3.0
2024/25,451340,65,63,145,2597,10,5,6,40,0,0,0,1,0,0,12,536,670.6,578.0,856.0,210.7,0,0,0,168,28,9.19,4.03,13.22,37.05,121,121,Mitoma,Brighton,MID,6.0,6.5,6.3,-0.20000000000000018,23.015873015873016,5.025028879476319,68.34210526315789,15,0.346553715825953,0.1732768579129765,0.3184828648440508,0.13966114747785907,0.45814401232190993,0.0,0.15789473684210525,0.41586445899114366,74.0,138.0,1485.0,2311.0,3.0,7.0,7.0,9.0,1.0,8.0,7.0,11.0,4.484848484848484,5.374296841194289,0.21151515151515152,0.3228472522717438,0.21575757575757576,0.1919948074426655,False,False,False,True,4.0
2025/26,451340,65,61,62,1714,3,1,5,20,0,0,0,5,0,0,2,247,288.4,422.3,416.0,112.3,27,62,18,107,19,4.04,2.74,6.78,23.76,121,121,Mitoma,Brighton,MID,6.0,6.5,6.1,-0.40000000000000036,10.163934426229508,3.2555425904317388,45.10526315789474,4,0.15752625437572929,0.05250875145857643,0.21213535589264879,0.14387397899649942,0.3560093348891482,0.0,0.13157894736842105,0.10501750291715287,145.0,74.0,2597.0,1485.0,10.0,3.0,5.0,7.0,6.0,1.0,12.0,7.0,5.025028879476319,4.484848484848484,0.3184828648440508,0.21151515151515152,0.13966114747785907,0.21575757575757576,False,False,False,True,5.0
2025/26,592031,60,55,117,2389,3,8,11,33,0,0,0,3,0,0,9,466,491.8,691.4,617.0,180.3,33,96,56,185,26,3.81,5.06,8.87,34.09,122,122,Minteh,Brighton,MID,6.0,6.0,5.5,-0.5,21.272727272727273,4.407701967350356,62.86842105263158,11,0.11301799916282963,0.30138133110087906,0.14353285893679363,0.19062369192130596,0.3341565508580996,0.0,0.2894736842105263,0.3390539974884889,102.0,,1831.0,,6.0,,5.0,,4.0,,8.0,,5.013653741125069,,0.20300382304751502,,0.2452758055707264,,False,False,False,True,5.0
2023/24,532529,45,45,42,866,3,0,2,17,0,0,0,1,0,0,5,155,200.2,118.9,230.0,55.0,0,0,0,0,8,2.1,0.36,2.46,14.3,123,123,Hinshelwood,Brighton,MID,6.0,4.5,4.5,0.0,9.333333333333334,4.364896073903003,22.789473684210527,3,0.3117782909930716,0.0,0.21824480369515015,0.03741339491916859,0.2556581986143187,0.0,0.05263157894736842,0.5196304849884527,1.0,,1.0,,0.0,,0.0,,0.0,,0.0,,90.0,,0.0,,0.0,,False,False,False,True,3.0
2024/25,532529,50,49,89,1839,5,3,6,30,0,0,0,5,0,0,8,404,394.6,268.1,304.0,97.0,0,0,0,146,22,2.74,1.5,4.24,30.09,123,123,Hinshelwood,Brighton,MID,6.0,5.0,4.9,-0.09999999999999964,18.163265306122447,4.355628058727569,48.39473684210526,8,0.24469820554649266,0.1468189233278956,0.134094616639478,0.0734094616639478,0.2075040783034258,0.0,0.15789473684210525,0.3915171288743883,42.0,1.0,866.0,1.0,3.0,0.0,0.0,0.0,2.0,0.0,5.0,0.0,4.364896073903003,90.0,0.21824480369515015,0.0,0.03741339491916859,0.0,False,False,False,True,4.0
2025/26,532529,55,52,91,1736,4,5,7,23,1,0,0,0,0,0,2,317,312.6,228.0,412.0,94.8,35,61,18,114,20,4.94,2.34,7.28,27.83,123,123,Hinshelwood,Brighton,MID,6.0,5.5,5.2,-0.2999999999999998,17.5,4.717741935483871,45.68421052631579,9,0.20737327188940094,0.25921658986175117,0.2561059907834102,0.12131336405529954,0.3774193548387097,0.0,0.18421052631578946,0.10368663594470047,89.0,42.0,1839.0,866.0,5.0,3.0,3.0,0.0,6.0,2.0,8.0,5.0,4.355628058727569,4.364896073903003,0.134094616639478,0.21824480369515015,0.0734094616639478,0.03741339491916859,False,False,False,True,5.0
2018/19,60307,70,67,80,1864,3,3,3,31,0,0,1,1,0,0,12,347,456.0,815.3,344.0,161.7,0,0,0,0,0,0.0,0.0,0.0,0.0,124,124,Groß,Brighton,MID,5.5,7.0,6.7,-0.2999999999999998,11.940298507462686,3.8626609442060085,49.05263157894737,6,0.1448497854077253,0.1448497854077253,0.0,0.0,0.0,0.0,0.07894736842105263,0.5793991416309012,164.0,,2928.0,,7.0,,8.0,,10.0,,24.0,,5.040983606557377,,0.0,,0.0,,False,False,False,True,
2019/20,60307,65,62,76,1791,2,5,3,32,1,0,0,4,0,0,7,326,388.2,908.5,323.0,161.6,0,0,0,0,0,0.0,0.0,0.0,0.0,124,124,Groß,Brighton,MID,5.5,6.5,6.2,-0.2999999999999998,12.258064516129032,3.819095477386935,47.13157894736842,7,0.10050251256281408,0.2512562814070352,0.0,0.0,0.0,0.0,0.07894736842105263,0.35175879396984927,80.0,164.0,1864.0,2928.0,3.0,7.0,3.0,8.0,3.0,10.0,12.0,24.0,3.8626609442060085,5.040983606557377,0.0,0.0,0.0,0.0,False,False,False,True,
2020/21,60307,60,58,116,2479,3,8,10,28,0,0,1,3,0,0,11,525,620.4,1087.8,415.0,212.3,0,0,0,0,0,0.0,0.0,0.0,0.0,124,124,Groß,Brighton,MID,5.5,6.0,5.8,-0.20000000000000018,20.0,4.211375554659137,65.23684210526316,11,0.10891488503428802,0.29043969342476805,0.0,0.0,0.0,0.0,0.2631578947368421,0.3993545784590561,76.0,80.0,1791.0,1864.0,2.0,3.0,5.0,3.0,3.0,3.0,7.0,12.0,3.819095477386935,3.8626609442060085,0.0,0.0,0.0,0.0,False,False,False,True,
2021/22,60307,60,56,88,2033,2,5,8,24,0,0,1,1,0,0,7,405,475.2,961.8,370.0,180.9,0,0,0,0,0,0.0,0.0,0.0,0.0,124,124,Groß,Brighton,MID,5.5,6.0,5.6,-0.40000000000000036,15.714285714285715,3.8957206099360553,53.5,7,0.08853910477127398,0.22134776192818495,0.0,0.0,0.0,0.0,0.21052631578947367,0.3098868666994589,116.0,76.0,2479.0,1791.0,3.0,2.0,8.0,5.0,10.0,3.0,11.0,7.0,4.211375554659137,3.819095477386935,0.0,0.0,0.0,0.0,False,False,False,True,1.0
2022/23,60307,55,54,159,3240,9,8,11,51,1,0,0,7,0,0,14,748,918.6,1227.5,582.0,273.2,0,0,0,0,37,5.19,8.93,14.12,48.43,124,124,Groß,Brighton,MID,5.5,5.5,5.4,-0.09999999999999964,29.444444444444443,4.416666666666667,85.26315789473684,17,0.25,0.2222222222222222,0.14416666666666667,0.24805555555555556,0.3922222222222222,0.0,0.2894736842105263,0.3888888888888889,88.0,116.0,2033.0,2479.0,2.0,3.0,5.0,8.0,8.0,10.0,7.0,11.0,3.8957206099360553,4.211375554659137,0.0,0.0,0.0,0.0,False,False,False,True,2.0
2023/24,60307,65,61,153,3112,4,11,7,50,0,0,0,6,0,0,29,724,988.6,1674.9,434.0,309.9,0,0,0,0,34,6.4,8.89,15.29,51.16,124,124,Groß,Brighton,MID,5.5,6.5,6.1,-0.40000000000000036,25.081967213114755,4.424807197943445,81.89473684210526,15,0.11568123393316196,0.3181233933161954,0.18508997429305915,0.2571015424164525,0.44219151670951157,0.0,0.18421052631578946,0.8386889460154242,159.0,88.0,3240.0,2033.0,9.0,2.0,8.0,5.0,11.0,8.0,14.0,7.0,4.416666666666667,3.8957206099360553,0.14416666666666667,0.0,0.24805555555555556,0.0,False,False,False,True,3.0
2024/25,60307,65,65,0,0,0,0,0,0,0,0,0,0,0,0,0,0,0.0,0.0,0.0,0.0,0,0,0,0,0,0.0,0.0,0.0,0.0,124,124,Groß,Brighton,MID,5.5,6.5,6.5,0.0,0.0,0.0,0.0,0,0.0,0.0,0.0,0.0,0.0,0.0,0.0,0.0,153.0,159.0,3112.0,3240.0,4.0,9.0,11.0,8.0,7.0,11.0,29.0,14.0,4.424807197943445,4.416666666666667,0.18508997429305915,0.14416666666666667,0.2571015424164525,0.24805555555555556,False,False,False,True,4.0
2025/26,60307,55,56,78,1636,1,6,6,17,0,0,0,2,0,0,10,389,397.2,668.2,220.0,128.5,40,76,29,145,18,1.39,3.95,5.34,20.36,124,124,Groß,Brighton,MID,5.5,5.5,5.6,0.09999999999999964,13.928571428571429,4.290953545232274,43.05263157894737,7,0.05501222493887531,0.33007334963325186,0.07646699266503668,0.21729828850855748,0.29376528117359413,0.0,0.15789473684210525,0.5501222493887531,0.0,153.0,0.0,3112.0,0.0,4.0,0.0,11.0,0.0,7.0,0.0,29.0,0.0,4.424807197943445,0.0,0.18508997429305915,0.0,0.2571015424164525,False,False,False,True,5.0
2024/25,463067,55,50,95,1651,5,6,6,29,0,0,0,2,0,0,1,288,355.4,281.8,404.0,103.0,0,0,0,130,19,4.57,1.67,6.24,27.9,125,125,Georginio,Brighton,FWD,5.5,5.5,5.0,-0.5,19.0,5.178679588128407,43.44736842105263,11,0.2725620835857056,0.32707450030284674,0.24912174439733495,0.09103573591762568,0.3401574803149606,0.0,0.15789473684210525,0.054512416717141125,15.0,,263.0,,0.0,,1.0,,0.0,,0.0,,5.133079847908745,,0.14030418250950571,,0.07870722433460077,,False,True,False,False,4.0
2025/26,463067,60,56,87,1776,3,5,7,20,1,0,0,2,0,0,2,290,338.6,349.5,448.0,113.5,38,61,32,131,20,2.9,2.9,5.8,21.59,125,125,Georginio,Brighton,FWD,5.5,6.0,5.6,-0.40000000000000036,15.535714285714286,4.408783783783783,46.73684210526316,8,0.15202702702702703,0.25337837837837834,0.14695945945945946,0.14695945945945946,0.2939189189189189,0.0,0.18421052631578946,0.10135135135135134,95.0,15.0,1651.0,263.0,5.0,0.0,6.0,1.0,6.0,0.0,1.0,0.0,5.178679588128407,5.133079847908745,0.24912174439733495,0.14030418250950571,0.09103573591762568,0.07870722433460077,False,True,False,False,5.0
2025/26,219249,55,55,16,202,1,0,1,3,0,0,0,0,0,0,2,48,65.4,67.7,63.0,19.6,3,2,5,10,2,1.21,0.18,1.39,2.53,126,126,O'Riley,Brighton,MID,5.5,5.5,5.5,0.0,2.909090909090909,7.128712871287129,5.315789473684211,1,0.44554455445544555,0.0,0.5391089108910891,0.0801980198019802,0.6193069306930693,0.0,0.02631578947368421,0.8910891089108911,50.0,,929.0,,2.0,,3.0,,2.0,,2.0,,4.8439181916038745,,0.26738428417653387,,0.1976318622174381,,False,False,False,True,5.0
2025/26,514254,50,49,97,2117,5,1,8,29,0,0,0,9,0,0,9,361,438.2,319.7,432.0,119.0,49,112,77,238,26,6.24,1.72,7.96,29.35,127,127,Gomez,Brighton,MID,5.0,5.0,4.9,-0.09999999999999964,19.79591836734694,4.123760037789324,55.71052631578947,6,0.21256495040151158,0.042512990080302314,0.26528105810108643,0.07312234293811998,0.3384034010392064,0.0,0.21052631578947367,0.38261691072272086,30.0,,507.0,,1.0,,1.0,,0.0,,2.0,,5.325443786982248,,0.14556213017751476,,0.20591715976331357,,False,False,False,True,5.0
2023/24,536916,50,47,57,1356,3,1,6,19,0,0,0,7,0,0,1,160,254.8,291.3,238.0,78.4,0,0,0,0,17,2.34,1.16,3.5,21.14,128,128,Buonanotte,Brighton,MID,5.0,5.0,4.7,-0.2999999999999998,12.127659574468085,3.7831858407079646,35.68421052631579,4,0.19911504424778761,0.06637168141592921,0.15530973451327432,0.07699115044247787,0.2323008849557522,0.0,0.15789473684210525,0.06637168141592921,26.0,,558.0,,1.0,,1.0,,1.0,,2.0,,4.193548387096774,,0.20967741935483872,,0.06290322580645161,,False,False,False,True,3.0
2024/25,536916,50,45,75,1508,5,2,2,33,0,0,0,8,0,0,6,299,415.8,415.8,318.0,114.7,0,0,0,162,14,4.01,2.29,6.3,29.23,128,128,Buonanotte,Brighton,MID,5.0,5.0,4.5,-0.5,16.666666666666668,4.476127320954907,39.68421052631579,7,0.29840848806366044,0.11936339522546419,0.2393236074270557,0.1366710875331565,0.37599469496021215,0.0,0.05263157894736842,0.35809018567639256,57.0,26.0,1356.0,558.0,3.0,1.0,1.0,1.0,6.0,1.0,1.0,2.0,3.7831858407079646,4.193548387096774,0.15530973451327432,0.20967741935483872,0.07699115044247787,0.06290322580645161,False,False,False,True,4.0
2025/26,536916,50,46,3,81,0,0,0,4,0,0,0,1,0,0,0,9,13.2,40.0,21.0,7.4,2,3,1,6,1,0.06,0.28,0.34,2.51,128,128,Buonanotte,Brighton,MID,5.0,5.0,4.6,-0.40000000000000036,0.6521739130434783,3.333333333333333,2.1315789473684212,0,0.0,0.0,0.06666666666666667,0.3111111111111111,0.37777777777777777,0.0,0.0,0.0,75.0,57.0,1508.0,1356.0,5.0,3.0,2.0,1.0,2.0,6.0,6.0,1.0,4.476127320954907,3.7831858407079646,0.2393236074270557,0.15530973451327432,0.1366710875331565,0.07699115044247787,False,False,False,True,5.0
2023/24,509416,45,45,0,0,0,0,0,0,0,0,0,0,0,0,0,0,0.0,0.0,0.0,0.0,0,0,0,0,0,0.0,0.0,0.0,0.0,129,129,Ayari,Brighton,MID,5.5,4.5,4.5,0.0,0.0,0.0,0.0,0,0.0,0.0,0.0,0.0,0.0,0.0,0.0,0.0,3.0,,65.0,,0.0,,0.0,,0.0,,0.0,,4.153846153846154,,0.027692307692307693,,0.41538461538461535,,False,False,False,True,3.0
2024/25,509416,50,50,74,1958,2,1,7,28,0,0,0,4,0,0,3,358,363.2,507.5,247.0,111.7,0,0,0,228,22,2.51,2.62,5.13,30.15,129,129,Ayari,Brighton,MID,5.5,5.0,5.0,0.0,14.8,3.4014300306435135,51.526315789473685,3,0.09193054136874361,0.045965270684371805,0.11537282941777323,0.12042900919305413,0.23580183861082735,0.0,0.18421052631578946,0.1378958120531154,0.0,3.0,0.0,65.0,0.0,0.0,0.0,0.0,0.0,0.0,0.0,0.0,0.0,4.153846153846154,0.0,0.027692307692307693,0.0,0.41538461538461535,False,False,False,True,4.0
2025/26,509416,50,48,98,1921,3,4,6,24,0,0,0,1,0,0,7,406,359.8,251.3,231.0,84.5,54,124,47,225,20,2.7,1.15,3.85,26.85,129,129,Ayari,Brighton,MID,5.5,5.0,4.8,-0.20000000000000018,20.416666666666668,4.591358667360749,50.55263157894737,7,0.14055179593961478,0.18740239458615304,0.12649661634565332,0.05387818844351899,0.1803748047891723,0.0,0.15789473684210525,0.3279541905257678,74.0,0.0,1958.0,0.0,2.0,0.0,1.0,0.0,7.0,0.0,3.0,0.0,3.4014300306435135,0.0,0.11537282941777323,0.0,0.12042900919305413,0.0,False,False,False,True,5.0
2025/26,467779,50,48,94,1901,2,4,6,26,0,0,0,8,0,0,6,398,477.0,291.1,209.0,97.7,101,102,66,269,23,1.92,1.86,3.78,23.95,130,130,Wieffer,Brighton,DEF,5.0,5.0,4.8,-0.20000000000000018,19.583333333333336,4.450289321409784,50.026315789473685,6,0.09468700683850605,0.1893740136770121,0.0908995265649658,0.08805891635981063,0.17895844292477642,0.0,0.15789473684210525,0.2840610205155181,52.0,,1003.0,,1.0,,5.0,,2.0,,4.0,,4.666001994017947,,0.07178464606181456,,0.0897308075772682,,True,False,False,False,5.0
2024/25,535301,50,50,87,2660,3,1,8,40,0,0,0,6,1,0,7,490,515.4,343.7,193.0,105.2,0,0,0,376,31,3.1,1.21,4.31,39.54,131,131,Baleba,Brighton,MID,5.0,5.0,5.0,0.0,17.4,2.943609022556391,70.0,4,0.10150375939849623,0.03383458646616541,0.10488721804511278,0.040939849624060144,0.14582706766917292,0.0,0.21052631578947367,0.23684210526315788,34.0,,1314.0,,0.0,,0.0,,2.0,,0.0,,2.328767123287671,,0.05821917808219178,,0.01643835616438356,,False,False,False,True,4.0
2025/26,535301,50,45,56,1646,0,0,7,19,0,0,0,5,0,0,0,231,166.8,156.3,44.0,36.8,67,105,37,209,23,0.78,0.72,1.5,20.4,131,131,Baleba,Brighton,MID,5.0,5.0,4.5,-0.5,12.444444444444445,3.0619684082624548,43.31578947368421,0,0.0,0.0,0.04264884568651276,0.0393681652490887,0.08201701093560146,0.0,0.18421052631578946,0.0,87.0,34.0,2660.0,1314.0,3.0,0.0,1.0,0.0,8.0,2.0,7.0,0.0,2.943609022556391,2.328767123287671,0.10488721804511278,0.05821917808219178,0.040939849624060144,0.01643835616438356,False,False,False,True,5.0
2025/26,597320,45,45,4,92,0,0,0,2,0,0,0,0,0,0,0,11,10.2,5.1,2.0,1.8,3,3,1,7,1,0.0,0.03,0.03,1.04,132,132,Howell,Brighton,MID,4.5,4.5,4.5,0.0,0.8888888888888888,3.91304347826087,2.4210526315789473,0,0.0,0.0,0.0,0.029347826086956522,0.029347826086956522,0.0,0.0,0.0,1.0,,6.0,,0.0,,0.0,,0.0,,0.0,,15.0,,0.0,,0.75,,False,False,False,True,5.0
2009/10,50175,60,59,6,141,0,0,0,3,0,0,0,0,0,0,0,0,0.0,0.0,0.0,0.0,0,0,0,0,0,0.0,0.0,0.0,0.0,136,136,Welbeck,Brighton,FWD,6.0,6.0,5.9,-0.09999999999999964,1.0169491525423728,3.8297872340425534,3.710526315789474,0,0.0,0.0,0.0,0.0,0.0,0.0,0.0,0.0,9.0,,118.0,,1.0,,0.0,,0.0,,1.0,,6.864406779661017,,0.0,,0.0,,False,True,False,False,
2010/11,50175,55,44,79,1756,6,1,9,27,0,0,0,2,0,0,11,0,0.0,0.0,0.0,0.0,0,0,0,0,0,0.0,0.0,0.0,0.0,136,136,Welbeck,Brighton,FWD,6.0,5.5,4.4,-1.0999999999999996,17.954545454545453,4.048974943052391,46.21052631578947,7,0.3075170842824601,0.05125284738041002,0.0,0.0,0.0,0.0,0.23684210526315788,0.5637813211845102,6.0,9.0,141.0,118.0,0.0,1.0,0.0,0.0,0.0,0.0,0.0,1.0,3.8297872340425534,6.864406779661017,0.0,0.0,0.0,0.0,False,True,False,False,
2011/12,50175,70,63,112,2012,9,5,11,24,0,0,0,3,0,0,12,0,0.0,0.0,0.0,0.0,0,0,0,0,0,0.0,0.0,0.0,0.0,136,136,Welbeck,Brighton,FWD,6.0,7.0,6.3,-0.7000000000000002,17.77777777777778,5.009940357852883,52.94736842105263,14,0.40258449304174954,0.22365805168986086,0.0,0.0,0.0,0.0,0.2894736842105263,0.5367793240556661,79.0,6.0,1756.0,141.0,6.0,0.0,1.0,0.0,9.0,0.0,11.0,0.0,4.048974943052391,3.8297872340425534,0.0,0.0,0.0,0.0,False,True,False,False,
2012/13,50175,85,78,57,1301,1,4,4,12,0,0,0,1,0,0,2,0,0.0,0.0,0.0,0.0,0,0,0,0,0,0.0,0.0,0.0,0.0,136,136,Welbeck,Brighton,FWD,6.0,8.5,7.8,-0.7000000000000002,7.3076923076923075,3.943120676402767,34.23684210526316,5,0.06917755572636433,0.2767102229054573,0.0,0.0,0.0,0.0,0.10526315789473684,0.13835511145272866,112.0,79.0,2012.0,1756.0,9.0,6.0,5.0,1.0,11.0,9.0,12.0,11.0,5.009940357852883,4.048974943052391,0.0,0.0,0.0,0.0,False,True,False,False,
2013/14,50175,75,66,100,1462,9,4,4,22,0,0,0,2,0,0,16,124,0.0,0.0,0.0,0.0,0,0,0,0,0,0.0,0.0,0.0,0.0,136,136,Welbeck,Brighton,FWD,6.0,7.5,6.6,-0.9000000000000004,15.151515151515152,6.155950752393982,38.473684210526315,13,0.5540355677154583,0.24623803009575926,0.0,0.0,0.0,0.0,0.10526315789473684,0.984952120383037,57.0,112.0,1301.0,2012.0,1.0,9.0,4.0,5.0,4.0,11.0,2.0,12.0,3.943120676402767,5.009940357852883,0.0,0.0,0.0,0.0,False,True,False,False,
2014/15,50175,70,69,89,1709,4,7,6,19,0,0,0,3,0,0,10,328,0.0,0.0,0.0,0.0,0,0,0,0,0,0.0,0.0,0.0,0.0,136,136,Welbeck,Brighton,FWD,6.0,7.0,6.9,-0.09999999999999964,12.89855072463768,4.686951433586893,44.973684210526315,11,0.2106495026331188,0.3686366296079579,0.0,0.0,0.0,0.0,0.15789473684210525,0.526623756582797,100.0,57.0,1462.0,1301.0,9.0,1.0,4.0,4.0,4.0,4.0,16.0,2.0,6.155950752393982,3.943120676402767,0.0,0.0,0.0,0.0,False,True,False,False,
2015/16,50175,75,69,48,575,4,3,3,10,0,0,0,1,0,0,7,175,0.0,0.0,0.0,0.0,0,0,0,0,0,0.0,0.0,0.0,0.0,136,136,Welbeck,Brighton,FWD,6.0,7.5,6.9,-0.5999999999999996,6.956521739130435,7.513043478260869,15.131578947368421,7,0.6260869565217391,0.4695652173913043,0.0,0.0,0.0,0.0,0.07894736842105263,1.0956521739130434,89.0,100.0,1709.0,1462.0,4.0,9.0,7.0,4.0,6.0,4.0,10.0,16.0,4.686951433586893,6.155950752393982,0.0,0.0,0.0,0.0,False,True,False,False,
2016/17,50175,75,73,37,748,2,2,3,11,0,0,0,0,0,0,0,117,144.8,89.9,321.0,55.5,0,0,0,0,0,0.0,0.0,0.0,0.0,136,136,Welbeck,Brighton,FWD,6.0,7.5,7.3,-0.20000000000000018,5.068493150684931,4.45187165775401,19.68421052631579,4,0.24064171122994651,0.24064171122994651,0.0,0.0,0.0,0.0,0.07894736842105263,0.0,48.0,89.0,575.0,1709.0,4.0,4.0,3.0,7.0,3.0,6.0,7.0,10.0,7.513043478260869,4.686951433586893,0.0,0.0,0.0,0.0,False,True,False,False,
2017/18,50175,75,73,70,1178,5,2,4,21,0,0,0,1,0,0,6,249,309.8,212.8,435.0,96.0,0,0,0,0,0,0.0,0.0,0.0,0.0,136,136,Welbeck,Brighton,FWD,6.0,7.5,7.3,-0.20000000000000018,9.589041095890412,5.34804753820034,31.0,7,0.38200339558573854,0.15280135823429541,0.0,0.0,0.0,0.0,0.10526315789473684,0.45840407470288624,37.0,48.0,748.0,575.0,2.0,4.0,2.0,3.0,3.0,3.0,0.0,7.0,4.45187165775401,7.513043478260869,0.0,0.0,0.0,0.0,False,True,False,False,
2018/19,50175,65,64,19,146,1,1,0,3,0,0,0,0,0,0,3,63,73.6,56.8,66.0,19.5,0,0,0,0,0,0.0,0.0,0.0,0.0,136,136,Welbeck,Brighton,FWD,6.0,6.5,6.4,-0.09999999999999964,2.96875,11.712328767123287,3.8421052631578947,2,0.6164383561643836,0.6164383561643836,0.0,0.0,0.0,0.0,0.0,1.8493150684931507,70.0,37.0,1178.0,748.0,5.0,2.0,2.0,2.0,4.0,3.0,6.0,0.0,5.34804753820034,4.45187165775401,0.0,0.0,0.0,0.0,False,True,False,False,
2019/20,50175,60,58,39,813,2,1,1,15,0,0,0,0,0,0,3,93,128.2,51.5,350.0,53.0,0,0,0,0,0,0.0,0.0,0.0,0.0,136,136,Welbeck,Brighton,FWD,6.0,6.0,5.8,-0.20000000000000018,6.724137931034483,4.317343173431734,21.394736842105264,3,0.22140221402214022,0.11070110701107011,0.0,0.0,0.0,0.0,0.02631578947368421,0.33210332103321033,19.0,70.0,146.0,1178.0,1.0,5.0,1.0,2.0,0.0,4.0,3.0,6.0,11.712328767123287,5.34804753820034,0.0,0.0,0.0,0.0,False,True,False,False,
2020/21,50175,55,55,89,1541,6,4,6,18,0,0,1,0,0,0,15,286,319.8,269.7,595.0,117.7,0,0,0,0,0,0.0,0.0,0.0,0.0,136,136,Welbeck,Brighton,FWD,6.0,5.5,5.5,0.0,16.181818181818183,5.197923426346528,40.55263157894737,10,0.3504218040233614,0.23361453601557428,0.0,0.0,0.0,0.0,0.15789473684210525,0.8760545100584035,39.0,19.0,813.0,146.0,2.0,1.0,1.0,1.0,1.0,0.0,3.0,3.0,4.317343173431734,11.712328767123287,0.0,0.0,0.0,0.0,False,True,False,False,
2021/22,50175,60,60,89,1469,6,4,5,16,0,0,0,0,0,0,13,247,361.8,228.9,598.0,117.8,0,0,0,0,0,0.0,0.0,0.0,0.0,136,136,Welbeck,Brighton,FWD,6.0,6.0,6.0,0.0,14.833333333333334,5.4526889040163375,38.6578947368421,10,0.36759700476514634,0.2450646698434309,0.0,0.0,0.0,0.0,0.13157894736842105,0.7964601769911505,89.0,39.0,1541.0,813.0,6.0,2.0,4.0,1.0,6.0,1.0,15.0,3.0,5.197923426346528,4.317343173431734,0.0,0.0,0.0,0.0,False,True,False,False,1.0
2022/23,50175,65,65,91,1844,6,5,6,28,0,0,0,0,0,0,5,296,378.2,390.6,782.0,155.4,0,0,0,0,21,8.59,1.65,10.24,26.45,136,136,Welbeck,Brighton,FWD,6.0,6.5,6.5,0.0,14.0,4.441431670281996,48.526315789473685,11,0.2928416485900217,0.24403470715835143,0.41925162689804774,0.08053145336225596,0.4997830802603037,0.0,0.15789473684210525,0.24403470715835143,89.0,89.0,1469.0,1541.0,6.0,6.0,4.0,4.0,5.0,6.0,13.0,15.0,5.4526889040163375,5.197923426346528,0.0,0.0,0.0,0.0,False,True,False,False,2.0
2023/24,50175,60,57,79,1687,5,4,8,28,0,0,0,4,0,0,5,261,326.2,320.9,492.0,114.0,0,0,0,0,21,5.09,1.46,6.55,27.78,136,136,Welbeck,Brighton,FWD,6.0,6.0,5.7,-0.2999999999999998,13.859649122807017,4.214582098399526,44.39473684210526,9,0.26674570243034973,0.2133965619442798,0.271547125074096,0.07788974510966212,0.34943687018375813,0.0,0.21052631578947367,0.26674570243034973,91.0,89.0,1844.0,1469.0,6.0,6.0,5.0,4.0,6.0,5.0,5.0,13.0,4.441431670281996,5.4526889040163375,0.41925162689804774,0.0,0.08053145336225596,0.0,False,True,False,False,3.0
2024/25,50175,55,55,125,2109,10,5,7,37,0,0,0,5,0,0,21,484,550.2,331.3,676.0,155.8,0,0,0,95,24,9.58,1.36,10.94,37.4,136,136,Welbeck,Brighton,FWD,6.0,5.5,5.5,0.0,22.727272727272727,5.334281650071124,55.5,15,0.4267425320056899,0.21337126600284495,0.40881934566145095,0.05803698435277383,0.4668563300142247,0.0,0.18421052631578946,0.8961593172119487,79.0,91.0,1687.0,1844.0,5.0,6.0,4.0,5.0,8.0,6.0,5.0,5.0,4.214582098399526,4.441431670281996,0.271547125074096,0.41925162689804774,0.07788974510966212,0.08053145336225596,False,True,False,False,4.0
2025/26,50175,65,63,126,2249,13,1,10,28,0,0,2,5,0,0,18,511,578.8,309.7,803.0,168.2,39,49,24,112,26,12.36,1.4,13.76,31.68,136,136,Welbeck,Brighton,FWD,6.0,6.5,6.3,-0.20000000000000018,20.0,5.042240995998222,59.18421052631579,14,0.5202312138728324,0.04001778568252557,0.49461983103601603,0.05602489995553579,0.5506447309915519,0.0,0.2631578947368421,0.7203201422854603,125.0,79.0,2109.0,1687.0,10.0,5.0,5.0,4.0,7.0,8.0,21.0,5.0,5.334281650071124,4.214582098399526,0.40881934566145095,0.271547125074096,0.05803698435277383,0.07788974510966212,False,True,False,False,5.0
2022/23,487117,45,46,65,942,6,2,6,12,0,0,0,1,0,0,8,213,286.2,150.4,361.0,79.9,0,0,0,0,10,5.44,0.54,5.98,13.45,139,139,Ferguson,Brighton,FWD,5.0,4.5,4.6,0.09999999999999964,14.130434782608697,6.210191082802548,24.789473684210527,8,0.5732484076433121,0.19108280254777069,0.5197452229299363,0.05159235668789809,0.5713375796178344,0.0,0.15789473684210525,0.7643312101910827,1.0,,22.0,,0.0,,0.0,,0.0,,0.0,,4.090909090909091,,0.0,,0.0,,False,True,False,False,2.0
2023/24,487117,60,57,69,1356,6,1,2,28,0,0,0,1,0,0,5,218,275.0,106.7,393.0,77.3,0,0,0,0,15,4.49,0.77,5.26,22.16,139,139,Ferguson,Brighton,FWD,5.0,6.0,5.7,-0.2999999999999998,12.105263157894736,4.579646017699115,35.68421052631579,7,0.39823008849557523,0.06637168141592921,0.29800884955752216,0.05110619469026549,0.3491150442477876,0.0,0.05263157894736842,0.33185840707964603,65.0,1.0,942.0,22.0,6.0,0.0,2.0,0.0,6.0,0.0,8.0,0.0,6.210191082802548,4.090909090909091,0.5197452229299363,0.0,0.05159235668789809,0.0,False,True,False,False,3.0
2024/25,487117,55,55,28,385,1,0,1,9,0,0,0,0,0,0,2,97,80.0,68.5,104.0,25.0,0,0,0,33,3,1.13,0.66,1.79,6.39,139,139,Ferguson,Brighton,FWD,5.0,5.5,5.5,0.0,5.090909090909091,6.545454545454546,10.131578947368421,1,0.23376623376623376,0.0,0.26415584415584414,0.1542857142857143,0.41844155844155845,0.0,0.02631578947368421,0.4675324675324675,69.0,65.0,1356.0,942.0,6.0,6.0,1.0,2.0,2.0,6.0,5.0,8.0,4.579646017699115,6.210191082802548,0.29800884955752216,0.5197452229299363,0.05110619469026549,0.05159235668789809,False,True,False,False,4.0
2025/26,487117,55,55,0,0,0,0,0,0,0,0,0,0,0,0,0,0,0.0,0.0,0.0,0.0,0,0,0,0,0,0.0,0.0,0.0,0.0,139,139,Ferguson,Brighton,FWD,5.0,5.5,5.5,0.0,0.0,0.0,0.0,0,0.0,0.0,0.0,0.0,0.0,0.0,0.0,0.0,28.0,69.0,385.0,1356.0,1.0,6.0,0.0,1.0,1.0,2.0,2.0,5.0,6.545454545454546,4.579646017699115,0.26415584415584414,0.29800884955752216,0.1542857142857143,0.05110619469026549,False,True,False,False,5.0
2021/22,215059,45,45,126,3330,0,0,11,42,0,0,0,3,1,101,8,679,811.0,30.0,0.0,84.0,0,0,0,0,0,0.0,0.0,0.0,0.0,140,140,Sánchez,Chelsea,GKP,5.0,4.5,4.5,0.0,28.0,3.4054054054054053,87.63157894736842,0,0.0,0.0,0.0,0.0,0.0,2.72972972972973,0.2894736842105263,0.21621621621621623,101.0,,2430.0,,0.0,,0.0,,10.0,,8.0,,3.740740740740741,,0.0,,0.0,,False,False,True,False,1.0
2022/23,215059,45,44,82,2070,0,0,6,30,0,1,0,2,0,48,10,380,439.0,0.1,0.0,43.9,0,0,0,0,23,0.0,0.01,0.01,27.6,140,140,Sánchez,Chelsea,GKP,5.0,4.5,4.4,-0.09999999999999964,18.636363636363633,3.5652173913043477,54.473684210526315,0,0.0,0.0,0.0,0.0004347826086956522,0.0004347826086956522,2.0869565217391304,0.15789473684210525,0.43478260869565216,126.0,101.0,3330.0,2430.0,0.0,0.0,0.0,0.0,11.0,10.0,8.0,8.0,3.4054054054054053,3.740740740740741,0.0,0.0,0.0,0.0,False,False,True,False,2.0
2023/24,215059,45,45,59,1433,0,0,3,25,0,1,0,2,0,53,7,317,450.6,0.1,0.0,45.2,0,0,0,0,16,0.0,0.0,0.0,23.72,140,140,Sánchez,Chelsea,GKP,5.0,4.5,4.5,0.0,13.11111111111111,3.7055129099790647,37.71052631578947,0,0.0,0.0,0.0,0.0,0.0,3.328681088625262,0.07894736842105263,0.4396371249127704,82.0,126.0,2070.0,3330.0,0.0,0.0,0.0,0.0,6.0,11.0,10.0,8.0,3.5652173913043477,3.4054054054054053,0.0,0.0,0.0004347826086956522,0.0,False,False,True,False,3.0
2024/25,215059,45,45,126,2880,0,0,10,34,0,1,0,5,0,95,11,470,755.6,20.0,0.0,77.5,0,0,0,0,32,0.0,0.02,0.02,38.55,140,140,Sánchez,Chelsea,GKP,5.0,4.5,4.5,0.0,28.0,3.9375,75.78947368421052,0,0.0,0.0,0.0,0.000625,0.000625,2.96875,0.2631578947368421,0.34375,59.0,82.0,1433.0,2070.0,0.0,0.0,0.0,0.0,3.0,6.0,7.0,10.0,3.7055129099790647,3.5652173913043477,0.0,0.0,0.0,0.0004347826086956522,False,False,True,False,4.0
2025/26,215059,50,48,113,3040,0,1,9,49,0,0,0,3,1,98,7,509,822.2,50.0,0.0,86.7,27,302,2,0,35,0.0,0.04,0.04,48.64,140,140,Sánchez,Chelsea,GKP,5.0,5.0,4.8,-0.20000000000000018,23.541666666666668,3.3453947368421053,80.0,1,0.0,0.029605263157894735,0.0,0.0011842105263157896,0.0011842105263157896,2.901315789473684,0.23684210526315788,0.20723684210526316,126.0,59.0,2880.0,1433.0,0.0,0.0,0.0,0.0,10.0,3.0,11.0,7.0,3.9375,3.7055129099790647,0.0,0.0,0.000625,0.0,False,False,True,False,5.0
2025/26,508479,45,43,9,378,0,0,0,5,0,0,0,0,0,8,0,50,79.8,0.0,0.0,7.9,3,34,0,0,3,0.0,0.0,0.0,4.12,141,141,Jörgensen,Chelsea,GKP,5.0,4.5,4.3,-0.20000000000000018,2.0930232558139537,2.142857142857143,9.947368421052632,0,0.0,0.0,0.0,0.0,0.0,1.9047619047619047,0.0,0.0,18.0,,540.0,,0.0,,0.0,,1.0,,0.0,,3.0,,0.0,,0.0,,False,False,True,False,5.0
2020/21,225796,50,51,112,2367,1,3,9,29,0,0,0,3,0,0,15,572,527.4,697.3,399.0,162.8,0,0,0,0,0,0.0,0.0,0.0,0.0,142,142,James,Chelsea,DEF,5.5,5.0,5.1,0.09999999999999964,21.96078431372549,4.258555133079848,62.28947368421053,4,0.03802281368821293,0.11406844106463879,0.0,0.0,0.0,0.0,0.23684210526315788,0.5703422053231939,61.0,,1510.0,,0.0,,2.0,,5.0,,5.0,,3.635761589403973,,0.0,,0.0,,True,False,False,False,
2021/22,225796,55,65,141,1863,5,9,7,22,1,0,0,4,1,0,26,573,605.2,733.4,440.0,178.0,0,0,0,0,0,0.0,0.0,0.0,0.0,142,142,James,Chelsea,DEF,5.5,5.5,6.5,1.0,21.692307692307693,6.811594202898551,49.026315789473685,14,0.24154589371980678,0.43478260869565216,0.0,0.0,0.0,0.0,0.18421052631578946,1.2560386473429952,112.0,61.0,2367.0,1510.0,1.0,0.0,3.0,2.0,9.0,5.0,15.0,5.0,4.258555133079848,3.635761589403973,0.0,0.0,0.0,0.0,True,False,False,False,1.0
2022/23,225796,60,58,44,1242,1,2,2,17,0,0,0,4,0,0,5,286,292.2,358.2,153.0,80.4,0,0,0,0,14,1.06,2.93,3.99,14.11,142,142,James,Chelsea,DEF,5.5,6.0,5.8,-0.20000000000000018,7.586206896551724,3.1884057971014492,32.68421052631579,3,0.07246376811594203,0.14492753623188406,0.07681159420289856,0.21231884057971015,0.2891304347826087,0.0,0.05263157894736842,0.36231884057971014,141.0,112.0,1863.0,2367.0,5.0,1.0,9.0,3.0,7.0,9.0,26.0,15.0,6.811594202898551,4.258555133079848,0.0,0.0,0.0,0.0,True,False,False,False,2.0
2023/24,225796,55,53,11,416,0,2,0,13,0,0,0,0,2,0,0,106,137.4,172.1,61.0,37.1,0,0,0,0,5,0.3,1.36,1.66,11.31,142,142,James,Chelsea,DEF,5.5,5.5,5.3,-0.20000000000000018,2.0754716981132075,2.3798076923076925,10.947368421052632,2,0.0,0.4326923076923077,0.06490384615384616,0.2942307692307693,0.3591346153846154,0.0,0.0,0.0,44.0,141.0,1242.0,1863.0,1.0,5.0,2.0,9.0,2.0,7.0,5.0,26.0,3.1884057971014492,6.811594202898551,0.07681159420289856,0.0,0.21231884057971015,0.0,True,False,False,False,3.0
2024/25,225796,50,48,54,1057,1,2,3,14,0,0,0,1,0,0,5,223,207.6,202.1,56.0,46.7,0,0,0,50,12,0.45,1.15,1.6,16.1,142,142,James,Chelsea,DEF,5.5,5.0,4.8,-0.20000000000000018,11.25,4.597918637653738,27.81578947368421,3,0.08514664143803218,0.17029328287606435,0.038315988647114475,0.097918637653737,0.13623462630085148,0.0,0.07894736842105263,0.4257332071901609,11.0,44.0,416.0,1242.0,0.0,1.0,2.0,2.0,0.0,2.0,0.0,5.0,2.3798076923076925,3.1884057971014492,0.06490384615384616,0.07681159420289856,0.2942307692307693,0.21231884057971015,True,False,False,False,4.0
2025/26,225796,55,56,115,1957,2,6,8,20,0,0,0,4,0,0,11,493,459.0,483.7,116.0,106.1,80,101,48,128,20,1.04,3.2,4.24,28.75,142,142,James,Chelsea,DEF,5.5,5.5,5.6,0.09999999999999964,20.53571428571429,5.288707204905468,51.5,8,0.09197751660705161,0.27593254982115484,0.04782830863566684,0.14716402657128258,0.19499233520694942,0.0,0.21052631578947367,0.5058763413387839,54.0,11.0,1057.0,416.0,1.0,0.0,2.0,2.0,3.0,0.0,5.0,0.0,4.597918637653738,2.3798076923076925,0.038315988647114475,0.06490384615384616,0.097918637653737,0.2942307692307693,True,False,False,False,5.0
2021/22,180736,50,47,99,1447,3,1,9,9,0,0,0,2,0,0,11,396,405.8,105.8,151.0,66.1,0,0,0,0,0,0.0,0.0,0.0,0.0,143,143,Chalobah,Chelsea,DEF,5.5,5.0,4.7,-0.2999999999999998,21.06382978723404,6.157567380787836,38.078947368421055,4,0.18659295093296474,0.06219765031098825,0.0,0.0,0.0,0.0,0.23684210526315788,0.6841741534208707,0.0,,0.0,,0.0,,0.0,,0.0,,0.0,,0.0,,0.0,,0.0,,True,False,False,False,1.0
2022/23,180736,50,44,49,1601,0,0,5,24,1,0,0,4,0,0,1,318,294.6,94.0,112.0,50.3,0,0,0,0,18,0.82,0.32,1.14,30.99,143,143,Chalobah,Chelsea,DEF,5.5,5.0,4.4,-0.5999999999999996,11.136363636363635,2.7545284197376643,42.13157894736842,0,0.0,0.0,0.04609618988132417,0.017988757026858215,0.06408494690818238,0.0,0.13157894736842105,0.05621486570893192,99.0,0.0,1447.0,0.0,3.0,0.0,1.0,0.0,9.0,0.0,11.0,0.0,6.157567380787836,0.0,0.0,0.0,0.0,0.0,True,False,False,False,2.0
2023/24,180736,45,43,39,949,1,0,3,14,0,0,0,1,0,0,4,221,250.8,45.4,38.0,33.4,0,0,0,0,10,0.2,0.16,0.36,15.26,143,143,Chalobah,Chelsea,DEF,5.5,4.5,4.3,-0.20000000000000018,9.069767441860465,3.6986301369863015,24.973684210526315,1,0.09483667017913594,0.0,0.018967334035827187,0.01517386722866175,0.034141201264488934,0.0,0.07894736842105263,0.37934668071654376,49.0,99.0,1601.0,1447.0,0.0,3.0,0.0,1.0,5.0,9.0,1.0,11.0,2.7545284197376643,6.157567380787836,0.04609618988132417,0.0,0.017988757026858215,0.0,True,False,False,False,3.0
2024/25,180736,45,44,93,1969,3,1,6,25,0,0,0,3,0,0,11,379,496.4,124.2,222.0,84.6,0,0,0,176,23,1.98,0.64,2.62,27.15,143,143,Chalobah,Chelsea,DEF,5.5,4.5,4.4,-0.09999999999999964,21.136363636363633,4.250888776028441,51.81578947368421,4,0.13712544438801422,0.04570848146267141,0.09050279329608939,0.0292534281361097,0.11975622143219909,0.0,0.15789473684210525,0.5027932960893855,39.0,49.0,949.0,1601.0,1.0,0.0,0.0,0.0,3.0,5.0,4.0,1.0,3.6986301369863015,2.7545284197376643,0.018967334035827187,0.04609618988132417,0.01517386722866175,0.017988757026858215,True,False,False,False,4.0
2025/26,180736,50,54,136,2780,3,1,9,40,0,0,0,3,1,0,7,516,719.2,111.2,160.0,99.1,230,119,35,265,31,1.44,1.03,2.47,40.83,143,143,Chalobah,Chelsea,DEF,5.5,5.0,5.4,0.40000000000000036,25.185185185185183,4.402877697841727,73.15789473684211,4,0.09712230215827337,0.03237410071942446,0.04661870503597122,0.033345323741007196,0.07996402877697842,0.0,0.23684210526315788,0.22661870503597123,93.0,39.0,1969.0,949.0,3.0,1.0,1.0,0.0,6.0,3.0,11.0,4.0,4.250888776028441,3.6986301369863015,0.09050279329608939,0.018967334035827187,0.0292534281361097,0.01517386722866175,True,False,False,False,5.0
2024/25,482609,50,49,60,1853,0,1,4,26,0,0,0,4,0,0,2,285,336.8,394.6,147.0,87.9,0,0,0,117,19,1.44,1.91,3.35,27.43,144,144,Gusto,Chelsea,DEF,5.0,5.0,4.9,-0.09999999999999964,12.244897959183673,2.914193200215866,48.76315789473684,1,0.0,0.048569886670264434,0.06994063680518078,0.09276848354020507,0.16270912034538587,0.0,0.10526315789473684,0.09713977334052887,74.0,,1746.0,,0.0,,6.0,,5.0,,10.0,,3.814432989690722,,0.052061855670103095,,0.17474226804123713,,True,False,False,False,4.0
2025/26,482609,50,48,96,2255,2,3,7,36,1,0,0,3,1,0,7,406,443.6,448.5,205.0,109.8,74,123,52,126,26,1.56,2.97,4.53,37.13,144,144,Gusto,Chelsea,DEF,5.0,5.0,4.8,-0.20000000000000018,20.0,3.831485587583148,59.3421052631579,5,0.07982261640798226,0.11973392461197338,0.06226164079822616,0.11853658536585365,0.1807982261640798,0.0,0.18421052631578946,0.2793791574279379,60.0,74.0,1853.0,1746.0,0.0,0.0,1.0,6.0,4.0,5.0,2.0,10.0,2.914193200215866,3.814432989690722,0.06994063680518078,0.052061855670103095,0.09276848354020507,0.17474226804123713,True,False,False,False,5.0
2021/22,444463,45,43,17,630,0,0,1,7,0,0,0,2,0,0,2,112,131.4,30.1,32.0,19.4,0,0,0,0,0,0.0,0.0,0.0,0.0,145,145,Fofana,Chelsea,DEF,5.0,4.5,4.3,-0.20000000000000018,3.9534883720930236,2.4285714285714284,16.57894736842105,0,0.0,0.0,0.0,0.0,0.0,0.0,0.02631578947368421,0.2857142857142857,71.0,,2260.0,,0.0,,1.0,,7.0,,5.0,,2.827433628318584,,0.0,,0.0,,True,False,False,False,1.0
2022/23,444463,45,43,37,1362,1,0,2,24,0,0,0,4,0,0,4,244,294.6,59.6,86.0,44.4,0,0,0,0,14,0.74,0.29,1.03,22.96,145,145,Fofana,Chelsea,DEF,5.0,4.5,4.3,-0.20000000000000018,8.604651162790699,2.444933920704846,35.8421052631579,1,0.06607929515418502,0.0,0.04889867841409692,0.019162995594713655,0.06806167400881058,0.0,0.05263157894736842,0.2643171806167401,17.0,71.0,630.0,2260.0,0.0,0.0,0.0,1.0,1.0,7.0,2.0,5.0,2.4285714285714284,2.827433628318584,0.0,0.0,0.0,0.0,True,False,False,False,2.0
2023/24,444463,45,44,0,0,0,0,0,0,0,0,0,0,0,0,0,0,0.0,0.0,0.0,0.0,0,0,0,0,0,0.0,0.0,0.0,0.0,145,145,Fofana,Chelsea,DEF,5.0,4.5,4.4,-0.09999999999999964,0.0,0.0,0.0,0,0.0,0.0,0.0,0.0,0.0,0.0,0.0,0.0,37.0,17.0,1362.0,630.0,1.0,0.0,0.0,0.0,2.0,1.0,4.0,2.0,2.444933920704846,2.4285714285714284,0.04889867841409692,0.0,0.019162995594713655,0.0,True,False,False,False,3.0
2024/25,444463,45,43,26,1172,0,0,2,13,0,0,0,7,0,0,2,162,200.2,85.0,33.0,31.9,0,0,0,88,14,0.44,0.18,0.62,14.76,145,145,Fofana,Chelsea,DEF,5.0,4.5,4.3,-0.20000000000000018,6.046511627906977,1.9965870307167235,30.842105263157894,0,0.0,0.0,0.03378839590443686,0.013822525597269625,0.04761092150170648,0.0,0.05263157894736842,0.15358361774744028,0.0,37.0,0.0,1362.0,0.0,1.0,0.0,0.0,0.0,2.0,0.0,4.0,0.0,2.444933920704846,0.0,0.04889867841409692,0.0,0.019162995594713655,True,False,False,False,4.0
2025/26,444463,45,44,65,1718,0,2,4,25,0,0,0,5,2,0,3,288,463.6,65.6,74.0,60.4,187,81,19,206,20,0.72,0.6,1.32,25.81,145,145,Fofana,Chelsea,DEF,5.0,4.5,4.4,-0.09999999999999964,14.772727272727272,3.4051222351571595,45.21052631578947,2,0.0,0.10477299185098952,0.03771827706635623,0.03143189755529686,0.06915017462165308,0.0,0.10526315789473684,0.15715948777648428,26.0,0.0,1172.0,0.0,0.0,0.0,0.0,0.0,2.0,0.0,2.0,0.0,1.9965870307167235,0.0,0.03378839590443686,0.0,0.013822525597269625,0.0,True,False,False,False,5.0
2023/24,242880,45,44,35,1337,0,1,3,31,1,0,0,3,0,0,4,267,336.4,87.4,51.0,47.5,0,0,0,0,15,0.27,0.92,1.19,25.42,146,146,B.Badiashile,Chelsea,DEF,4.5,4.5,4.4,-0.09999999999999964,7.954545454545454,2.3560209424083767,35.18421052631579,1,0.0,0.06731488406881077,0.018175018698578908,0.06192969334330591,0.08010471204188481,0.0,0.07894736842105263,0.26925953627524307,40.0,,904.0,,1.0,,0.0,,4.0,,2.0,,3.982300884955752,,0.12544247787610618,,0.01991150442477876,,True,False,False,False,3.0
2024/25,242880,45,42,7,332,0,0,0,5,0,0,0,0,0,0,0,35,66.0,12.6,0.0,7.9,0,0,0,29,3,0.0,0.08,0.08,5.34,146,146,B.Badiashile,Chelsea,DEF,4.5,4.5,4.2,-0.2999999999999998,1.6666666666666665,1.897590361445783,8.736842105263158,0,0.0,0.0,0.0,0.021686746987951807,0.021686746987951807,0.0,0.0,0.0,35.0,40.0,1337.0,904.0,0.0,1.0,1.0,0.0,3.0,4.0,4.0,2.0,2.3560209424083767,3.982300884955752,0.018175018698578908,0.12544247787610618,0.06192969334330591,0.01991150442477876,True,False,False,False,4.0
2025/26,242880,45,44,7,470,0,0,0,10,0,0,0,2,0,0,0,48,102.8,7.9,2.0,11.4,41,16,7,48,6,0.0,0.06,0.06,7.41,146,146,B.Badiashile,Chelsea,DEF,4.5,4.5,4.4,-0.09999999999999964,1.5909090909090908,1.3404255319148937,12.368421052631579,0,0.0,0.0,0.0,0.011489361702127658,0.011489361702127658,0.0,0.0,0.0,7.0,35.0,332.0,1337.0,0.0,0.0,0.0,1.0,0.0,3.0,0.0,4.0,1.897590361445783,2.3560209424083767,0.0,0.018175018698578908,0.021686746987951807,0.06192969334330591,True,False,False,False,5.0
2017/18,109646,40,40,0,0,0,0,0,0,0,0,0,0,0,0,0,0,0.0,0.0,0.0,0.0,0,0,0,0,0,0.0,0.0,0.0,0.0,147,147,Tosin,Chelsea,DEF,4.5,4.0,4.0,0.0,0.0,0.0,0.0,0,0.0,0.0,0.0,0.0,0.0,0.0,0.0,0.0,0.0,,0.0,,0.0,,0.0,,0.0,,0.0,,0.0,,0.0,,0.0,,True,False,False,False,
2020/21,109646,45,45,100,2953,0,1,9,41,1,0,0,1,0,0,11,571,673.8,70.1,223.0,97.1,0,0,0,0,0,0.0,0.0,0.0,0.0,147,147,Tosin,Chelsea,DEF,4.5,4.5,4.5,0.0,22.22222222222222,3.047748052827633,77.71052631578948,1,0.0,0.03047748052827633,0.0,0.0,0.0,0.0,0.23684210526315788,0.3352522858110396,0.0,0.0,0.0,0.0,0.0,0.0,0.0,0.0,0.0,0.0,0.0,0.0,0.0,0.0,0.0,0.0,0.0,0.0,True,False,False,False,
2022/23,109646,45,44,49,2084,1,0,3,39,0,0,0,4,0,0,1,353,514.4,90.1,128.0,73.4,0,0,0,0,23,0.71,0.47,1.18,43.91,147,147,Tosin,Chelsea,DEF,4.5,4.5,4.4,-0.09999999999999964,11.136363636363635,2.116122840690979,54.8421052631579,1,0.04318618042226487,0.0,0.03066218809980806,0.02029750479846449,0.050959692898272554,0.0,0.07894736842105263,0.04318618042226487,100.0,0.0,2953.0,0.0,0.0,0.0,1.0,0.0,9.0,0.0,11.0,0.0,3.047748052827633,0.0,0.0,0.0,0.0,0.0,True,False,False,False,2.0
2023/24,109646,45,43,66,1616,2,0,6,25,0,0,0,2,0,0,2,327,431.8,39.3,152.0,62.4,0,0,0,0,18,0.78,0.32,1.1,28.19,147,147,Tosin,Chelsea,DEF,4.5,4.5,4.3,-0.20000000000000018,15.348837209302326,3.6757425742574257,42.526315789473685,2,0.11138613861386139,0.0,0.043440594059405944,0.01782178217821782,0.06126237623762377,0.0,0.15789473684210525,0.11138613861386139,49.0,100.0,2084.0,2953.0,1.0,0.0,0.0,1.0,3.0,9.0,1.0,11.0,2.116122840690979,3.047748052827633,0.03066218809980806,0.0,0.02029750479846449,0.0,True,False,False,False,3.0
2024/25,109646,45,42,71,1403,1,1,7,14,0,0,0,4,0,0,7,305,352.2,48.2,92.0,49.6,0,0,0,114,15,0.93,0.23,1.16,19.62,147,147,Tosin,Chelsea,DEF,4.5,4.5,4.2,-0.2999999999999998,16.904761904761905,4.554526015680684,36.921052631578945,2,0.06414825374198146,0.06414825374198146,0.05965787598004277,0.014754098360655738,0.0744119743406985,0.0,0.18421052631578946,0.4490377761938703,66.0,49.0,1616.0,2084.0,2.0,1.0,0.0,0.0,6.0,3.0,2.0,1.0,3.6757425742574257,2.116122840690979,0.043440594059405944,0.03066218809980806,0.01782178217821782,0.02029750479846449,True,False,False,False,4.0
2025/26,109646,45,40,34,788,0,0,2,14,0,0,0,2,0,0,2,130,240.4,33.3,19.0,29.3,80,22,17,97,8,0.11,0.4,0.5,13.25,147,147,Tosin,Chelsea,DEF,4.5,4.5,4.0,-0.5,8.5,3.8832487309644668,20.736842105263158,0,0.0,0.0,0.012563451776649744,0.04568527918781726,0.05710659898477157,0.0,0.05263157894736842,0.22842639593908629,71.0,66.0,1403.0,1616.0,1.0,2.0,1.0,0.0,7.0,6.0,7.0,2.0,4.554526015680684,3.6757425742574257,0.05965787598004277,0.043440594059405944,0.014754098360655738,0.01782178217821782,True,False,False,False,5.0
2023/24,460028,45,46,65,1794,1,1,5,26,0,0,0,2,0,0,4,355,394.6,113.2,163.0,67.2,0,0,0,0,20,1.29,0.53,1.82,28.43,149,149,Colwill,Chelsea,DEF,5.0,4.5,4.6,0.09999999999999964,14.130434782608697,3.260869565217391,47.21052631578947,2,0.05016722408026756,0.05016722408026756,0.06471571906354515,0.026588628762541807,0.09130434782608696,0.0,0.13157894736842105,0.20066889632107024,46.0,,1218.0,,0.0,,2.0,,3.0,,6.0,,3.399014778325123,,0.1041871921182266,,0.0229064039408867,,True,False,False,False,3.0
2024/25,460028,45,44,109,3150,2,1,10,41,0,0,0,9,0,0,6,461,692.0,214.3,185.0,109.4,0,0,0,221,35,1.92,1.31,3.23,43.52,149,149,Colwill,Chelsea,DEF,5.0,4.5,4.4,-0.09999999999999964,24.77272727272727,3.1142857142857143,82.89473684210526,3,0.05714285714285714,0.02857142857142857,0.054857142857142854,0.03742857142857143,0.09228571428571429,0.0,0.2631578947368421,0.17142857142857143,65.0,46.0,1794.0,1218.0,1.0,0.0,1.0,2.0,5.0,3.0,4.0,6.0,3.260869565217391,3.399014778325123,0.06471571906354515,0.1041871921182266,0.026588628762541807,0.0229064039408867,True,False,False,False,4.0
2025/26,460028,50,47,8,225,0,0,0,4,0,0,0,0,0,0,0,30,66.0,7.6,6.0,8.0,22,9,3,25,2,0.0,0.12,0.12,3.36,149,149,Colwill,Chelsea,DEF,5.0,5.0,4.7,-0.2999999999999998,1.702127659574468,3.2,5.921052631578948,0,0.0,0.0,0.0,0.048,0.048,0.0,0.0,0.0,109.0,65.0,3150.0,1794.0,2.0,1.0,1.0,1.0,10.0,5.0,6.0,4.0,3.1142857142857143,3.260869565217391,0.054857142857142854,0.06471571906354515,0.03742857142857143,0.026588628762541807,True,False,False,False,5.0
2024/25,577016,40,40,4,168,0,0,0,3,0,0,0,1,0,0,0,8,13.6,2.5,13.0,2.9,0,0,0,4,2,0.22,0.01,0.23,2.09,151,151,Acheampong,Chelsea,DEF,4.5,4.0,4.0,0.0,1.0,2.142857142857143,4.421052631578948,0,0.0,0.0,0.11785714285714285,0.005357142857142857,0.12321428571428572,0.0,0.0,0.0,1.0,,5.0,,0.0,,0.0,,0.0,,0.0,,18.0,,0.0,,0.0,,True,False,False,False,4.0
2025/26,577016,40,37,39,657,1,0,2,13,0,0,0,1,0,0,5,118,132.6,40.9,70.0,24.4,33,26,11,44,8,0.62,0.13,0.75,15.66,151,151,Acheampong,Chelsea,DEF,4.5,4.0,3.7,-0.2999999999999998,10.54054054054054,5.342465753424658,17.289473684210527,1,0.136986301369863,0.0,0.08493150684931507,0.01780821917808219,0.10273972602739727,0.0,0.05263157894736842,0.684931506849315,4.0,1.0,168.0,5.0,0.0,0.0,0.0,0.0,0.0,0.0,0.0,0.0,2.142857142857143,18.0,0.11785714285714285,0.0,0.005357142857142857,0.0,True,False,False,False,5.0
2024/25,220362,45,42,33,851,1,0,3,12,0,0,0,3,0,0,0,133,169.6,75.6,51.0,29.7,0,0,0,52,9,0.37,0.37,0.74,16.7,153,153,Disasi,Chelsea,DEF,4.5,4.5,4.2,-0.2999999999999998,7.857142857142857,3.490011750881316,22.394736842105264,1,0.10575793184488837,0.0,0.03913043478260869,0.03913043478260869,0.07826086956521738,0.0,0.07894736842105263,0.0,71.0,,2579.0,,2.0,,0.0,,5.0,,6.0,,2.4777045366421095,,0.08200853043815433,,0.050949980612640555,,True,False,False,False,4.0
2025/26,220362,45,45,49,1254,0,0,6,17,1,0,0,1,0,0,1,186,220.8,19.9,84.0,32.4,74,32,14,88,14,1.1,0.03,1.13,18.54,153,153,Disasi,Chelsea,DEF,4.5,4.5,4.5,0.0,10.88888888888889,3.5167464114832536,33.0,0,0.0,0.0,0.07894736842105264,0.00215311004784689,0.0811004784688995,0.0,0.15789473684210525,0.07177033492822966,33.0,71.0,851.0,2579.0,1.0,2.0,0.0,0.0,3.0,5.0,0.0,6.0,3.490011750881316,2.4777045366421095,0.03913043478260869,0.08200853043815433,0.03913043478260869,0.050949980612640555,True,False,False,False,5.0
2020/21,244851,45,44,0,0,0,0,0,0,0,0,0,0,0,0,0,0,0.0,0.0,0.0,0.0,0,0,0,0,0,0.0,0.0,0.0,0.0,154,154,Palmer,Chelsea,MID,9.5,4.5,4.4,-0.09999999999999964,0.0,0.0,0.0,0,0.0,0.0,0.0,0.0,0.0,0.0,0.0,0.0,0.0,,0.0,,0.0,,0.0,,0.0,,0.0,,0.0,,0.0,,0.0,,False,False,False,True,
2021/22,244851,45,45,9,121,0,1,1,0,0,0,0,0,0,0,0,29,11.0,30.8,60.0,10.2,0,0,0,0,0,0.0,0.0,0.0,0.0,154,154,Palmer,Chelsea,MID,9.5,4.5,4.5,0.0,2.0,6.694214876033057,3.1842105263157894,1,0.0,0.743801652892562,0.0,0.0,0.0,0.0,0.02631578947368421,0.0,0.0,0.0,0.0,0.0,0.0,0.0,0.0,0.0,0.0,0.0,0.0,0.0,0.0,0.0,0.0,0.0,0.0,0.0,False,False,False,True,1.0
2022/23,244851,45,42,19,358,0,1,1,4,0,0,0,1,0,0,0,76,73.0,88.7,155.0,31.9,0,0,0,0,2,0.36,0.49,0.85,7.13,154,154,Palmer,Chelsea,MID,9.5,4.5,4.2,-0.2999999999999998,4.523809523809524,4.776536312849162,9.421052631578947,1,0.0,0.25139664804469275,0.09050279329608939,0.12318435754189944,0.2136871508379888,0.0,0.02631578947368421,0.0,9.0,0.0,121.0,0.0,0.0,0.0,1.0,0.0,1.0,0.0,0.0,0.0,6.694214876033057,0.0,0.0,0.0,0.0,0.0,False,False,False,True,2.0
2023/24,244851,50,63,244,2617,22,13,7,46,0,0,0,7,0,0,32,844,1240.2,1022.5,1016.0,327.8,0,0,0,0,29,17.35,8.17,25.52,45.48,154,154,Palmer,Chelsea,MID,9.5,5.0,6.3,1.2999999999999998,38.730158730158735,8.391287734046617,68.86842105263158,35,0.7565915170042032,0.44707680550248374,0.5966755827283149,0.2809705769965609,0.8776461597248758,0.0,0.18421052631578946,1.1004967520061137,19.0,9.0,358.0,121.0,0.0,0.0,1.0,1.0,1.0,1.0,0.0,0.0,4.776536312849162,6.694214876033057,0.09050279329608939,0.0,0.12318435754189944,0.0,False,False,False,True,3.0
2024/25,244851,105,105,214,3193,15,10,10,41,0,0,1,7,0,0,35,952,1068.2,1259.2,1052.0,338.0,0,0,0,171,36,16.79,9.53,26.32,43.88,154,154,Palmer,Chelsea,MID,9.5,10.5,10.5,0.0,20.38095238095238,6.03194487942374,84.02631578947368,25,0.4227998747259631,0.28186658315064206,0.473253993109928,0.26861885374256184,0.7418728468524899,0.0,0.2631578947368421,0.9865330410272471,244.0,19.0,2617.0,358.0,22.0,0.0,13.0,1.0,7.0,1.0,32.0,0.0,8.391287734046617,4.776536312849162,0.5966755827283149,0.09050279329608939,0.2809705769965609,0.12318435754189944,False,False,False,True,4.0
2025/26,244851,105,103,114,1954,10,2,3,33,0,0,1,5,0,0,11,430,536.6,393.6,547.0,147.7,27,83,25,135,24,10.55,2.49,13.04,31.13,154,154,Palmer,Chelsea,MID,9.5,10.5,10.3,-0.1999999999999993,11.067961165048542,5.250767656090072,51.421052631578945,12,0.46059365404298874,0.09211873080859774,0.4859263050153531,0.1146878198567042,0.6006141248720572,0.0,0.07894736842105263,0.5066530194472876,214.0,244.0,3193.0,2617.0,15.0,22.0,10.0,13.0,10.0,7.0,35.0,32.0,6.03194487942374,8.391287734046617,0.473253993109928,0.5966755827283149,0.26861885374256184,0.2809705769965609,False,False,False,True,5.0
2023/24,448047,50,48,77,2208,3,3,5,47,0,0,1,7,0,0,4,369,527.2,567.7,369.0,146.3,0,0,0,0,26,5.72,3.78,9.5,40.13,155,155,Enzo,Chelsea,MID,7.0,5.0,4.8,-0.20000000000000018,16.041666666666668,3.138586956521739,58.10526315789474,6,0.12228260869565216,0.12228260869565216,0.23315217391304346,0.15407608695652172,0.3872282608695652,0.0,0.13157894736842105,0.16304347826086957,42.0,,1547.0,,0.0,,2.0,,3.0,,1.0,,2.443438914027149,,0.0453781512605042,,0.15358758888170654,,False,False,False,True,3.0
2024/25,448047,50,47,135,2943,6,8,10,37,0,0,0,8,0,0,11,691,761.6,1131.6,517.0,241.3,0,0,0,261,32,6.23,6.11,12.34,38.06,155,155,Enzo,Chelsea,MID,7.0,5.0,4.7,-0.2999999999999998,28.72340425531915,4.128440366972477,77.44736842105263,14,0.18348623853211007,0.24464831804281342,0.19051987767584097,0.18685015290519877,0.37737003058103974,0.0,0.2631578947368421,0.33639143730886845,77.0,42.0,2208.0,1547.0,3.0,0.0,3.0,2.0,5.0,3.0,4.0,1.0,3.138586956521739,2.443438914027149,0.23315217391304346,0.0453781512605042,0.15407608695652172,0.15358758888170654,False,False,False,True,4.0
2025/26,448047,65,65,157,3114,10,5,8,46,0,0,0,10,0,0,19,700,835.6,1063.2,747.0,264.6,51,140,53,244,35,11.26,7.26,18.52,44.89,155,155,Enzo,Chelsea,MID,7.0,6.5,6.5,0.0,24.153846153846153,4.53757225433526,81.94736842105263,15,0.2890173410404624,0.1445086705202312,0.32543352601156067,0.2098265895953757,0.5352601156069364,0.0,0.21052631578947367,0.5491329479768786,135.0,77.0,2943.0,2208.0,6.0,3.0,8.0,3.0,10.0,5.0,11.0,4.0,4.128440366972477,3.138586956521739,0.19051987767584097,0.23315217391304346,0.18685015290519877,0.15407608695652172,False,False,False,True,5.0
2020/21,247632,55,55,124,2549,5,8,9,38,0,0,0,4,0,0,10,492,594.2,1007.3,722.0,232.5,0,0,0,0,0,0.0,0.0,0.0,0.0,156,156,Neto,Chelsea,MID,6.5,5.5,5.5,0.0,22.545454545454547,4.3781875245194195,67.07894736842105,13,0.17653981953707334,0.28246371125931735,0.0,0.0,0.0,0.0,0.23684210526315788,0.3530796390741467,57.0,,920.0,,3.0,,3.0,,1.0,,0.0,,5.576086956521739,,0.0,,0.0,,False,False,False,True,
2021/22,247632,65,62,22,459,1,1,0,14,0,0,0,3,0,0,0,88,103.4,205.1,219.0,52.6,0,0,0,0,0,0.0,0.0,0.0,0.0,156,156,Neto,Chelsea,MID,6.5,6.5,6.2,-0.2999999999999998,3.5483870967741935,4.313725490196079,12.078947368421053,2,0.19607843137254904,0.19607843137254904,0.0,0.0,0.0,0.0,0.0,0.0,124.0,57.0,2549.0,920.0,5.0,3.0,8.0,3.0,9.0,1.0,10.0,0.0,4.3781875245194195,5.576086956521739,0.0,0.0,0.0,0.0,False,False,False,True,1.0
2022/23,247632,55,49,37,962,0,2,5,15,0,0,0,1,0,0,0,124,96.8,309.5,203.0,60.9,0,0,0,0,13,1.12,1.64,2.76,14.34,156,156,Neto,Chelsea,MID,6.5,5.5,4.9,-0.5999999999999996,7.551020408163264,3.4615384615384617,25.31578947368421,2,0.0,0.18711018711018712,0.1047817047817048,0.15343035343035344,0.2582120582120582,0.0,0.13157894736842105,0.0,22.0,124.0,459.0,2549.0,1.0,5.0,1.0,8.0,0.0,9.0,0.0,10.0,4.313725490196079,4.3781875245194195,0.0,0.0,0.0,0.0,False,False,False,True,2.0
2023/24,247632,55,55,86,1516,2,11,3,27,0,0,0,4,0,0,8,310,371.4,599.2,389.0,135.5,0,0,0,0,18,3.17,3.69,6.86,29.09,156,156,Neto,Chelsea,MID,6.5,5.5,5.5,0.0,15.636363636363637,5.105540897097625,39.89473684210526,13,0.11873350923482849,0.6530343007915567,0.18819261213720315,0.21906332453825855,0.4072559366754617,0.0,0.07894736842105263,0.47493403693931396,37.0,22.0,962.0,459.0,0.0,1.0,2.0,1.0,5.0,0.0,0.0,0.0,3.4615384615384617,4.313725490196079,0.1047817047817048,0.0,0.15343035343035344,0.0,False,False,False,True,3.0
2024/25,247632,65,61,104,2262,4,6,8,25,0,0,0,8,0,0,9,434,492.0,762.7,545.0,180.0,0,0,0,119,24,3.48,4.47,7.95,27.98,156,156,Neto,Chelsea,MID,6.5,6.5,6.1,-0.40000000000000036,17.049180327868854,4.137931034482759,59.526315789473685,10,0.15915119363395225,0.2387267904509284,0.13846153846153847,0.17785145888594164,0.31631299734748014,0.0,0.21052631578947367,0.35809018567639256,86.0,37.0,1516.0,962.0,2.0,0.0,11.0,2.0,3.0,5.0,8.0,0.0,5.105540897097625,3.4615384615384617,0.18819261213720315,0.1047817047817048,0.21906332453825855,0.15343035343035344,False,False,False,True,4.0
2025/26,247632,70,70,125,2629,5,7,11,33,0,0,0,2,1,0,9,543,523.0,836.2,505.0,186.7,19,84,19,122,30,4.59,6.84,11.43,37.54,156,156,Neto,Chelsea,MID,6.5,7.0,7.0,0.0,17.857142857142858,4.2791936097375425,69.1842105263158,12,0.17116774438950172,0.2396348421453024,0.15713198934956257,0.23415747432483833,0.3912894636744009,0.0,0.2894736842105263,0.3081019399011031,104.0,86.0,2262.0,1516.0,4.0,2.0,6.0,11.0,8.0,3.0,9.0,8.0,4.137931034482759,5.105540897097625,0.13846153846153847,0.18819261213720315,0.17785145888594164,0.21906332453825855,False,False,False,True,5.0
2021/22,486672,45,45,27,660,1,1,4,6,0,0,0,2,0,0,1,124,145.4,64.6,131.0,34.1,0,0,0,0,0,0.0,0.0,0.0,0.0,159,159,Caicedo,Chelsea,MID,5.5,4.5,4.5,0.0,6.0,3.681818181818182,17.36842105263158,2,0.13636363636363638,0.13636363636363638,0.0,0.0,0.0,0.0,0.10526315789473684,0.13636363636363638,0.0,,0.0,,0.0,,0.0,,0.0,,0.0,,0.0,,0.0,,0.0,,False,False,False,True,1.0
2022/23,486672,50,50,79,3138,1,1,10,47,0,0,0,10,0,0,0,503,589.8,680.4,210.0,148.2,0,0,0,0,34,1.67,2.51,4.18,45.9,159,159,Caicedo,Chelsea,MID,5.5,5.0,5.0,0.0,15.8,2.265774378585086,82.57894736842105,2,0.028680688336520075,0.028680688336520075,0.047896749521988524,0.07198852772466538,0.1198852772466539,0.0,0.2631578947368421,0.0,27.0,0.0,660.0,0.0,1.0,0.0,1.0,0.0,4.0,0.0,1.0,0.0,3.681818181818182,0.0,0.0,0.0,0.0,0.0,False,False,False,True,2.0
2023/24,486672,50,45,84,2865,1,3,7,50,0,0,0,11,0,0,6,466,613.6,403.2,68.0,108.2,0,0,0,0,33,0.42,2.01,2.43,46.79,159,159,Caicedo,Chelsea,MID,5.5,5.0,4.5,-0.5,18.666666666666668,2.6387434554973823,75.39473684210526,4,0.031413612565445025,0.09424083769633508,0.01319371727748691,0.0631413612565445,0.07633507853403142,0.0,0.18421052631578946,0.18848167539267016,79.0,27.0,3138.0,660.0,1.0,1.0,1.0,1.0,10.0,4.0,0.0,1.0,2.265774378585086,3.681818181818182,0.047896749521988524,0.0,0.07198852772466538,0.0,False,False,False,True,3.0
2024/25,486672,50,49,98,3351,1,4,12,42,0,0,0,11,0,0,4,650,627.6,568.8,95.0,129.2,0,0,0,455,38,0.81,2.82,3.63,45.42,159,159,Caicedo,Chelsea,MID,5.5,5.0,4.9,-0.09999999999999964,20.0,2.632050134288272,88.1842105263158,5,0.02685765443151298,0.10743061772605192,0.021754700089525517,0.0757385854968666,0.09749328558639211,0.0,0.3157894736842105,0.10743061772605192,84.0,79.0,2865.0,3138.0,1.0,1.0,3.0,1.0,7.0,10.0,6.0,0.0,2.6387434554973823,2.265774378585086,0.01319371727748691,0.047896749521988524,0.0631413612565445,0.07198852772466538,False,False,False,True,4.0
2025/26,486672,55,57,110,2796,3,1,6,47,0,0,0,11,1,0,10,580,562.4,403.1,128.0,109.2,102,177,87,366,32,1.45,2.38,3.83,42.54,159,159,Caicedo,Chelsea,MID,5.5,5.5,5.7,0.20000000000000018,19.298245614035086,3.540772532188841,73.57894736842105,4,0.09656652360515021,0.032188841201716736,0.04667381974248927,0.07660944206008584,0.12328326180257511,0.0,0.15789473684210525,0.3218884120171674,98.0,84.0,3351.0,2865.0,1.0,1.0,4.0,3.0,12.0,7.0,4.0,6.0,2.632050134288272,2.6387434554973823,0.021754700089525517,0.01319371727748691,0.0757385854968666,0.0631413612565445,False,False,False,True,5.0
2022/23,493105,45,41,39,557,3,2,0,13,0,0,0,3,0,0,0,81,157.6,61.7,287.0,50.7,0,0,0,0,5,2.97,0.95,3.92,8.02,160,160,Garnacho,Aston Villa,MID,6.0,4.5,4.1,-0.40000000000000036,9.51219512195122,6.301615798922801,14.657894736842104,5,0.4847396768402154,0.3231597845601436,0.4798922800718133,0.1535008976660682,0.6333931777378815,0.0,0.0,0.0,2.0,,12.0,,0.0,,0.0,,0.0,,0.0,,15.0,,0.0,,0.0,,False,False,False,True,2.0
2023/24,493105,50,50,131,2564,7,7,8,39,0,0,0,4,0,0,7,372,527.2,616.8,1103.0,224.3,0,0,0,0,30,8.23,2.81,11.04,51.56,160,160,Garnacho,Aston Villa,MID,6.0,5.0,5.0,0.0,26.2,4.598283931357255,67.47368421052632,14,0.24570982839313574,0.24570982839313574,0.2888845553822153,0.09863494539781592,0.38751950078003117,0.0,0.21052631578947367,0.24570982839313574,39.0,2.0,557.0,12.0,3.0,0.0,2.0,0.0,0.0,0.0,0.0,0.0,6.301615798922801,15.0,0.4798922800718133,0.0,0.1535008976660682,0.0,False,False,False,True,3.0
2024/25,493105,65,59,106,2188,6,4,5,36,0,0,0,3,0,0,7,370,454.0,532.2,904.0,188.3,0,0,0,161,23,7.4,2.76,10.16,35.43,160,160,Garnacho,Aston Villa,MID,6.0,6.5,5.9,-0.5999999999999996,17.966101694915253,4.360146252285192,57.578947368421055,10,0.24680073126142596,0.16453382084095064,0.3043875685557587,0.11352833638025593,0.41791590493601466,0.0,0.13157894736842105,0.28793418647166363,131.0,39.0,2564.0,557.0,7.0,3.0,7.0,2.0,8.0,0.0,7.0,0.0,4.598283931357255,6.301615798922801,0.2888845553822153,0.4798922800718133,0.09863494539781592,0.1535008976660682,False,False,False,True,4.0
2025/26,493105,65,64,56,1261,1,4,4,20,0,0,0,2,0,0,3,222,211.4,405.3,399.0,100.5,10,45,16,71,14,3.44,3.68,7.12,20.52,160,160,Garnacho,Aston Villa,MID,6.0,6.5,6.4,-0.09999999999999964,8.75,3.9968279143536876,33.18421052631579,5,0.07137192704203013,0.2854877081681205,0.24551942902458365,0.2626486915146709,0.5081681205392545,0.0,0.10526315789473684,0.2141157811260904,106.0,131.0,2188.0,2564.0,6.0,7.0,4.0,7.0,5.0,8.0,7.0,7.0,4.360146252285192,4.598283931357255,0.3043875685557587,0.2888845553822153,0.11352833638025593,0.09863494539781592,False,False,False,True,5.0
2022/23,514356,45,45,57,2219,1,1,4,50,0,0,0,9,0,0,0,317,347.6,247.5,46.0,64.5,0,0,0,0,26,0.42,0.62,1.04,41.72,161,161,Lavia,Chelsea,MID,5.0,4.5,4.5,0.0,12.666666666666666,2.3118521856692205,58.39473684210526,2,0.040558810274898605,0.040558810274898605,0.017034700315457414,0.025146462370437134,0.04218116268589455,0.0,0.10526315789473684,0.0,0.0,,0.0,,0.0,,0.0,,0.0,,0.0,,0.0,,0.0,,0.0,,False,False,False,True,2.0
2023/24,514356,50,49,1,32,0,0,0,0,0,0,0,0,0,0,0,2,3.6,1.9,0.0,0.6,0,0,0,0,0,0.0,0.01,0.01,0.33,161,161,Lavia,Chelsea,MID,5.0,5.0,4.9,-0.09999999999999964,0.2040816326530612,2.8125,0.8421052631578947,0,0.0,0.0,0.0,0.028125,0.028125,0.0,0.0,0.0,57.0,0.0,2219.0,0.0,1.0,0.0,1.0,0.0,4.0,0.0,0.0,0.0,2.3118521856692205,0.0,0.017034700315457414,0.0,0.025146462370437134,0.0,False,False,False,True,3.0
2024/25,514356,45,45,26,792,0,1,3,11,0,0,0,4,0,0,0,125,113.2,121.7,7.0,24.4,0,0,0,88,11,0.25,0.38,0.63,14.33,161,161,Lavia,Chelsea,MID,5.0,4.5,4.5,0.0,5.777777777777778,2.954545454545454,20.842105263157894,1,0.0,0.11363636363636363,0.028409090909090908,0.043181818181818175,0.07159090909090908,0.0,0.07894736842105263,0.0,1.0,57.0,32.0,2219.0,0.0,1.0,0.0,1.0,0.0,4.0,0.0,0.0,2.8125,2.3118521856692205,0.0,0.017034700315457414,0.028125,0.025146462370437134,False,False,False,True,4.0
2025/26,514356,50,49,13,374,0,0,0,10,0,0,0,0,0,0,0,81,34.4,46.6,14.0,9.5,9,20,8,37,4,0.21,0.55,0.76,8.53,161,161,Lavia,Chelsea,MID,5.0,5.0,4.9,-0.09999999999999964,2.6530612244897958,3.1283422459893044,9.842105263157896,0,0.0,0.0,0.050534759358288765,0.1323529411764706,0.18288770053475933,0.0,0.0,0.0,26.0,1.0,792.0,32.0,0.0,0.0,1.0,0.0,3.0,0.0,0.0,0.0,2.954545454545454,2.8125,0.028409090909090908,0.0,0.043181818181818175,0.028125,False,False,False,True,5.0
2023/24,532605,45,42,1,7,0,0,0,0,0,0,0,0,0,0,0,1,0.0,0.5,3.0,0.2,0,0,0,0,0,0.06,0.0,0.06,0.02,162,162,Andrey Santos,Man Utd,MID,5.0,4.5,4.2,-0.2999999999999998,0.23809523809523808,12.857142857142858,0.18421052631578946,0,0.0,0.0,0.7714285714285714,0.0,0.7714285714285714,0.0,0.0,0.0,0.0,,0.0,,0.0,,0.0,,0.0,,0.0,,0.0,,0.0,,0.0,,False,False,False,True,3.0
2024/25,532605,45,45,0,0,0,0,0,0,0,0,0,0,0,0,0,0,0.0,0.0,0.0,0.0,0,0,0,0,0,0.0,0.0,0.0,0.0,162,162,Andrey Santos,Man Utd,MID,5.0,4.5,4.5,0.0,0.0,0.0,0.0,0,0.0,0.0,0.0,0.0,0.0,0.0,0.0,0.0,1.0,0.0,7.0,0.0,0.0,0.0,0.0,0.0,0.0,0.0,0.0,0.0,12.857142857142858,0.0,0.7714285714285714,0.0,0.0,0.0,False,False,False,True,4.0
2025/26,532605,45,44,47,1247,1,0,1,18,0,0,0,4,0,0,3,257,229.6,153.9,91.0,47.5,44,48,37,129,13,2.0,0.88,2.88,18.91,162,162,Andrey Santos,Man Utd,MID,5.0,4.5,4.4,-0.09999999999999964,10.681818181818182,3.392141138732959,32.81578947368421,1,0.07217321571772253,0.0,0.14434643143544507,0.06351242983159583,0.2078588612670409,0.0,0.02631578947368421,0.2165196471531676,0.0,1.0,0.0,7.0,0.0,0.0,0.0,0.0,0.0,0.0,0.0,0.0,0.0,12.857142857142858,0.0,0.7714285714285714,0.0,0.0,False,False,False,True,5.0
2021/22,475168,55,54,60,1634,3,1,2,35,0,0,0,1,0,0,4,207,332.6,291.2,610.0,123.7,0,0,0,0,0,0.0,0.0,0.0,0.0,165,165,João Pedro,Chelsea,FWD,7.5,5.5,5.4,-0.09999999999999964,11.11111111111111,3.3047735618115057,43.0,4,0.16523867809057527,0.05507955936352509,0.0,0.0,0.0,0.0,0.05263157894736842,0.22031823745410037,3.0,,22.0,,0.0,,0.0,,0.0,,0.0,,12.272727272727273,,0.0,,0.0,,False,True,False,False,1.0
2023/24,475168,55,52,104,2037,9,3,5,38,0,0,1,2,0,0,12,406,622.4,578.8,932.0,213.4,0,0,0,0,19,12.01,4.64,16.65,32.63,165,165,João Pedro,Chelsea,FWD,7.5,5.5,5.2,-0.2999999999999998,20.0,4.594992636229749,53.60526315789474,12,0.3976435935198822,0.1325478645066274,0.5306332842415317,0.20500736377025036,0.735640648011782,0.0,0.13157894736842105,0.5301914580265096,60.0,3.0,1634.0,22.0,3.0,0.0,1.0,0.0,2.0,0.0,4.0,0.0,3.3047735618115057,12.272727272727273,0.0,0.0,0.0,0.0,False,True,False,False,3.0
2024/25,475168,55,55,126,1946,10,6,6,28,0,0,0,4,1,0,26,516,567.0,456.0,644.0,166.0,0,0,0,96,23,8.96,3.1,12.06,25.51,165,165,João Pedro,Chelsea,FWD,7.5,5.5,5.5,0.0,22.90909090909091,5.827338129496402,51.21052631578947,16,0.4624871531346351,0.27749229188078106,0.4143884892086331,0.1433710174717369,0.55775950668037,0.0,0.15789473684210525,1.2024665981500513,104.0,60.0,2037.0,1634.0,9.0,3.0,3.0,1.0,5.0,2.0,12.0,4.0,4.594992636229749,3.3047735618115057,0.5306332842415317,0.0,0.20500736377025036,0.0,False,True,False,False,4.0
2025/26,475168,75,74,177,2658,15,9,10,36,0,0,0,5,0,0,30,715,758.4,456.6,909.0,212.1,39,72,27,138,31,14.91,1.96,16.87,37.25,165,165,João Pedro,Chelsea,FWD,7.5,7.5,7.4,-0.09999999999999964,23.91891891891892,5.993227990970654,69.94736842105263,24,0.5079006772009029,0.3047404063205417,0.5048532731376975,0.06636568848758465,0.5712189616252822,0.0,0.2631578947368421,1.0158013544018059,126.0,104.0,1946.0,2037.0,10.0,9.0,6.0,3.0,6.0,5.0,26.0,12.0,5.827338129496402,4.594992636229749,0.4143884892086331,0.5306332842415317,0.1433710174717369,0.20500736377025036,False,True,False,False,5.0
2024/25,517052,75,77,121,2220,10,6,11,24,0,0,0,7,1,0,17,417,546.4,368.3,976.0,187.4,0,0,0,90,28,11.68,1.9,13.58,28.47,166,166,N.Jackson,Chelsea,FWD,6.5,7.5,7.7,0.20000000000000018,15.714285714285714,4.905405405405405,58.421052631578945,16,0.4054054054054054,0.24324324324324323,0.4735135135135135,0.07702702702702702,0.5505405405405405,0.0,0.2894736842105263,0.6891891891891891,142.0,,2801.0,,14.0,,6.0,,9.0,,12.0,,4.562656194216351,,0.5828632631203141,,0.09639414494823277,,False,True,False,False,4.0
2025/26,517052,65,65,0,0,0,0,0,0,0,0,0,0,0,0,0,0,0.0,0.0,0.0,0.0,0,0,0,0,0,0.0,0.0,0.0,0.0,166,166,N.Jackson,Chelsea,FWD,6.5,6.5,6.5,0.0,0.0,0.0,0.0,0,0.0,0.0,0.0,0.0,0.0,0.0,0.0,0.0,121.0,142.0,2220.0,2801.0,10.0,14.0,6.0,6.0,11.0,9.0,17.0,12.0,4.905405405405405,4.562656194216351,0.4735135135135135,0.5828632631203141,0.07702702702702702,0.09639414494823277,False,True,False,False,5.0
2021/22,463034,45,45,1,8,0,0,0,0,0,0,0,0,0,0,0,2,0.0,0.0,2.0,0.1,0,0,0,0,0,0.0,0.0,0.0,0.0,167,167,Delap,Chelsea,FWD,5.5,4.5,4.5,0.0,0.2222222222222222,11.25,0.21052631578947367,0,0.0,0.0,0.0,0.0,0.0,0.0,0.0,0.0,1.0,,39.0,,0.0,,0.0,,0.0,,0.0,,2.3076923076923075,,0.0,,0.0,,False,True,False,False,1.0
2022/23,463034,45,44,0,0,0,0,0,0,0,0,0,0,0,0,0,0,0.0,0.0,0.0,0.0,0,0,0,0,0,0.0,0.0,0.0,0.0,167,167,Delap,Chelsea,FWD,5.5,4.5,4.4,-0.09999999999999964,0.0,0.0,0.0,0,0.0,0.0,0.0,0.0,0.0,0.0,0.0,0.0,1.0,1.0,8.0,39.0,0.0,0.0,0.0,0.0,0.0,0.0,0.0,0.0,11.25,2.3076923076923075,0.0,0.0,0.0,0.0,False,True,False,False,2.0
2024/25,463034,55,56,132,2587,12,2,3,58,0,0,0,12,0,0,22,472,513.0,290.5,783.0,157.5,0,0,0,109,32,9.44,1.38,10.82,53.6,167,167,Delap,Chelsea,FWD,5.5,5.5,5.6,0.09999999999999964,23.571428571428573,4.59219172787012,68.07894736842105,14,0.41747197526092,0.06957866254348667,0.32841128720525703,0.048009277155005796,0.3764205643602629,0.0,0.07894736842105263,0.7653652879783533,0.0,1.0,0.0,8.0,0.0,0.0,0.0,0.0,0.0,0.0,0.0,0.0,0.0,11.25,0.0,0.0,0.0,0.0,False,True,False,False,4.0
2025/26,463034,65,62,45,1092,1,2,2,18,0,0,0,4,0,0,1,123,67.8,73.7,349.0,47.3,12,25,5,42,12,4.54,0.23,4.76,16.67,167,167,Delap,Chelsea,FWD,5.5,6.5,6.2,-0.2999999999999998,7.258064516129032,3.708791208791209,28.736842105263158,3,0.08241758241758242,0.16483516483516483,0.3741758241758242,0.018956043956043958,0.3923076923076923,0.0,0.05263157894736842,0.08241758241758242,132.0,0.0,2587.0,0.0,12.0,0.0,2.0,0.0,3.0,0.0,22.0,0.0,4.59219172787012,0.0,0.32841128720525703,0.0,0.048009277155005796,0.0,False,True,False,False,5.0
2025/26,499309,45,40,13,265,0,1,0,3,0,0,0,1,0,0,0,19,24.6,40.1,86.0,13.1,4,4,0,8,1,1.54,0.29,1.83,5.89,168,168,Marc Guiu,Chelsea,FWD,5.0,4.5,4.0,-0.5,3.25,4.415094339622641,6.973684210526316,1,0.0,0.33962264150943394,0.5230188679245282,0.09849056603773583,0.6215094339622641,0.0,0.0,0.0,3.0,,71.0,,0.0,,0.0,,0.0,,0.0,,3.802816901408451,,0.0,,0.02535211267605634,,False,True,False,False,5.0
2025/26,567119,45,45,1,1,0,0,0,0,0,0,0,0,0,0,0,3,2.0,0.3,0.0,0.2,1,0,0,1,0,0.0,0.0,0.0,0.05,169,169,Mheuka,Chelsea,FWD,4.5,4.5,4.5,0.0,0.2222222222222222,90.0,0.02631578947368421,0,0.0,0.0,0.0,0.0,0.0,0.0,0.0,0.0,1.0,,1.0,,0.0,,0.0,,0.0,,0.0,,90.0,,5.3999999999999995,,0.0,,False,True,False,False,5.0
2020/21,461102,40,39,0,0,0,0,0,0,0,0,0,0,0,0,0,0,0.0,0.0,0.0,0.0,0,0,0,0,0,0.0,0.0,0.0,0.0,173,173,Thomas,Coventry City,DEF,4.0,4.0,3.9,-0.10000000000000009,0.0,0.0,0.0,0,0.0,0.0,0.0,0.0,0.0,0.0,0.0,0.0,0.0,,0.0,,0.0,,0.0,,0.0,,0.0,,0.0,,0.0,,0.0,,True,False,False,False,
2021/22,461102,40,39,0,0,0,0,0,0,0,0,0,0,0,0,0,0,0.0,0.0,0.0,0.0,0,0,0,0,0,0.0,0.0,0.0,0.0,173,173,Thomas,Coventry City,DEF,4.0,4.0,3.9,-0.10000000000000009,0.0,0.0,0.0,0,0.0,0.0,0.0,0.0,0.0,0.0,0.0,0.0,0.0,0.0,0.0,0.0,0.0,0.0,0.0,0.0,0.0,0.0,0.0,0.0,0.0,0.0,0.0,0.0,0.0,0.0,True,False,False,False,1.0
2023/24,461102,40,40,0,0,0,0,0,0,0,0,0,0,0,0,0,0,0.0,0.0,0.0,0.0,0,0,0,0,0,0.0,0.0,0.0,0.0,173,173,Thomas,Coventry City,DEF,4.0,4.0,4.0,0.0,0.0,0.0,0.0,0,0.0,0.0,0.0,0.0,0.0,0.0,0.0,0.0,0.0,0.0,0.0,0.0,0.0,0.0,0.0,0.0,0.0,0.0,0.0,0.0,0.0,0.0,0.0,0.0,0.0,0.0,True,False,False,False,3.0
2021/22,465390,40,40,0,0,0,0,0,0,0,0,0,0,0,0,0,0,0.0,0.0,0.0,0.0,0,0,0,0,0,0.0,0.0,0.0,0.0,177,177,Kesler-Hayden,Coventry City,DEF,4.0,4.0,4.0,0.0,0.0,0.0,0.0,0,0.0,0.0,0.0,0.0,0.0,0.0,0.0,0.0,0.0,,0.0,,0.0,,0.0,,0.0,,0.0,,0.0,,0.0,,0.0,,True,False,False,False,1.0
2023/24,465390,40,40,3,5,0,0,0,0,0,0,0,0,0,0,0,9,0.0,0.0,0.0,0.0,0,0,0,0,0,0.0,0.0,0.0,0.11,177,177,Kesler-Hayden,Coventry City,DEF,4.0,4.0,4.0,0.0,0.75,54.0,0.13157894736842105,0,0.0,0.0,0.0,0.0,0.0,0.0,0.0,0.0,0.0,0.0,0.0,0.0,0.0,0.0,0.0,0.0,0.0,0.0,0.0,0.0,0.0,0.0,0.0,0.0,0.0,0.0,True,False,False,False,3.0
2024/25,465390,40,40,0,0,0,0,0,0,0,0,0,0,0,0,0,0,0.0,0.0,0.0,0.0,0,0,0,0,0,0.0,0.0,0.0,0.0,177,177,Kesler-Hayden,Coventry City,DEF,4.0,4.0,4.0,0.0,0.0,0.0,0.0,0,0.0,0.0,0.0,0.0,0.0,0.0,0.0,0.0,3.0,0.0,5.0,0.0,0.0,0.0,0.0,0.0,0.0,0.0,0.0,0.0,54.0,0.0,0.0,0.0,0.0,0.0,True,False,False,False,4.0
2015/16,168144,45,42,3,90,0,0,1,0,0,0,0,0,0,0,0,4,0.0,0.0,0.0,0.0,0,0,0,0,0,0.0,0.0,0.0,0.0,184,184,Grimes,Coventry City,MID,5.0,4.5,4.2,-0.2999999999999998,0.7142857142857143,3.0,2.3684210526315788,0,0.0,0.0,0.0,0.0,0.0,0.0,0.02631578947368421,0.0,3.0,,44.0,,0.0,,0.0,,0.0,,0.0,,6.136363636363637,,0.0,,0.0,,False,False,False,True,
2020/21,218997,45,45,0,0,0,0,0,0,0,0,0,0,0,0,0,0,0.0,0.0,0.0,0.0,0,0,0,0,0,0.0,0.0,0.0,0.0,195,195,Simms,Coventry City,FWD,5.0,4.5,4.5,0.0,0.0,0.0,0.0,0,0.0,0.0,0.0,0.0,0.0,0.0,0.0,0.0,0.0,,0.0,,0.0,,0.0,,0.0,,0.0,,0.0,,0.0,,0.0,,False,True,False,False,
2021/22,218997,45,45,2,61,0,0,1,0,0,0,0,0,0,0,0,6,6.4,0.4,0.0,0.7,0,0,0,0,0,0.0,0.0,0.0,0.0,195,195,Simms,Coventry City,FWD,5.0,4.5,4.5,0.0,0.4444444444444444,2.9508196721311473,1.605263157894737,0,0.0,0.0,0.0,0.0,0.0,0.0,0.02631578947368421,0.0,0.0,0.0,0.0,0.0,0.0,0.0,0.0,0.0,0.0,0.0,0.0,0.0,0.0,0.0,0.0,0.0,0.0,0.0,False,True,False,False,1.0
2022/23,218997,45,45,17,219,1,0,0,4,0,0,0,0,0,0,0,59,40.8,39.6,54.0,13.0,0,0,0,0,2,0.86,0.15,1.01,6.4,195,195,Simms,Coventry City,FWD,5.0,4.5,4.5,0.0,3.7777777777777777,6.986301369863014,5.7631578947368425,1,0.4109589041095891,0.0,0.3534246575342466,0.06164383561643836,0.41506849315068495,0.0,0.0,0.0,2.0,0.0,61.0,0.0,0.0,0.0,0.0,0.0,1.0,0.0,0.0,0.0,2.9508196721311473,0.0,0.0,0.0,0.0,0.0,False,True,False,False,2.0
2023/24,218997,45,45,0,0,0,0,0,0,0,0,0,0,0,0,0,0,0.0,0.0,0.0,0.0,0,0,0,0,0,0.0,0.0,0.0,0.0,195,195,Simms,Coventry City,FWD,5.0,4.5,4.5,0.0,0.0,0.0,0.0,0,0.0,0.0,0.0,0.0,0.0,0.0,0.0,0.0,17.0,2.0,219.0,61.0,1.0,0.0,0.0,0.0,0.0,1.0,0.0,0.0,6.986301369863014,2.9508196721311473,0.3534246575342466,0.0,0.06164383561643836,0.0,False,True,False,False,3.0
2020/21,172649,55,52,44,1125,0,0,4,12,0,0,0,3,0,40,1,218,275.4,0.0,0.0,27.5,0,0,0,0,0,0.0,0.0,0.0,0.0,198,198,Henderson,Crystal Palace,GKP,5.0,5.5,5.2,-0.2999999999999998,8.461538461538462,3.52,29.605263157894736,0,0.0,0.0,0.0,0.0,0.0,3.2,0.10526315789473684,0.08,160.0,,3240.0,,0.0,,1.0,,13.0,,16.0,,4.444444444444445,,0.0,,0.0,,False,False,True,False,
2021/22,172649,50,47,0,0,0,0,0,0,0,0,0,0,0,0,0,0,0.0,0.0,0.0,0.0,0,0,0,0,0,0.0,0.0,0.0,0.0,198,198,Henderson,Crystal Palace,GKP,5.0,5.0,4.7,-0.2999999999999998,0.0,0.0,0.0,0,0.0,0.0,0.0,0.0,0.0,0.0,0.0,0.0,44.0,160.0,1125.0,3240.0,0.0,0.0,0.0,1.0,4.0,13.0,1.0,16.0,3.52,4.444444444444445,0.0,0.0,0.0,0.0,False,False,True,False,1.0
2022/23,172649,45,46,82,1620,0,0,6,31,0,2,0,2,0,54,12,367,474.4,0.0,0.0,47.5,0,0,0,0,18,0.0,0.01,0.01,26.97,198,198,Henderson,Crystal Palace,GKP,5.0,4.5,4.6,0.09999999999999964,17.826086956521742,4.555555555555555,42.63157894736842,0,0.0,0.0,0.0,0.0005555555555555556,0.0005555555555555556,3.0,0.15789473684210525,0.6666666666666666,0.0,44.0,0.0,1125.0,0.0,0.0,0.0,0.0,0.0,4.0,0.0,1.0,0.0,3.52,0.0,0.0,0.0,0.0,False,False,True,False,2.0
2023/24,172649,45,44,48,1620,0,0,4,30,2,0,0,2,0,58,2,293,434.8,0.0,0.0,43.7,0,0,0,0,18,0.0,0.01,0.01,26.47,198,198,Henderson,Crystal Palace,GKP,5.0,4.5,4.4,-0.09999999999999964,10.909090909090908,2.6666666666666665,42.63157894736842,0,0.0,0.0,0.0,0.0005555555555555556,0.0005555555555555556,3.2222222222222223,0.10526315789473684,0.1111111111111111,82.0,0.0,1620.0,0.0,0.0,0.0,0.0,0.0,6.0,0.0,12.0,0.0,4.555555555555555,0.0,0.0,0.0,0.0005555555555555556,0.0,False,False,True,False,3.0
2024/25,172649,45,46,135,3420,0,0,11,51,0,1,0,3,0,104,8,466,853.6,30.0,4.0,88.6,0,0,0,0,38,0.01,0.02,0.03,50.33,198,198,Henderson,Crystal Palace,GKP,5.0,4.5,4.6,0.09999999999999964,29.347826086956523,3.5526315789473686,90.0,0,0.0,0.0,0.0002631578947368421,0.0005263157894736842,0.0007894736842105263,2.736842105263158,0.2894736842105263,0.21052631578947367,48.0,82.0,1620.0,1620.0,0.0,0.0,0.0,0.0,4.0,6.0,2.0,12.0,2.6666666666666665,4.555555555555555,0.0,0.0,0.0005555555555555556,0.0005555555555555556,False,False,True,False,4.0
2025/26,172649,50,51,131,3330,0,0,11,51,0,1,0,5,0,106,7,538,837.8,10.0,0.0,84.7,55,298,1,0,37,0.0,0.11,0.11,51.4,198,198,Henderson,Crystal Palace,GKP,5.0,5.0,5.1,0.09999999999999964,25.686274509803923,3.5405405405405403,87.63157894736842,0,0.0,0.0,0.0,0.002972972972972973,0.002972972972972973,2.864864864864865,0.2894736842105263,0.1891891891891892,135.0,48.0,3420.0,1620.0,0.0,0.0,0.0,0.0,11.0,4.0,8.0,2.0,3.5526315789473686,2.6666666666666665,0.0002631578947368421,0.0,0.0005263157894736842,0.0005555555555555556,False,False,True,False,5.0
2025/26,437499,50,52,154,3085,1,2,11,47,0,0,0,4,1,0,11,529,822.0,106.4,316.0,124.3,310,96,60,370,35,2.45,0.83,3.28,44.04,200,200,Lacroix,Chelsea,DEF,6.0,5.0,5.2,0.20000000000000018,29.615384615384613,4.492706645056726,81.1842105263158,3,0.029173419773095625,0.05834683954619125,0.07147487844408429,0.024213938411669366,0.09568881685575364,0.0,0.2894736842105263,0.32090761750405183,114.0,,3116.0,,1.0,,2.0,,11.0,,9.0,,3.2926829268292686,,0.10109114249037228,,0.029172015404364572,,True,False,False,False,5.0
2024/25,247348,50,52,142,3229,4,6,11,46,0,0,0,10,0,0,9,480,816.6,634.2,524.0,197.6,0,0,0,267,37,4.92,3.46,8.38,46.3,201,201,Muñoz,Crystal Palace,DEF,5.5,5.0,5.2,0.20000000000000018,27.307692307692307,3.957881697119851,84.97368421052632,10,0.11148962527098172,0.16723443790647258,0.13713223908330752,0.09643852585939919,0.23357076494270673,0.0,0.2894736842105263,0.2508516568597089,56.0,,1440.0,,0.0,,4.0,,5.0,,3.0,,3.5,,0.07875,,0.07875,,True,False,False,False,4.0
2025/26,247348,55,59,136,2400,4,4,10,33,0,0,0,7,0,0,9,469,595.0,396.6,404.0,139.5,124,97,72,196,29,2.45,3.94,6.39,34.28,201,201,Muñoz,Crystal Palace,DEF,5.5,5.5,5.9,0.40000000000000036,23.050847457627118,5.1,63.1578947368421,8,0.15,0.15,0.091875,0.14775,0.23962499999999998,0.0,0.2631578947368421,0.33749999999999997,142.0,56.0,3229.0,1440.0,4.0,0.0,6.0,4.0,11.0,5.0,9.0,3.0,3.957881697119851,3.5,0.13713223908330752,0.07875,0.09643852585939919,0.07875,True,False,False,False,5.0
2023/24,427623,40,39,62,2091,1,1,4,38,0,0,0,3,0,0,4,370,456.2,87.5,108.0,65.2,0,0,0,0,23,0.6,0.17,0.77,33.16,202,202,Richards,Crystal Palace,DEF,5.0,4.0,3.9,-0.10000000000000009,15.897435897435898,2.66857962697274,55.026315789473685,2,0.0430416068866571,0.0430416068866571,0.025824964131994258,0.007317073170731708,0.03314203730272597,0.0,0.10526315789473684,0.1721664275466284,13.0,,443.0,,0.0,,0.0,,1.0,,0.0,,2.641083521444695,,0.1442437923250564,,0.010158013544018058,,True,False,False,False,3.0
2024/25,427623,45,44,68,1921,1,1,7,31,0,0,0,2,1,0,2,249,470.8,45.0,181.0,69.6,0,0,0,193,22,1.33,0.6,1.93,29.78,202,202,Richards,Crystal Palace,DEF,5.0,4.5,4.4,-0.09999999999999964,15.454545454545453,3.185840707964602,50.55263157894737,2,0.04685059864653826,0.04685059864653826,0.06231129619989589,0.028110359187922956,0.09042165538781884,0.0,0.18421052631578946,0.09370119729307652,62.0,13.0,2091.0,443.0,1.0,0.0,1.0,0.0,4.0,1.0,4.0,0.0,2.66857962697274,2.641083521444695,0.025824964131994258,0.1442437923250564,0.007317073170731708,0.010158013544018058,True,False,False,False,4.0
2025/26,427623,45,44,128,2825,1,0,11,42,0,0,0,4,0,0,5,453,727.2,159.6,185.0,107.6,257,65,54,311,31,2.42,1.56,3.98,41.19,202,202,Richards,Crystal Palace,DEF,5.0,4.5,4.4,-0.09999999999999964,29.09090909090909,4.07787610619469,74.34210526315789,1,0.03185840707964602,0.0,0.07709734513274336,0.04969911504424779,0.12679646017699114,0.0,0.2894736842105263,0.1592920353982301,68.0,62.0,1921.0,2091.0,1.0,1.0,1.0,1.0,7.0,4.0,2.0,4.0,3.185840707964602,2.66857962697274,0.06231129619989589,0.025824964131994258,0.028110359187922956,0.007317073170731708,True,False,False,False,5.0
2020/21,244723,40,38,58,1710,1,2,4,32,0,0,0,1,0,0,5,287,387.6,76.8,60.0,52.5,0,0,0,0,0,0.0,0.0,0.0,0.0,204,204,Mitchell,Crystal Palace,DEF,4.5,4.0,3.8,-0.20000000000000018,15.263157894736842,3.0526315789473686,45.0,3,0.05263157894736842,0.10526315789473684,0.0,0.0,0.0,0.0,0.10526315789473684,0.2631578947368421,4.0,,193.0,,0.0,,0.0,,0.0,,0.0,,1.8652849740932642,,0.0,,0.0,,True,False,False,False,
2021/22,244723,45,45,109,3101,0,2,10,43,0,0,0,1,0,0,6,561,619.2,380.5,111.0,111.1,0,0,0,0,0,0.0,0.0,0.0,0.0,204,204,Mitchell,Crystal Palace,DEF,4.5,4.5,4.5,0.0,24.22222222222222,3.163495646565624,81.60526315789474,2,0.0,0.058045791680103195,0.0,0.0,0.0,0.0,0.2631578947368421,0.17413737504030957,58.0,4.0,1710.0,193.0,1.0,0.0,2.0,0.0,4.0,0.0,5.0,0.0,3.0526315789473686,1.8652849740932642,0.0,0.0,0.0,0.0,True,False,False,False,1.0
2022/23,244723,45,44,93,2889,0,2,8,40,0,0,0,5,1,0,7,476,485.0,260.3,141.0,89.0,0,0,0,0,34,0.62,1.25,1.87,42.9,204,204,Mitchell,Crystal Palace,DEF,4.5,4.5,4.4,-0.09999999999999964,21.136363636363633,2.8971962616822426,76.02631578947368,2,0.0,0.06230529595015576,0.019314641744548285,0.03894080996884735,0.05825545171339564,0.0,0.21052631578947367,0.21806853582554517,109.0,58.0,3101.0,1710.0,0.0,1.0,2.0,2.0,10.0,4.0,6.0,5.0,3.163495646565624,3.0526315789473686,0.0,0.0,0.0,0.0,True,False,False,False,2.0
2023/24,244723,45,45,119,3204,2,3,10,55,0,0,0,6,0,0,10,590,669.8,393.7,209.0,127.4,0,0,0,0,37,1.27,2.39,3.66,50.84,204,204,Mitchell,Crystal Palace,DEF,4.5,4.5,4.5,0.0,26.444444444444443,3.342696629213483,84.3157894736842,5,0.056179775280898875,0.08426966292134831,0.035674157303370785,0.06713483146067416,0.10280898876404494,0.0,0.2631578947368421,0.28089887640449435,93.0,109.0,2889.0,3101.0,0.0,0.0,2.0,2.0,8.0,10.0,7.0,6.0,2.8971962616822426,3.163495646565624,0.019314641744548285,0.0,0.03894080996884735,0.0,True,False,False,False,3.0
2024/25,244723,50,48,123,3090,0,6,12,46,0,0,0,2,0,0,4,455,630.8,559.1,170.0,136.2,0,0,0,217,37,1.31,3.67,4.98,46.45,204,204,Mitchell,Crystal Palace,DEF,4.5,5.0,4.8,-0.20000000000000018,25.625,3.58252427184466,81.3157894736842,6,0.0,0.17475728155339804,0.03815533980582524,0.10689320388349513,0.14504854368932038,0.0,0.3157894736842105,0.11650485436893203,119.0,93.0,3204.0,2889.0,2.0,0.0,3.0,2.0,10.0,8.0,10.0,7.0,3.342696629213483,2.8971962616822426,0.035674157303370785,0.019314641744548285,0.06713483146067416,0.03894080996884735,True,False,False,False,4.0
2025/26,244723,50,50,135,3253,1,3,12,47,0,0,0,6,0,0,8,498,649.0,467.3,241.0,136.0,145,187,100,245,36,1.59,2.53,4.12,49.78,204,204,Mitchell,Crystal Palace,DEF,4.5,5.0,5.0,0.0,27.0,3.735013833384568,85.60526315789474,4,0.027666769136181987,0.08300030740854596,0.04399016292652936,0.06999692591454042,0.11398708884106978,0.0,0.3157894736842105,0.2213341530894559,123.0,119.0,3090.0,3204.0,0.0,2.0,6.0,3.0,12.0,10.0,4.0,10.0,3.58252427184466,3.342696629213483,0.03815533980582524,0.035674157303370785,0.10689320388349513,0.06713483146067416,True,False,False,False,5.0
2025/26,515621,40,40,20,550,0,1,1,8,0,0,0,2,0,0,0,84,117.8,23.9,41.0,18.3,37,32,8,45,6,0.33,0.13,0.46,9.09,206,206,Chadi Riad,Crystal Palace,DEF,4.5,4.0,4.0,0.0,5.0,3.272727272727273,14.473684210526315,1,0.0,0.16363636363636364,0.054000000000000006,0.021272727272727276,0.07527272727272728,0.0,0.02631578947368421,0.0,1.0,,90.0,,0.0,,0.0,,0.0,,0.0,,1.0,,0.0,,0.02,,True,False,False,False,5.0
2021/22,232185,60,57,81,1862,5,2,2,40,0,0,1,2,0,0,9,217,342.4,298.1,540.0,118.0,0,0,0,0,0,0.0,0.0,0.0,0.0,208,208,Sarr,Crystal Palace,MID,6.5,6.0,5.7,-0.2999999999999998,14.210526315789473,3.915145005370569,49.0,7,0.24167561761546721,0.09667024704618689,0.0,0.0,0.0,0.0,0.05263157894736842,0.435016111707841,107.0,,2023.0,,5.0,,7.0,,6.0,,7.0,,4.760257043994068,,0.0,,0.0,,False,False,False,True,1.0
2024/25,232185,60,55,149,2708,8,7,10,39,0,0,0,4,0,0,14,542,675.0,618.0,866.0,215.9,0,0,0,190,30,10.82,6.82,17.64,38.63,208,208,Sarr,Crystal Palace,MID,6.5,6.0,5.5,-0.5,27.09090909090909,4.951994091580502,71.26315789473684,15,0.2658788774002954,0.2326440177252585,0.3596011816838996,0.22666174298375186,0.5862629246676514,0.0,0.2631578947368421,0.465288035450517,81.0,107.0,1862.0,2023.0,5.0,5.0,2.0,7.0,2.0,6.0,9.0,7.0,3.915145005370569,4.760257043994068,0.0,0.0,0.0,0.0,False,False,False,True,4.0
2025/26,232185,65,64,117,2173,9,2,9,29,0,0,0,2,0,0,9,359,479.8,269.4,601.0,135.1,40,79,18,137,24,10.93,1.17,12.09,31.25,208,208,Sarr,Crystal Palace,MID,6.5,6.5,6.4,-0.09999999999999964,18.28125,4.845835250805338,57.18421052631579,11,0.37275655775425676,0.08283479061205706,0.45269213069489184,0.04845835250805338,0.5007363092498849,0.0,0.23684210526315788,0.37275655775425676,149.0,81.0,2708.0,1862.0,8.0,5.0,7.0,2.0,10.0,2.0,14.0,9.0,4.951994091580502,3.915145005370569,0.3596011816838996,0.0,0.22666174298375186,0.0,False,False,False,True,5.0
2023/24,242898,60,58,131,2317,5,12,5,42,0,0,0,3,0,0,9,397,554.4,624.3,782.0,196.3,0,0,0,0,26,10.36,4.3,14.65,43.97,209,209,Johnson,Crystal Palace,MID,6.0,6.0,5.8,-0.20000000000000018,22.586206896551726,5.0884764782045755,60.973684210526315,17,0.19421665947345707,0.46611998273629696,0.402416918429003,0.16702632714717305,0.5690548122572292,0.0,0.13157894736842105,0.3495899870522227,122.0,,2930.0,,8.0,,5.0,,7.0,,15.0,,3.7474402730375425,,0.2577133105802048,,0.06143344709897611,,False,False,False,True,3.0
2024/25,242898,65,62,137,2171,11,6,2,38,0,0,0,5,0,0,13,461,559.6,295.0,761.0,161.0,0,0,0,119,24,10.75,1.99,12.74,38.88,209,209,Johnson,Crystal Palace,MID,6.0,6.5,6.2,-0.2999999999999998,22.096774193548388,5.679410409949332,57.13157894736842,17,0.45601105481345,0.24873330262551818,0.4456471672040534,0.08249654537079686,0.5281437125748503,0.0,0.05263157894736842,0.5389221556886227,131.0,122.0,2317.0,2930.0,5.0,8.0,12.0,5.0,5.0,7.0,9.0,15.0,5.0884764782045755,3.7474402730375425,0.402416918429003,0.2577133105802048,0.16702632714717305,0.06143344709897611,False,False,False,True,4.0
2025/26,242898,70,65,65,1710,2,1,6,24,0,0,0,6,0,0,2,217,223.4,311.1,230.0,75.8,37,55,29,121,19,2.45,1.31,3.76,28.29,209,209,Johnson,Crystal Palace,MID,6.0,7.0,6.5,-0.5,10.0,3.4210526315789473,45.0,3,0.10526315789473684,0.05263157894736842,0.12894736842105264,0.06894736842105263,0.19789473684210526,0.0,0.15789473684210525,0.10526315789473684,137.0,131.0,2171.0,2317.0,11.0,5.0,6.0,12.0,2.0,5.0,13.0,9.0,5.679410409949332,5.0884764782045755,0.4456471672040534,0.402416918429003,0.08249654537079686,0.16702632714717305,False,False,False,True,5.0
2024/25,496221,50,47,42,1314,0,2,4,21,0,0,0,2,0,0,0,244,261.2,381.4,69.0,71.2,0,0,0,185,16,0.38,2.17,2.55,19.34,210,210,Wharton,Crystal Palace,MID,5.5,5.0,4.7,-0.2999999999999998,8.936170212765957,2.8767123287671232,34.578947368421055,2,0.0,0.136986301369863,0.026027397260273973,0.14863013698630137,0.17465753424657535,0.0,0.10526315789473684,0.0,50.0,,1296.0,,0.0,,3.0,,7.0,,4.0,,3.4722222222222223,,0.02638888888888889,,0.10416666666666666,,False,False,False,True,4.0
2025/26,496221,50,50,112,2552,1,6,8,43,0,0,0,4,1,0,8,511,494.4,720.0,180.0,139.6,70,163,70,303,29,1.52,7.47,8.98,39.08,210,210,Wharton,Crystal Palace,MID,5.5,5.0,5.0,0.0,22.4,3.949843260188088,67.15789473684211,7,0.03526645768025079,0.21159874608150472,0.053605015673981196,0.26344043887147334,0.3166927899686521,0.0,0.21052631578947367,0.2821316614420063,42.0,50.0,1314.0,1296.0,0.0,0.0,2.0,3.0,4.0,7.0,0.0,4.0,2.8767123287671232,3.4722222222222223,0.026027397260273973,0.02638888888888889,0.14863013698630137,0.10416666666666666,False,False,False,True,5.0
2018/19,108413,50,49,87,2419,2,4,7,39,0,0,0,5,0,0,5,320,429.2,416.0,451.0,129.6,0,0,0,0,0,0.0,0.0,0.0,0.0,212,212,Hughes,Crystal Palace,MID,4.5,5.0,4.9,-0.09999999999999964,17.755102040816325,3.2368747416287724,63.6578947368421,6,0.07441091360066143,0.14882182720132286,0.0,0.0,0.0,0.0,0.18421052631578946,0.18602728400165358,53.0,,987.0,,2.0,,3.0,,4.0,,5.0,,4.832826747720365,,0.0,,0.0,,False,False,False,True,
2019/20,108413,55,53,62,2249,1,1,5,46,0,0,0,9,0,0,3,265,352.2,413.1,270.0,103.6,0,0,0,0,0,0.0,0.0,0.0,0.0,212,212,Hughes,Crystal Palace,MID,4.5,5.5,5.3,-0.20000000000000018,11.69811320754717,2.481102712316585,59.18421052631579,2,0.04001778568252557,0.04001778568252557,0.0,0.0,0.0,0.0,0.13157894736842105,0.1200533570475767,87.0,53.0,2419.0,987.0,2.0,2.0,4.0,3.0,7.0,4.0,5.0,5.0,3.2368747416287724,4.832826747720365,0.0,0.0,0.0,0.0,False,False,False,True,
2021/22,108413,50,47,34,1050,0,2,4,16,0,0,0,6,0,0,2,164,159.0,143.0,60.0,36.3,0,0,0,0,0,0.0,0.0,0.0,0.0,212,212,Hughes,Crystal Palace,MID,4.5,5.0,4.7,-0.2999999999999998,7.234042553191489,2.9142857142857146,27.63157894736842,2,0.0,0.17142857142857143,0.0,0.0,0.0,0.0,0.10526315789473684,0.17142857142857143,62.0,87.0,2249.0,2419.0,1.0,2.0,1.0,4.0,5.0,7.0,3.0,5.0,2.481102712316585,3.2368747416287724,0.0,0.0,0.0,0.0,False,False,False,True,1.0
2022/23,108413,50,48,41,822,1,1,1,11,0,0,0,4,0,0,3,152,190.4,107.4,78.0,37.4,0,0,0,0,7,0.34,0.63,0.97,13.05,212,212,Hughes,Crystal Palace,MID,4.5,5.0,4.8,-0.20000000000000018,8.541666666666668,4.489051094890511,21.63157894736842,2,0.10948905109489052,0.10948905109489052,0.03722627737226278,0.06897810218978102,0.1062043795620438,0.0,0.02631578947368421,0.3284671532846716,34.0,62.0,1050.0,2249.0,0.0,1.0,2.0,1.0,4.0,5.0,2.0,3.0,2.9142857142857146,2.481102712316585,0.0,0.0,0.0,0.0,False,False,False,True,2.0
2023/24,108413,50,49,61,1886,0,2,8,38,0,0,0,6,0,0,2,252,319.2,338.6,67.0,72.3,0,0,0,0,23,0.31,1.7,2.01,30.83,212,212,Hughes,Crystal Palace,MID,4.5,5.0,4.9,-0.09999999999999964,12.448979591836734,2.9109225874867444,49.63157894736842,2,0.0,0.09544008483563096,0.0147932131495228,0.08112407211028631,0.09591728525980911,0.0,0.21052631578947367,0.09544008483563096,41.0,34.0,822.0,1050.0,1.0,0.0,1.0,2.0,1.0,4.0,3.0,2.0,4.489051094890511,2.9142857142857146,0.03722627737226278,0.0,0.06897810218978102,0.0,False,False,False,True,3.0
2024/25,108413,50,49,67,2100,0,4,10,31,0,0,0,11,0,0,3,278,335.2,462.6,90.0,87.5,0,0,0,249,24,1.09,2.64,3.73,31.64,212,212,Hughes,Crystal Palace,MID,4.5,5.0,4.9,-0.09999999999999964,13.673469387755102,2.8714285714285714,55.26315789473684,4,0.0,0.17142857142857143,0.04671428571428572,0.11314285714285716,0.15985714285714286,0.0,0.2631578947368421,0.1285714285714286,61.0,41.0,1886.0,822.0,0.0,1.0,2.0,1.0,8.0,1.0,2.0,3.0,2.9109225874867444,4.489051094890511,0.0147932131495228,0.03722627737226278,0.08112407211028631,0.06897810218978102,False,False,False,True,4.0
2025/26,108413,50,47,45,1560,0,1,5,18,0,0,0,7,0,0,0,217,198.0,322.9,90.0,60.9,54,66,28,148,19,1.11,1.94,3.05,25.35,212,212,Hughes,Crystal Palace,MID,4.5,5.0,4.7,-0.2999999999999998,9.574468085106382,2.5961538461538463,41.05263157894737,1,0.0,0.057692307692307696,0.06403846153846154,0.11192307692307693,0.17596153846153847,0.0,0.13157894736842105,0.0,67.0,61.0,2100.0,1886.0,0.0,0.0,4.0,2.0,10.0,8.0,3.0,2.0,2.8714285714285714,2.9109225874867444,0.04671428571428572,0.0147932131495228,0.11314285714285716,0.08112407211028631,False,False,False,True,5.0
2019/20,152551,50,48,65,2702,1,2,4,49,0,0,0,11,1,0,2,376,439.0,189.4,169.0,79.4,0,0,0,0,0,0.0,0.0,0.0,0.0,213,213,Lerma,Crystal Palace,MID,5.0,5.0,4.8,-0.20000000000000018,13.541666666666668,2.165062916358253,71.10526315789474,3,0.033308660251665435,0.06661732050333087,0.0,0.0,0.0,0.0,0.10526315789473684,0.06661732050333087,75.0,,2505.0,,2.0,,2.0,,9.0,,6.0,,2.694610778443114,,0.0,,0.0,,False,False,False,True,
2022/23,152551,50,47,101,3252,5,0,7,67,1,0,0,7,0,0,5,500,619.2,296.4,312.0,122.7,0,0,0,0,37,2.58,3.0,5.58,60.57,213,213,Lerma,Crystal Palace,MID,5.0,5.0,4.7,-0.2999999999999998,21.48936170212766,2.7952029520295203,85.57894736842105,5,0.13837638376383765,0.0,0.07140221402214023,0.08302583025830258,0.15442804428044282,0.0,0.18421052631578946,0.13837638376383765,65.0,75.0,2702.0,2505.0,1.0,2.0,2.0,2.0,4.0,9.0,2.0,6.0,2.165062916358253,2.694610778443114,0.0,0.0,0.0,0.0,False,False,False,True,2.0
2023/24,152551,50,47,64,2399,1,1,5,46,0,0,0,8,0,0,4,338,417.6,366.1,240.0,102.4,0,0,0,0,27,2.61,1.78,4.39,38.16,213,213,Lerma,Crystal Palace,MID,5.0,5.0,4.7,-0.2999999999999998,13.617021276595745,2.40100041684035,63.13157894736842,2,0.03751563151313047,0.03751563151313047,0.09791579824927053,0.06677782409337224,0.16469362234264276,0.0,0.13157894736842105,0.15006252605252188,101.0,65.0,3252.0,2702.0,5.0,1.0,0.0,2.0,7.0,4.0,5.0,2.0,2.7952029520295203,2.165062916358253,0.07140221402214023,0.0,0.08302583025830258,0.0,False,False,False,True,3.0
2024/25,152551,50,48,58,2270,0,1,6,36,0,0,0,9,0,0,2,326,401.4,190.2,197.0,78.7,0,0,0,327,26,1.07,1.75,2.82,33.55,213,213,Lerma,Crystal Palace,MID,5.0,5.0,4.8,-0.20000000000000018,12.083333333333334,2.299559471365639,59.73684210526316,1,0.0,0.039647577092511016,0.04242290748898679,0.06938325991189427,0.11180616740088105,0.0,0.15789473684210525,0.07929515418502203,64.0,101.0,2399.0,3252.0,1.0,5.0,1.0,0.0,5.0,7.0,4.0,5.0,2.40100041684035,2.7952029520295203,0.09791579824927053,0.07140221402214023,0.06677782409337224,0.08302583025830258,False,False,False,True,4.0
2025/26,152551,50,49,69,1722,0,5,7,25,2,0,0,7,0,0,3,296,287.6,207.2,233.0,72.5,90,102,28,220,18,1.84,1.48,3.32,25.11,213,213,Lerma,Crystal Palace,MID,5.0,5.0,4.9,-0.09999999999999964,14.081632653061224,3.6062717770034842,45.31578947368421,5,0.0,0.2613240418118467,0.0961672473867596,0.07735191637630662,0.1735191637630662,0.0,0.18421052631578946,0.15679442508710803,58.0,64.0,2270.0,2399.0,0.0,1.0,1.0,1.0,6.0,5.0,2.0,4.0,2.299559471365639,2.40100041684035,0.04242290748898679,0.09791579824927053,0.06938325991189427,0.06677782409337224,False,False,False,True,5.0
2025/26,209400,50,50,67,1899,0,2,6,28,0,0,0,3,0,0,0,331,239.2,350.1,155.0,74.5,38,108,62,208,22,1.64,3.24,4.88,26.04,214,214,Kamada,Crystal Palace,MID,5.0,5.0,5.0,0.0,13.4,3.1753554502369665,49.973684210526315,2,0.0,0.0947867298578199,0.0777251184834123,0.15355450236966825,0.23127962085308054,0.0,0.15789473684210525,0.0,45.0,,1545.0,,0.0,,0.0,,3.0,,0.0,,2.6213592233009706,,0.06524271844660194,,0.09029126213592233,,False,False,False,True,5.0
2025/26,489706,45,43,36,785,1,0,1,15,0,0,0,0,0,0,0,108,115.0,101.8,168.0,38.4,13,34,25,72,7,2.38,0.39,2.77,14.71,215,215,Devenny,Crystal Palace,MID,5.0,4.5,4.3,-0.20000000000000018,8.372093023255815,4.127388535031847,20.657894736842106,1,0.11464968152866244,0.0,0.2728662420382166,0.04471337579617835,0.3175796178343949,0.0,0.02631578947368421,0.0,34.0,,494.0,,1.0,,1.0,,0.0,,1.0,,6.194331983805668,,0.1402834008097166,,0.07469635627530363,,False,False,False,True,5.0
2025/26,606921,50,47,4,40,0,0,0,0,0,0,0,0,0,0,0,12,6.8,2.7,6.0,1.5,0,2,3,5,0,0.0,0.04,0.04,1.74,216,216,Esse,Crystal Palace,MID,5.0,5.0,4.7,-0.2999999999999998,0.851063829787234,9.0,1.0526315789473684,0,0.0,0.0,0.0,0.09000000000000001,0.09000000000000001,0.0,0.0,0.0,22.0,,138.0,,1.0,,2.0,,0.0,,3.0,,14.347826086956522,,0.20869565217391303,,0.2543478260869565,,False,False,False,True,5.0
2024/25,536694,45,44,9,52,1,0,0,0,0,0,0,0,0,0,0,34,48.4,1.2,66.0,11.5,0,0,0,8,0,0.28,0.18,0.46,0.4,217,217,M.França,Crystal Palace,MID,5.0,4.5,4.4,-0.09999999999999964,2.0454545454545454,15.576923076923078,1.368421052631579,1,1.7307692307692308,0.0,0.4846153846153847,0.31153846153846154,0.7961538461538462,0.0,0.0,0.0,16.0,,224.0,,0.0,,2.0,,0.0,,0.0,,6.428571428571429,,0.13258928571428572,,0.18482142857142858,,False,False,False,True,4.0
2025/26,536694,45,45,0,0,0,0,0,0,0,0,0,0,0,0,0,0,0.0,0.0,0.0,0.0,0,0,0,0,0,0.0,0.0,0.0,0.0,217,217,M.França,Crystal Palace,MID,5.0,4.5,4.5,0.0,0.0,0.0,0.0,0,0.0,0.0,0.0,0.0,0.0,0.0,0.0,0.0,9.0,16.0,52.0,224.0,1.0,0.0,0.0,2.0,0.0,0.0,0.0,0.0,15.576923076923078,6.428571428571429,0.4846153846153847,0.13258928571428572,0.31153846153846154,0.18482142857142858,False,False,False,True,5.0
2023/24,438464,50,48,21,920,0,0,3,12,0,0,0,2,0,0,0,141,165.8,138.5,36.0,34.2,0,0,0,0,11,0.28,0.76,1.04,13.76,218,218,Doucouré,Crystal Palace,MID,5.0,5.0,4.8,-0.20000000000000018,4.375,2.0543478260869565,24.210526315789473,0,0.0,0.0,0.027391304347826093,0.07434782608695653,0.10173913043478262,0.0,0.07894736842105263,0.0,74.0,,2770.0,,0.0,,3.0,,7.0,,3.0,,2.404332129963899,,0.04711191335740072,,0.039638989169675086,,False,False,False,True,3.0
2024/25,438464,50,48,19,443,0,1,1,6,0,0,0,1,0,0,0,71,58.6,25.7,23.0,10.8,0,0,0,68,4,0.4,0.11,0.51,7.53,218,218,Doucouré,Crystal Palace,MID,5.0,5.0,4.8,-0.20000000000000018,3.9583333333333335,3.860045146726862,11.657894736842104,1,0.0,0.20316027088036115,0.08126410835214447,0.022347629796839727,0.1036117381489842,0.0,0.02631578947368421,0.0,21.0,74.0,920.0,2770.0,0.0,0.0,0.0,3.0,3.0,7.0,0.0,3.0,2.0543478260869565,2.404332129963899,0.027391304347826093,0.04711191335740072,0.07434782608695653,0.039638989169675086,False,False,False,True,4.0
2025/26,438464,50,49,0,0,0,0,0,0,0,0,0,0,0,0,0,0,0.0,0.0,0.0,0.0,0,0,0,0,0,0.0,0.0,0.0,0.0,218,218,Doucouré,Crystal Palace,MID,5.0,5.0,4.9,-0.09999999999999964,0.0,0.0,0.0,0,0.0,0.0,0.0,0.0,0.0,0.0,0.0,0.0,19.0,21.0,443.0,920.0,0.0,0.0,1.0,0.0,1.0,3.0,0.0,0.0,3.860045146726862,2.0543478260869565,0.08126410835214447,0.027391304347826093,0.022347629796839727,0.07434782608695653,False,False,False,True,5.0
2021/22,450542,45,44,4,79,0,0,1,0,0,0,0,0,0,0,0,7,1.0,6.1,2.0,0.8,0,0,0,0,0,0.0,0.0,0.0,0.0,219,219,J.Rak-Sakyi,Crystal Palace,MID,5.0,4.5,4.4,-0.09999999999999964,0.9090909090909091,4.556962025316456,2.0789473684210527,0,0.0,0.0,0.0,0.0,0.0,0.0,0.02631578947368421,0.0,0.0,,0.0,,0.0,,0.0,,0.0,,0.0,,0.0,,0.0,,0.0,,False,False,False,True,1.0
2022/23,450542,45,45,0,0,0,0,0,0,0,0,0,0,0,0,0,0,0.0,0.0,0.0,0.0,0,0,0,0,0,0.0,0.0,0.0,0.0,219,219,J.Rak-Sakyi,Crystal Palace,MID,5.0,4.5,4.5,0.0,0.0,0.0,0.0,0,0.0,0.0,0.0,0.0,0.0,0.0,0.0,0.0,4.0,0.0,79.0,0.0,0.0,0.0,0.0,0.0,1.0,0.0,0.0,0.0,4.556962025316456,0.0,0.0,0.0,0.0,0.0,False,False,False,True,2.0
2023/24,450542,45,45,8,132,0,0,1,3,0,0,0,0,0,0,0,21,23.2,28.2,58.0,11.0,0,0,0,0,0,0.41,0.14,0.54,3.21,219,219,J.Rak-Sakyi,Crystal Palace,MID,5.0,4.5,4.5,0.0,1.7777777777777777,5.454545454545455,3.473684210526316,0,0.0,0.0,0.27954545454545454,0.09545454545454547,0.3681818181818182,0.0,0.02631578947368421,0.0,0.0,4.0,0.0,79.0,0.0,0.0,0.0,0.0,0.0,1.0,0.0,0.0,0.0,4.556962025316456,0.0,0.0,0.0,0.0,False,False,False,True,3.0
2024/25,450542,45,45,0,0,0,0,0,0,0,0,0,0,0,0,0,0,0.0,0.0,0.0,0.0,0,0,0,0,0,0.0,0.0,0.0,0.0,219,219,J.Rak-Sakyi,Crystal Palace,MID,5.0,4.5,4.5,0.0,0.0,0.0,0.0,0,0.0,0.0,0.0,0.0,0.0,0.0,0.0,0.0,8.0,0.0,132.0,0.0,0.0,0.0,0.0,0.0,1.0,0.0,0.0,0.0,5.454545454545455,0.0,0.27954545454545454,0.0,0.09545454545454547,0.0,False,False,False,True,4.0
2025/26,450542,45,44,0,0,0,0,0,0,0,0,0,0,0,0,0,0,0.0,0.0,0.0,0.0,0,0,0,0,0,0.0,0.0,0.0,0.0,219,219,J.Rak-Sakyi,Crystal Palace,MID,5.0,4.5,4.4,-0.09999999999999964,0.0,0.0,0.0,0,0.0,0.0,0.0,0.0,0.0,0.0,0.0,0.0,0.0,8.0,0.0,132.0,0.0,0.0,0.0,0.0,0.0,1.0,0.0,0.0,0.0,5.454545454545455,0.0,0.27954545454545454,0.0,0.09545454545454547,False,False,False,True,5.0
2025/26,247412,65,58,75,2301,4,1,5,41,0,0,1,4,0,0,3,215,265.2,203.1,469.0,91.5,49,37,9,95,26,5.3,1.12,6.42,36.03,222,222,Strand Larsen,Crystal Palace,FWD,6.0,6.5,5.8,-0.7000000000000002,12.931034482758621,2.9335071707953064,60.55263157894737,5,0.15645371577574968,0.03911342894393742,0.2073011734028683,0.04380704041720991,0.25110821382007825,0.0,0.13157894736842105,0.11734028683181226,145.0,,2587.0,,14.0,,4.0,,7.0,,17.0,,5.044453034402784,,0.35276381909547744,,0.034789331271743336,,False,True,False,False,5.0
2021/22,231747,55,53,61,1138,5,1,5,14,0,0,0,2,0,0,6,182,253.6,112.8,568.0,93.4,0,0,0,0,0,0.0,0.0,0.0,0.0,223,223,Mateta,Crystal Palace,FWD,6.5,5.5,5.3,-0.20000000000000018,11.50943396226415,4.824253075571177,29.94736842105263,6,0.39543057996485065,0.07908611599297012,0.0,0.0,0.0,0.0,0.13157894736842105,0.47451669595782076,15.0,,215.0,,1.0,,0.0,,0.0,,2.0,,6.279069767441861,,0.0,,0.0,,False,True,False,False,1.0
2022/23,231747,55,51,41,748,2,0,3,10,0,0,0,3,0,0,3,96,119.8,71.4,247.0,42.5,0,0,0,0,6,3.44,0.16,3.6,13.49,223,223,Mateta,Crystal Palace,FWD,6.5,5.5,5.1,-0.40000000000000036,8.03921568627451,4.933155080213903,19.68421052631579,2,0.24064171122994651,0.0,0.413903743315508,0.01925133689839572,0.4331550802139037,0.0,0.07894736842105263,0.36096256684491973,61.0,15.0,1138.0,215.0,5.0,1.0,1.0,0.0,5.0,0.0,6.0,2.0,4.824253075571177,6.279069767441861,0.0,0.0,0.0,0.0,False,True,False,False,2.0
2023/24,231747,50,51,165,2274,16,7,8,44,0,0,0,3,0,0,22,563,775.0,404.0,741.0,191.9,0,0,0,0,25,10.84,1.3,12.14,40.46,223,223,Mateta,Crystal Palace,FWD,6.5,5.0,5.1,0.09999999999999964,32.35294117647059,6.530343007915567,59.8421052631579,23,0.633245382585752,0.2770448548812665,0.42902374670184695,0.05145118733509235,0.48047493403693936,0.0,0.21052631578947367,0.870712401055409,41.0,61.0,748.0,1138.0,2.0,5.0,0.0,1.0,3.0,5.0,3.0,6.0,4.933155080213903,4.824253075571177,0.413903743315508,0.0,0.01925133689839572,0.0,False,True,False,False,3.0
2024/25,231747,75,75,150,2642,14,2,9,37,0,0,0,2,0,0,27,576,671.6,405.4,800.0,187.3,0,0,0,114,33,13.77,2.28,16.05,37.94,223,223,Mateta,Crystal Palace,FWD,6.5,7.5,7.5,0.0,20.0,5.109765329295988,69.52631578947368,16,0.4769114307342922,0.06813020439061318,0.4690764572293717,0.077668433005299,0.5467448902346708,0.0,0.23684210526315788,0.9197577592732779,165.0,41.0,2274.0,748.0,16.0,2.0,7.0,0.0,8.0,3.0,22.0,3.0,6.530343007915567,4.933155080213903,0.42902374670184695,0.413903743315508,0.05145118733509235,0.01925133689839572,False,True,False,False,4.0
2025/26,231747,75,76,114,2210,12,0,8,29,0,0,0,2,0,0,13,397,567.2,160.6,786.0,150.8,58,57,10,125,25,14.42,1.32,15.74,31.77,223,223,Mateta,Crystal Palace,FWD,6.5,7.5,7.6,0.09999999999999964,15.0,4.642533936651583,58.1578947368421,12,0.48868778280542985,0.0,0.5872398190045248,0.05375565610859728,0.6409954751131222,0.0,0.21052631578947367,0.5294117647058824,150.0,165.0,2642.0,2274.0,14.0,16.0,2.0,7.0,9.0,8.0,27.0,22.0,5.109765329295988,6.530343007915567,0.4690764572293717,0.42902374670184695,0.077668433005299,0.05145118733509235,False,True,False,False,5.0
2018/19,205533,50,50,10,63,1,0,0,3,0,0,0,0,0,0,1,36,40.8,14.7,59.0,11.4,0,0,0,0,0,0.0,0.0,0.0,0.0,224,224,Nketiah,Crystal Palace,FWD,5.5,5.0,5.0,0.0,2.0,14.285714285714286,1.6578947368421053,1,1.4285714285714286,0.0,0.0,0.0,0.0,0.0,0.0,1.4285714285714286,3.0,,17.0,,0.0,,0.0,,0.0,,0.0,,15.882352941176471,,0.0,,0.0,,False,True,False,False,
2019/20,205533,45,43,25,628,2,0,3,9,0,0,0,0,1,0,1,66,90.4,67.0,210.0,36.4,0,0,0,0,0,0.0,0.0,0.0,0.0,224,224,Nketiah,Crystal Palace,FWD,5.5,4.5,4.3,-0.20000000000000018,5.813953488372094,3.5828025477707004,16.526315789473685,2,0.28662420382165604,0.0,0.0,0.0,0.0,0.0,0.07894736842105263,0.14331210191082802,10.0,3.0,63.0,17.0,1.0,0.0,0.0,0.0,0.0,0.0,1.0,0.0,14.285714285714286,15.882352941176471,0.0,0.0,0.0,0.0,False,True,False,False,
2020/21,205533,60,53,36,411,2,1,1,6,0,0,0,0,0,0,5,120,116.6,97.3,211.0,42.1,0,0,0,0,0,0.0,0.0,0.0,0.0,224,224,Nketiah,Crystal Palace,FWD,5.5,6.0,5.3,-0.7000000000000002,6.7924528301886795,7.883211678832117,10.81578947368421,3,0.43795620437956206,0.21897810218978103,0.0,0.0,0.0,0.0,0.02631578947368421,1.094890510948905,25.0,10.0,628.0,63.0,2.0,1.0,0.0,0.0,3.0,0.0,1.0,1.0,3.5828025477707004,14.285714285714286,0.0,0.0,0.0,0.0,False,True,False,False,
2021/22,205533,55,57,55,823,5,1,0,18,0,0,0,3,0,0,6,194,249.2,165.2,408.0,82.1,0,0,0,0,0,0.0,0.0,0.0,0.0,224,224,Nketiah,Crystal Palace,FWD,5.5,5.5,5.7,0.20000000000000018,9.649122807017543,6.014580801944107,21.657894736842106,6,0.5467800729040098,0.10935601458080195,0.0,0.0,0.0,0.0,0.0,0.6561360874848117,36.0,25.0,411.0,628.0,2.0,2.0,1.0,0.0,1.0,3.0,5.0,1.0,7.883211678832117,3.5828025477707004,0.0,0.0,0.0,0.0,False,True,False,False,1.0
2022/23,205533,70,63,63,1071,4,2,2,16,0,0,0,3,0,0,5,161,213.4,128.5,607.0,93.8,0,0,0,0,9,7.89,1.26,9.15,14.65,224,224,Nketiah,Crystal Palace,FWD,5.5,7.0,6.3,-0.7000000000000002,10.0,5.294117647058823,28.18421052631579,6,0.3361344537815126,0.1680672268907563,0.6630252100840336,0.10588235294117647,0.7689075630252101,0.0,0.05263157894736842,0.42016806722689076,55.0,36.0,823.0,411.0,5.0,2.0,1.0,1.0,0.0,1.0,6.0,5.0,6.014580801944107,7.883211678832117,0.0,0.0,0.0,0.0,False,True,False,False,2.0
2023/24,205533,55,50,71,1065,5,4,6,10,0,0,0,3,0,0,5,206,235.0,136.3,417.0,77.2,0,0,0,0,10,4.65,0.53,5.18,10.21,224,224,Nketiah,Crystal Palace,FWD,5.5,5.5,5.0,-0.5,14.2,6.0,28.026315789473685,9,0.4225352112676056,0.3380281690140845,0.39295774647887327,0.0447887323943662,0.43774647887323936,0.0,0.15789473684210525,0.4225352112676056,63.0,55.0,1071.0,823.0,4.0,5.0,2.0,1.0,2.0,0.0,5.0,6.0,5.294117647058823,6.014580801944107,0.6630252100840336,0.0,0.10588235294117647,0.0,False,True,False,False,3.0
2024/25,205533,60,59,53,1018,3,2,2,17,0,0,0,4,1,0,4,186,192.2,163.7,475.0,82.5,0,0,0,55,9,5.94,0.83,6.77,14.29,224,224,Nketiah,Crystal Palace,FWD,5.5,6.0,5.9,-0.09999999999999964,8.983050847457626,4.68565815324165,26.789473684210527,5,0.26522593320235754,0.1768172888015717,0.525147347740668,0.07337917485265225,0.5985265225933202,0.0,0.05263157894736842,0.3536345776031434,71.0,63.0,1065.0,1071.0,5.0,4.0,4.0,2.0,6.0,2.0,5.0,5.0,6.0,5.294117647058823,0.39295774647887327,0.6630252100840336,0.0447887323943662,0.10588235294117647,False,True,False,False,4.0
2025/26,205533,55,54,23,414,2,0,0,12,0,0,0,2,0,0,3,100,120.0,84.6,173.0,37.8,13,17,8,38,2,1.77,0.46,2.23,9.49,224,224,Nketiah,Crystal Palace,FWD,5.5,5.5,5.4,-0.09999999999999964,4.259259259259259,5.0,10.894736842105264,2,0.4347826086956522,0.0,0.38478260869565223,0.1,0.4847826086956522,0.0,0.0,0.6521739130434783,53.0,71.0,1018.0,1065.0,3.0,5.0,2.0,4.0,2.0,6.0,4.0,5.0,4.68565815324165,6.0,0.525147347740668,0.39295774647887327,0.07337917485265225,0.0447887323943662,False,True,False,False,5.0
2014/15,111234,40,40,0,0,0,0,0,0,0,0,0,0,0,0,0,0,0.0,0.0,0.0,0.0,0,0,0,0,0,0.0,0.0,0.0,0.0,226,226,Pickford,Everton,GKP,5.5,4.0,4.0,0.0,0.0,0.0,0.0,0,0.0,0.0,0.0,0.0,0.0,0.0,0.0,0.0,0.0,,0.0,,0.0,,0.0,,0.0,,0.0,,0.0,,0.0,,0.0,,False,False,True,False,
2015/16,111234,40,39,4,180,0,0,0,6,0,0,0,0,0,11,0,41,0.0,0.0,0.0,0.0,0,0,0,0,0,0.0,0.0,0.0,0.0,226,226,Pickford,Everton,GKP,5.5,4.0,3.9,-0.10000000000000009,1.0256410256410258,2.0,4.7368421052631575,0,0.0,0.0,0.0,0.0,0.0,5.5,0.0,0.0,0.0,0.0,0.0,0.0,0.0,0.0,0.0,0.0,0.0,0.0,0.0,0.0,0.0,0.0,0.0,0.0,0.0,0.0,False,False,True,False,
2016/17,111234,40,42,102,2610,0,0,4,50,0,0,0,0,0,135,9,608,933.0,40.0,0.0,97.4,0,0,0,0,0,0.0,0.0,0.0,0.0,226,226,Pickford,Everton,GKP,5.5,4.0,4.2,0.20000000000000018,24.285714285714285,3.5172413793103448,68.6842105263158,0,0.0,0.0,0.0,0.0,0.0,4.655172413793103,0.10526315789473684,0.3103448275862069,4.0,0.0,180.0,0.0,0.0,0.0,0.0,0.0,0.0,0.0,0.0,0.0,2.0,0.0,0.0,0.0,0.0,0.0,False,False,True,False,
2017/18,111234,50,49,145,3420,0,0,10,58,0,1,0,0,0,121,16,724,873.6,30.1,4.0,90.7,0,0,0,0,0,0.0,0.0,0.0,0.0,226,226,Pickford,Everton,GKP,5.5,5.0,4.9,-0.09999999999999964,29.591836734693874,3.8157894736842106,90.0,0,0.0,0.0,0.0,0.0,0.0,3.1842105263157894,0.2631578947368421,0.42105263157894735,102.0,4.0,2610.0,180.0,0.0,0.0,0.0,0.0,4.0,0.0,9.0,0.0,3.5172413793103448,2.0,0.0,0.0,0.0,0.0,False,False,True,False,
2018/19,111234,50,49,161,3420,0,0,14,46,0,3,0,1,0,94,13,706,776.4,10.0,0.0,78.5,0,0,0,0,0,0.0,0.0,0.0,0.0,226,226,Pickford,Everton,GKP,5.5,5.0,4.9,-0.09999999999999964,32.857142857142854,4.2368421052631575,90.0,0,0.0,0.0,0.0,0.0,0.0,2.473684210526316,0.3684210526315789,0.34210526315789475,145.0,102.0,3420.0,2610.0,0.0,0.0,0.0,0.0,10.0,4.0,16.0,9.0,3.8157894736842106,3.5172413793103448,0.0,0.0,0.0,0.0,False,False,True,False,
2019/20,111234,55,52,117,3420,0,0,9,56,0,0,0,2,0,94,5,626,755.6,13.0,0.0,76.7,0,0,0,0,0,0.0,0.0,0.0,0.0,226,226,Pickford,Everton,GKP,5.5,5.5,5.2,-0.2999999999999998,22.5,3.0789473684210527,90.0,0,0.0,0.0,0.0,0.0,0.0,2.473684210526316,0.23684210526315788,0.13157894736842105,161.0,145.0,3420.0,3420.0,0.0,0.0,0.0,0.0,14.0,10.0,13.0,16.0,4.2368421052631575,3.8157894736842106,0.0,0.0,0.0,0.0,False,False,True,False,
2020/21,111234,50,48,114,2742,0,0,10,39,0,0,0,1,0,89,8,570,698.4,10.1,0.0,70.9,0,0,0,0,0,0.0,0.0,0.0,0.0,226,226,Pickford,Everton,GKP,5.5,5.0,4.8,-0.20000000000000018,23.75,3.741794310722101,72.15789473684211,0,0.0,0.0,0.0,0.0,0.0,2.9212253829321666,0.2631578947368421,0.262582056892779,117.0,161.0,3420.0,3420.0,0.0,0.0,0.0,0.0,9.0,14.0,5.0,13.0,3.0789473684210527,4.2368421052631575,0.0,0.0,0.0,0.0,False,False,True,False,
2021/22,111234,50,48,116,3150,0,0,7,58,0,0,0,2,0,117,12,624,863.2,43.0,0.0,90.5,0,0,0,0,0,0.0,0.0,0.0,0.0,226,226,Pickford,Everton,GKP,5.5,5.0,4.8,-0.20000000000000018,24.166666666666668,3.3142857142857145,82.89473684210526,0,0.0,0.0,0.0,0.0,0.0,3.342857142857143,0.18421052631578946,0.34285714285714286,114.0,117.0,2742.0,3420.0,0.0,0.0,0.0,0.0,10.0,9.0,8.0,5.0,3.741794310722101,3.0789473684210527,0.0,0.0,0.0,0.0,False,False,True,False,1.0
2022/23,111234,45,44,124,3330,0,1,8,57,0,1,0,6,0,124,10,666,997.8,23.0,0.0,102.0,0,0,0,0,37,0.0,0.35,0.35,66.41,226,226,Pickford,Everton,GKP,5.5,4.5,4.4,-0.09999999999999964,28.18181818181818,3.3513513513513513,87.63157894736842,1,0.0,0.02702702702702703,0.0,0.009459459459459458,0.009459459459459458,3.3513513513513513,0.21052631578947367,0.2702702702702703,116.0,114.0,3150.0,2742.0,0.0,0.0,0.0,0.0,7.0,10.0,12.0,8.0,3.3142857142857145,3.741794310722101,0.0,0.0,0.0,0.0,False,False,True,False,2.0
2023/24,111234,45,48,153,3420,0,0,13,51,1,0,0,5,0,121,22,734,969.2,43.4,0.0,101.3,0,0,0,0,38,0.0,0.46,0.46,56.01,226,226,Pickford,Everton,GKP,5.5,4.5,4.8,0.2999999999999998,31.875,4.026315789473684,90.0,0,0.0,0.0,0.0,0.012105263157894737,0.012105263157894737,3.1842105263157894,0.34210526315789475,0.5789473684210527,124.0,116.0,3330.0,3150.0,0.0,0.0,1.0,0.0,8.0,7.0,10.0,12.0,3.3513513513513513,3.3142857142857145,0.0,0.0,0.009459459459459458,0.0,False,False,True,False,3.0
2024/25,111234,50,52,158,3420,0,1,12,44,0,2,0,7,0,122,15,593,1052.0,20.3,0.0,107.0,0,0,0,0,38,0.0,0.22,0.22,46.11,226,226,Pickford,Everton,GKP,5.5,5.0,5.2,0.20000000000000018,30.384615384615383,4.157894736842105,90.0,1,0.0,0.02631578947368421,0.0,0.005789473684210527,0.005789473684210527,3.210526315789474,0.3157894736842105,0.39473684210526316,153.0,124.0,3420.0,3330.0,0.0,0.0,0.0,1.0,13.0,8.0,22.0,10.0,4.026315789473684,3.3513513513513513,0.0,0.0,0.012105263157894737,0.009459459459459458,False,False,True,False,4.0
2025/26,111234,55,56,135,3420,0,0,11,50,0,1,0,4,0,100,11,545,885.2,20.3,2.0,90.8,52,313,2,0,38,0.0,0.2,0.2,56.24,226,226,Pickford,Everton,GKP,5.5,5.5,5.6,0.09999999999999964,24.107142857142858,3.5526315789473686,90.0,0,0.0,0.0,0.0,0.005263157894736842,0.005263157894736842,2.6315789473684212,0.2894736842105263,0.2894736842105263,158.0,153.0,3420.0,3420.0,0.0,0.0,1.0,0.0,12.0,13.0,15.0,22.0,4.157894736842105,4.026315789473684,0.0,0.0,0.005789473684210527,0.012105263157894737,False,False,True,False,5.0
2019/20,229600,45,42,1,90,0,0,0,3,0,0,0,0,0,2,0,9,15.2,0.0,0.0,1.5,0,0,0,0,0,0.0,0.0,0.0,0.0,227,227,Travers,Everton,GKP,5.0,4.5,4.2,-0.2999999999999998,0.23809523809523808,1.0,2.3684210526315788,0,0.0,0.0,0.0,0.0,0.0,2.0,0.0,0.0,9.0,,180.0,,0.0,,0.0,,1.0,,1.0,,4.5,,0.0,,0.0,,False,False,True,False,
2022/23,229600,45,41,28,1035,0,0,2,32,0,0,0,0,0,36,1,193,290.0,0.0,0.0,29.1,0,0,0,0,11,0.0,0.0,0.0,19.68,227,227,Travers,Everton,GKP,5.0,4.5,4.1,-0.40000000000000036,6.829268292682928,2.4347826086956523,27.236842105263158,0,0.0,0.0,0.0,0.0,0.0,3.130434782608696,0.05263157894736842,0.08695652173913043,1.0,9.0,90.0,180.0,0.0,0.0,0.0,0.0,0.0,1.0,0.0,1.0,1.0,4.5,0.0,0.0,0.0,0.0,False,False,True,False,2.0
2023/24,229600,40,40,19,360,0,0,2,5,0,0,0,0,0,13,2,79,92.6,0.0,0.0,9.3,0,0,0,0,4,0.0,0.0,0.0,6.96,227,227,Travers,Everton,GKP,5.0,4.0,4.0,0.0,4.75,4.75,9.473684210526315,0,0.0,0.0,0.0,0.0,0.0,3.25,0.05263157894736842,0.5,28.0,1.0,1035.0,90.0,0.0,0.0,0.0,0.0,2.0,0.0,1.0,0.0,2.4347826086956523,1.0,0.0,0.0,0.0,0.0,False,False,True,False,3.0
2024/25,229600,45,44,19,450,0,0,1,5,0,0,0,0,0,20,1,76,146.4,0.0,0.0,14.6,0,0,0,0,5,0.0,0.01,0.01,7.36,227,227,Travers,Everton,GKP,5.0,4.5,4.4,-0.09999999999999964,4.3181818181818175,3.8,11.842105263157896,0,0.0,0.0,0.0,0.002,0.002,4.0,0.02631578947368421,0.2,19.0,28.0,360.0,1035.0,0.0,0.0,0.0,0.0,2.0,2.0,2.0,1.0,4.75,2.4347826086956523,0.0,0.0,0.0,0.0,False,False,True,False,4.0
2025/26,229600,45,42,0,0,0,0,0,0,0,0,0,0,0,0,0,0,0.0,0.0,0.0,0.0,0,0,0,0,0,0.0,0.0,0.0,0.0,227,227,Travers,Everton,GKP,5.0,4.5,4.2,-0.2999999999999998,0.0,0.0,0.0,0,0.0,0.0,0.0,0.0,0.0,0.0,0.0,0.0,19.0,19.0,450.0,360.0,0.0,0.0,0.0,0.0,1.0,2.0,1.0,2.0,3.8,4.75,0.0,0.0,0.002,0.0,False,False,True,False,5.0
2024/25,138001,40,39,1,1,0,0,0,0,0,0,0,0,0,0,0,3,0.0,0.0,0.0,0.0,0,0,0,0,0,0.0,0.0,0.0,0.14,228,228,King,Everton,GKP,4.5,4.0,3.9,-0.10000000000000009,0.25641025641025644,90.0,0.02631578947368421,0,0.0,0.0,0.0,0.0,0.0,0.0,0.0,0.0,0.0,,0.0,,0.0,,0.0,,0.0,,0.0,,0.0,,0.0,,0.0,,False,False,True,False,4.0
2025/26,138001,40,39,0,0,0,0,0,0,0,0,0,0,0,0,0,0,0.0,0.0,0.0,0.0,0,0,0,0,0,0.0,0.0,0.0,0.0,228,228,King,Everton,GKP,4.5,4.0,3.9,-0.10000000000000009,0.0,0.0,0.0,0,0.0,0.0,0.0,0.0,0.0,0.0,0.0,0.0,1.0,0.0,1.0,0.0,0.0,0.0,0.0,0.0,0.0,0.0,0.0,0.0,90.0,0.0,0.0,0.0,0.0,0.0,False,False,True,False,5.0
2017/18,17761,45,46,101,2790,0,1,11,30,0,0,0,5,0,0,4,539,822.0,98.4,253.0,117.8,0,0,0,0,0,0.0,0.0,0.0,0.0,229,229,Tarkowski,Everton,DEF,6.0,4.5,4.6,0.09999999999999964,21.956521739130437,3.2580645161290325,73.42105263157895,1,0.0,0.03225806451612903,0.0,0.0,0.0,0.0,0.2894736842105263,0.12903225806451613,23.0,,568.0,,0.0,,0.0,,1.0,,0.0,,3.6443661971830985,,0.0,,0.0,,True,False,False,False,
2018/19,17761,50,47,97,3086,3,2,7,63,0,0,0,8,0,0,7,524,1023.2,69.8,450.0,154.5,0,0,0,0,0,0.0,0.0,0.0,0.0,229,229,Tarkowski,Everton,DEF,6.0,5.0,4.7,-0.2999999999999998,20.638297872340424,2.828904731043422,81.21052631578948,5,0.08749189889825015,0.05832793259883344,0.0,0.0,0.0,0.0,0.18421052631578946,0.20414776409591703,101.0,23.0,2790.0,568.0,0.0,0.0,1.0,0.0,11.0,1.0,4.0,0.0,3.2580645161290325,3.6443661971830985,0.0,0.0,0.0,0.0,True,False,False,False,
2019/20,17761,50,55,143,3420,2,3,15,50,0,0,0,10,0,0,14,690,919.8,167.1,410.0,149.9,0,0,0,0,0,0.0,0.0,0.0,0.0,229,229,Tarkowski,Everton,DEF,6.0,5.0,5.5,0.5,26.0,3.763157894736842,90.0,5,0.05263157894736842,0.07894736842105263,0.0,0.0,0.0,0.0,0.39473684210526316,0.3684210526315789,97.0,101.0,3086.0,2790.0,3.0,0.0,2.0,1.0,7.0,11.0,7.0,4.0,2.828904731043422,3.2580645161290325,0.0,0.0,0.0,0.0,True,False,False,False,
2020/21,17761,55,53,109,3240,1,0,11,50,0,0,0,6,0,0,9,534,773.4,148.0,350.0,127.7,0,0,0,0,0,0.0,0.0,0.0,0.0,229,229,Tarkowski,Everton,DEF,6.0,5.5,5.3,-0.20000000000000018,20.566037735849058,3.0277777777777777,85.26315789473684,1,0.027777777777777776,0.0,0.0,0.0,0.0,0.0,0.2894736842105263,0.25,143.0,97.0,3420.0,3086.0,2.0,3.0,3.0,2.0,15.0,7.0,14.0,7.0,3.763157894736842,2.828904731043422,0.0,0.0,0.0,0.0,True,False,False,False,
2021/22,17761,50,49,83,3106,1,2,7,51,1,0,0,11,0,0,5,486,892.6,118.1,315.0,132.8,0,0,0,0,0,0.0,0.0,0.0,0.0,229,229,Tarkowski,Everton,DEF,6.0,5.0,4.9,-0.09999999999999964,16.93877551020408,2.4050225370251126,81.73684210526316,3,0.028976175144880875,0.05795235028976175,0.0,0.0,0.0,0.0,0.18421052631578946,0.14488087572440436,109.0,143.0,3240.0,3420.0,1.0,2.0,0.0,3.0,11.0,15.0,9.0,14.0,3.0277777777777777,3.763157894736842,0.0,0.0,0.0,0.0,True,False,False,False,1.0
2022/23,17761,45,41,106,3420,1,1,9,57,0,0,0,6,0,0,13,632,1040.4,185.6,441.0,167.0,0,0,0,0,38,2.97,1.89,4.86,67.45,229,229,Tarkowski,Everton,DEF,6.0,4.5,4.1,-0.40000000000000036,25.853658536585368,2.789473684210526,90.0,2,0.02631578947368421,0.02631578947368421,0.0781578947368421,0.049736842105263156,0.12789473684210528,0.0,0.23684210526315788,0.34210526315789475,83.0,109.0,3106.0,3240.0,1.0,1.0,2.0,0.0,7.0,11.0,5.0,9.0,2.4050225370251126,3.0277777777777777,0.0,0.0,0.0,0.0,True,False,False,False,2.0
2023/24,17761,45,46,117,3420,1,1,13,51,0,0,0,11,0,0,10,649,915.4,269.6,320.0,150.9,0,0,0,0,38,2.55,2.66,5.21,55.64,229,229,Tarkowski,Everton,DEF,6.0,4.5,4.6,0.09999999999999964,25.434782608695656,3.0789473684210527,90.0,2,0.02631578947368421,0.02631578947368421,0.06710526315789474,0.07,0.13710526315789473,0.0,0.34210526315789475,0.2631578947368421,106.0,83.0,3420.0,3106.0,1.0,1.0,1.0,2.0,9.0,7.0,13.0,5.0,2.789473684210526,2.4050225370251126,0.0781578947368421,0.0,0.049736842105263156,0.0,True,False,False,False,3.0
2024/25,17761,50,47,105,2922,1,1,10,38,0,0,0,6,0,0,8,468,859.0,188.8,217.0,126.9,0,0,0,356,33,1.32,2.33,3.65,39.3,229,229,Tarkowski,Everton,DEF,6.0,5.0,4.7,-0.2999999999999998,22.340425531914892,3.2340862422997945,76.89473684210526,2,0.030800821355236138,0.030800821355236138,0.0406570841889117,0.07176591375770021,0.1124229979466119,0.0,0.2631578947368421,0.2464065708418891,117.0,106.0,3420.0,3420.0,1.0,1.0,1.0,1.0,13.0,9.0,10.0,13.0,3.0789473684210527,2.789473684210526,0.06710526315789474,0.0781578947368421,0.07,0.049736842105263156,True,False,False,False,4.0
2025/26,17761,55,58,170,3330,2,3,11,48,0,0,0,8,0,0,12,592,995.6,235.6,422.0,165.7,325,90,51,376,37,2.53,2.1,4.63,53.54,229,229,Tarkowski,Everton,DEF,6.0,5.5,5.8,0.2999999999999998,29.310344827586206,4.594594594594595,87.63157894736842,5,0.05405405405405406,0.08108108108108109,0.06837837837837837,0.05675675675675676,0.12513513513513513,0.0,0.2894736842105263,0.32432432432432434,105.0,117.0,2922.0,3420.0,1.0,1.0,1.0,1.0,10.0,13.0,8.0,10.0,3.2340862422997945,3.0789473684210527,0.0406570841889117,0.06710526315789474,0.07176591375770021,0.07,True,False,False,False,5.0
2020/21,480455,40,39,0,0,0,0,0,0,0,0,0,0,0,0,0,0,0.0,0.0,0.0,0.0,0,0,0,0,0,0.0,0.0,0.0,0.0,230,230,Branthwaite,Everton,DEF,5.5,4.0,3.9,-0.10000000000000009,0.0,0.0,0.0,0,0.0,0.0,0.0,0.0,0.0,0.0,0.0,0.0,11.0,,299.0,,0.0,,0.0,,1.0,,2.0,,3.311036789297659,,0.0,,0.0,,True,False,False,False,
2021/22,480455,40,40,7,387,1,0,0,17,0,0,0,0,1,0,1,49,90.2,2.8,44.0,13.8,0,0,0,0,0,0.0,0.0,0.0,0.0,230,230,Branthwaite,Everton,DEF,5.5,4.0,4.0,0.0,1.75,1.627906976744186,10.18421052631579,1,0.23255813953488372,0.0,0.0,0.0,0.0,0.0,0.0,0.23255813953488372,0.0,11.0,0.0,299.0,0.0,0.0,0.0,0.0,0.0,1.0,0.0,2.0,0.0,3.311036789297659,0.0,0.0,0.0,0.0,True,False,False,False,1.0
2022/23,480455,40,40,0,0,0,0,0,0,0,0,0,0,0,0,0,0,0.0,0.0,0.0,0.0,0,0,0,0,0,0.0,0.0,0.0,0.0,230,230,Branthwaite,Everton,DEF,5.5,4.0,4.0,0.0,0.0,0.0,0.0,0,0.0,0.0,0.0,0.0,0.0,0.0,0.0,0.0,7.0,0.0,387.0,0.0,1.0,0.0,0.0,0.0,0.0,0.0,1.0,0.0,1.627906976744186,0.0,0.0,0.0,0.0,0.0,True,False,False,False,2.0
2023/24,480455,40,45,124,3116,3,1,12,44,0,0,0,8,0,0,10,621,789.4,67.2,185.0,104.3,0,0,0,0,35,1.62,1.29,2.91,49.43,230,230,Branthwaite,Everton,DEF,5.5,4.0,4.5,0.5,27.555555555555557,3.5815147625160466,82.0,4,0.08664955070603338,0.028883183568677796,0.04679075738125803,0.03725930680359436,0.08405006418485239,0.0,0.3157894736842105,0.28883183568677795,0.0,7.0,0.0,387.0,0.0,1.0,0.0,0.0,0.0,0.0,0.0,1.0,0.0,1.627906976744186,0.0,0.0,0.0,0.0,True,False,False,False,3.0
2024/25,480455,50,49,88,2509,0,1,9,28,0,0,0,4,0,0,3,420,624.6,57.7,130.0,81.3,0,0,0,274,28,1.2,0.61,1.81,29.83,230,230,Branthwaite,Everton,DEF,5.5,5.0,4.9,-0.09999999999999964,17.959183673469386,3.1566361100039857,66.02631578947368,1,0.0,0.03587086488640893,0.04304503786369071,0.021881227580709445,0.06492626544440017,0.0,0.23684210526315788,0.10761259465922679,124.0,0.0,3116.0,0.0,3.0,0.0,1.0,0.0,12.0,0.0,10.0,0.0,3.5815147625160466,0.0,0.04679075738125803,0.0,0.03725930680359436,0.0,True,False,False,False,4.0
2025/26,480455,55,53,32,678,1,1,1,9,0,0,0,1,0,0,0,108,175.0,42.8,75.0,29.3,53,30,14,67,7,0.34,0.11,0.45,9.43,230,230,Branthwaite,Everton,DEF,5.5,5.5,5.3,-0.20000000000000018,6.037735849056604,4.247787610619469,17.842105263157894,2,0.13274336283185842,0.13274336283185842,0.045132743362831865,0.014601769911504425,0.059734513274336286,0.0,0.02631578947368421,0.0,88.0,124.0,2509.0,3116.0,0.0,3.0,1.0,1.0,9.0,12.0,3.0,10.0,3.1566361100039857,3.5815147625160466,0.04304503786369071,0.04679075738125803,0.021881227580709445,0.03725930680359436,True,False,False,False,5.0
2013/14,106611,40,40,0,0,0,0,0,0,0,0,0,0,0,0,0,0,0.0,0.0,0.0,0.0,0,0,0,0,0,0.0,0.0,0.0,0.0,231,231,Keane,Everton,DEF,5.0,4.0,4.0,0.0,0.0,0.0,0.0,0,0.0,0.0,0.0,0.0,0.0,0.0,0.0,0.0,0.0,,0.0,,0.0,,0.0,,0.0,,0.0,,0.0,,0.0,,0.0,,True,False,False,False,
2014/15,106611,45,42,40,1645,0,1,2,27,0,0,0,1,0,0,0,286,0.0,0.0,0.0,0.0,0,0,0,0,0,0.0,0.0,0.0,0.0,231,231,Keane,Everton,DEF,5.0,4.5,4.2,-0.2999999999999998,9.523809523809524,2.188449848024316,43.28947368421053,1,0.0,0.0547112462006079,0.0,0.0,0.0,0.0,0.05263157894736842,0.0,0.0,0.0,0.0,0.0,0.0,0.0,0.0,0.0,0.0,0.0,0.0,0.0,0.0,0.0,0.0,0.0,0.0,0.0,True,False,False,False,
2016/17,106611,50,50,113,3150,2,1,10,49,0,0,0,4,0,0,10,619,930.8,96.7,557.0,158.6,0,0,0,0,0,0.0,0.0,0.0,0.0,231,231,Keane,Everton,DEF,5.0,5.0,5.0,0.0,22.6,3.2285714285714286,82.89473684210526,3,0.05714285714285714,0.02857142857142857,0.0,0.0,0.0,0.0,0.2631578947368421,0.2857142857142857,40.0,0.0,1645.0,0.0,0.0,0.0,1.0,0.0,2.0,0.0,0.0,0.0,2.188449848024316,0.0,0.0,0.0,0.0,0.0,True,False,False,False,
2017/18,106611,55,53,81,2559,0,1,7,46,0,0,0,3,0,0,11,513,703.4,58.4,124.0,88.7,0,0,0,0,0,0.0,0.0,0.0,0.0,231,231,Keane,Everton,DEF,5.0,5.5,5.3,-0.20000000000000018,15.283018867924529,2.8487690504103167,67.34210526315789,1,0.0,0.035169988276670575,0.0,0.0,0.0,0.0,0.18421052631578946,0.38686987104337633,113.0,40.0,3150.0,1645.0,2.0,0.0,1.0,1.0,10.0,2.0,10.0,0.0,3.2285714285714286,2.188449848024316,0.0,0.0,0.0,0.0,True,False,False,False,
2018/19,106611,50,48,129,2970,1,2,13,39,0,0,0,2,0,0,15,642,740.2,101.2,326.0,117.2,0,0,0,0,0,0.0,0.0,0.0,0.0,231,231,Keane,Everton,DEF,5.0,5.0,4.8,-0.20000000000000018,26.875,3.909090909090909,78.15789473684211,3,0.030303030303030304,0.06060606060606061,0.0,0.0,0.0,0.0,0.34210526315789475,0.45454545454545453,81.0,113.0,2559.0,3150.0,0.0,2.0,1.0,1.0,7.0,10.0,11.0,10.0,2.8487690504103167,3.2285714285714286,0.0,0.0,0.0,0.0,True,False,False,False,
2019/20,106611,55,52,90,2556,2,0,7,42,1,0,0,3,0,0,9,490,666.4,80.0,204.0,95.2,0,0,0,0,0,0.0,0.0,0.0,0.0,231,231,Keane,Everton,DEF,5.0,5.5,5.2,-0.2999999999999998,17.307692307692307,3.1690140845070425,67.26315789473684,2,0.07042253521126761,0.0,0.0,0.0,0.0,0.0,0.18421052631578946,0.31690140845070425,129.0,81.0,2970.0,2559.0,1.0,0.0,2.0,1.0,13.0,7.0,15.0,11.0,3.909090909090909,2.8487690504103167,0.0,0.0,0.0,0.0,True,False,False,False,
2020/21,106611,50,50,127,2989,3,1,11,43,0,0,0,4,0,0,13,649,814.0,87.8,243.0,114.5,0,0,0,0,0,0.0,0.0,0.0,0.0,231,231,Keane,Everton,DEF,5.0,5.0,5.0,0.0,25.4,3.824021411843426,78.65789473684211,4,0.09033121445299432,0.030110404817664773,0.0,0.0,0.0,0.0,0.2894736842105263,0.39143526262964207,90.0,129.0,2556.0,2970.0,2.0,1.0,0.0,2.0,7.0,13.0,9.0,15.0,3.1690140845070425,3.909090909090909,0.0,0.0,0.0,0.0,True,False,False,False,
2021/22,106611,50,46,102,2791,3,2,8,54,2,0,0,2,1,0,11,518,697.0,97.0,231.0,102.7,0,0,0,0,0,0.0,0.0,0.0,0.0,231,231,Keane,Everton,DEF,5.0,5.0,4.6,-0.40000000000000036,22.17391304347826,3.2891436761017556,73.44736842105263,5,0.09673951988534575,0.06449301325689717,0.0,0.0,0.0,0.0,0.21052631578947367,0.3547115729129344,127.0,90.0,2989.0,2556.0,3.0,2.0,1.0,0.0,11.0,7.0,13.0,9.0,3.824021411843426,3.1690140845070425,0.0,0.0,0.0,0.0,True,False,False,False,1.0
2022/23,106611,45,42,39,983,1,2,2,22,0,0,0,0,0,0,5,180,242.6,42.6,131.0,41.7,0,0,0,0,10,1.29,0.83,2.12,23.98,231,231,Keane,Everton,DEF,5.0,4.5,4.2,-0.2999999999999998,9.285714285714285,3.570701932858596,25.86842105263158,3,0.09155645981688708,0.18311291963377416,0.11810783316378433,0.07599186164801627,0.19409969481180062,0.0,0.05263157894736842,0.4577822990844354,102.0,127.0,2791.0,2989.0,3.0,3.0,2.0,1.0,8.0,11.0,11.0,13.0,3.2891436761017556,3.824021411843426,0.0,0.0,0.0,0.0,True,False,False,False,2.0
2023/24,106611,45,42,18,437,1,0,1,13,0,0,0,2,0,0,2,72,108.2,4.6,92.0,20.5,0,0,0,0,4,0.56,0.06,0.62,10.81,231,231,Keane,Everton,DEF,5.0,4.5,4.2,-0.2999999999999998,4.285714285714286,3.707093821510298,11.5,1,0.20594965675057209,0.0,0.11533180778032039,0.012356979405034326,0.1276887871853547,0.0,0.02631578947368421,0.41189931350114417,39.0,102.0,983.0,2791.0,1.0,3.0,2.0,2.0,2.0,8.0,5.0,11.0,3.570701932858596,3.2891436761017556,0.11810783316378433,0.0,0.07599186164801627,0.0,True,False,False,False,3.0
2024/25,106611,40,38,48,1046,3,0,3,20,0,0,0,5,0,0,4,139,306.6,23.2,123.0,45.4,0,0,0,103,11,0.61,0.02,0.63,19.16,231,231,Keane,Everton,DEF,5.0,4.0,3.8,-0.20000000000000018,12.631578947368421,4.130019120458891,27.526315789473685,3,0.25812619502868067,0.0,0.05248565965583174,0.0017208413001912047,0.054206500956022946,0.0,0.07894736842105263,0.3441682600382409,18.0,39.0,437.0,983.0,1.0,1.0,0.0,2.0,1.0,2.0,2.0,5.0,3.707093821510298,3.570701932858596,0.11533180778032039,0.11810783316378433,0.012356979405034326,0.07599186164801627,True,False,False,False,4.0
2025/26,106611,45,45,131,2588,3,1,7,42,0,0,0,1,1,0,8,404,770.4,47.4,299.0,111.7,265,87,37,302,29,2.3,0.49,2.79,44.52,231,231,Keane,Everton,DEF,5.0,4.5,4.5,0.0,29.11111111111111,4.55564142194745,68.10526315789474,4,0.10432766615146831,0.0347758887171561,0.07998454404945904,0.01704018547140649,0.09702472952086554,0.0,0.18421052631578946,0.2782071097372488,48.0,18.0,1046.0,437.0,3.0,1.0,0.0,0.0,3.0,1.0,4.0,2.0,4.130019120458891,3.707093821510298,0.05248565965583174,0.11533180778032039,0.0017208413001912047,0.012356979405034326,True,False,False,False,5.0
2024/25,512462,50,45,65,1568,2,0,5,17,0,0,0,5,0,0,5,233,341.4,108.9,109.0,56.0,0,0,0,123,17,0.77,0.31,1.08,18.63,232,232,O'Brien,Everton,DEF,5.0,5.0,4.5,-0.5,14.444444444444445,3.730867346938776,41.26315789473684,2,0.11479591836734696,0.0,0.044196428571428574,0.017793367346938777,0.061989795918367355,0.0,0.13157894736842105,0.2869897959183674,0.0,,0.0,,0.0,,0.0,,0.0,,0.0,,0.0,,0.0,,0.0,,True,False,False,False,4.0
2025/26,512462,50,49,116,3118,1,3,10,46,0,0,0,6,1,0,2,368,582.8,282.9,206.0,107.5,174,114,57,231,35,1.67,1.0,2.67,53.49,232,232,O'Brien,Everton,DEF,5.0,5.0,4.9,-0.09999999999999964,23.6734693877551,3.3483001924310454,82.05263157894737,4,0.028864656831302116,0.08659397049390635,0.048203976908274535,0.028864656831302116,0.07706863373957665,0.0,0.2631578947368421,0.05772931366260423,65.0,0.0,1568.0,0.0,2.0,0.0,0.0,0.0,5.0,0.0,5.0,0.0,3.730867346938776,0.0,0.044196428571428574,0.0,0.017793367346938777,0.0,True,False,False,False,5.0
2022/23,224967,45,41,75,2653,0,1,7,46,0,0,0,4,0,0,4,449,504.8,307.0,120.0,93.4,0,0,0,0,30,0.54,0.91,1.45,53.67,233,233,Mykolenko,Everton,DEF,4.5,4.5,4.1,-0.40000000000000036,18.29268292682927,2.544289483603468,69.8157894736842,1,0.0,0.03392385978137957,0.018318884281944968,0.03087071240105541,0.049189596683000374,0.0,0.18421052631578946,0.1356954391255183,42.0,,1054.0,,1.0,,1.0,,3.0,,3.0,,3.586337760910816,,0.0,,0.0,,True,False,False,False,2.0
2023/24,224967,45,45,101,2469,2,1,9,37,0,0,0,1,0,0,9,452,517.4,239.8,211.0,96.8,0,0,0,0,28,1.49,1.07,2.56,39.97,233,233,Mykolenko,Everton,DEF,4.5,4.5,4.5,0.0,22.444444444444443,3.6816524908869988,64.97368421052632,3,0.07290400972053462,0.03645200486026731,0.0543134872417983,0.03900364520048603,0.09331713244228433,0.0,0.23684210526315788,0.32806804374240583,75.0,42.0,2653.0,1054.0,0.0,1.0,1.0,1.0,7.0,3.0,4.0,3.0,2.544289483603468,3.586337760910816,0.018318884281944968,0.0,0.03087071240105541,0.0,True,False,False,False,3.0
2024/25,224967,45,44,121,3082,1,3,11,39,0,0,0,4,0,0,9,467,621.4,428.5,100.0,115.2,0,0,0,252,35,0.48,2.12,2.6,39.81,233,233,Mykolenko,Everton,DEF,4.5,4.5,4.4,-0.09999999999999964,27.499999999999996,3.533419857235561,81.10526315789474,4,0.029201817001946784,0.08760545100584036,0.014016872160934456,0.06190785204412719,0.07592472420506165,0.0,0.2894736842105263,0.26281635301752104,101.0,75.0,2469.0,2653.0,2.0,0.0,1.0,1.0,9.0,7.0,9.0,4.0,3.6816524908869988,2.544289483603468,0.0543134872417983,0.018318884281944968,0.03900364520048603,0.03087071240105541,True,False,False,False,4.0
2025/26,224967,50,49,95,2959,0,1,9,47,1,0,0,6,0,0,2,350,559.2,394.1,71.0,102.3,183,107,48,231,33,0.28,2.46,2.74,48.41,233,233,Mykolenko,Everton,DEF,4.5,5.0,4.9,-0.09999999999999964,19.387755102040813,2.88948969246367,77.86842105263158,1,0.0,0.03041568097330179,0.008516390672524502,0.0748225751943224,0.08333896586684691,0.0,0.23684210526315788,0.06083136194660358,121.0,101.0,3082.0,2469.0,1.0,2.0,3.0,1.0,11.0,9.0,9.0,9.0,3.533419857235561,3.6816524908869988,0.014016872160934456,0.0543134872417983,0.06190785204412719,0.03900364520048603,True,False,False,False,5.0
2022/23,243571,40,39,31,1274,0,0,2,22,0,0,0,3,0,0,0,173,231.4,111.9,108.0,45.3,0,0,0,0,14,0.48,0.71,1.19,25.4,234,234,Patterson,Everton,DEF,4.5,4.0,3.9,-0.10000000000000009,7.948717948717949,2.1899529042386185,33.526315789473685,0,0.0,0.0,0.03390894819466248,0.050156985871271584,0.08406593406593406,0.0,0.05263157894736842,0.0,0.0,,0.0,,0.0,,0.0,,0.0,,0.0,,0.0,,0.0,,0.0,,True,False,False,False,2.0
2023/24,243571,45,43,34,1000,0,2,2,21,0,0,0,4,0,0,3,187,207.2,138.2,26.0,37.3,0,0,0,0,9,0.34,1.03,1.37,20.6,234,234,Patterson,Everton,DEF,4.5,4.5,4.3,-0.20000000000000018,7.906976744186047,3.06,26.31578947368421,2,0.0,0.18,0.030600000000000002,0.0927,0.12330000000000002,0.0,0.05263157894736842,0.27,31.0,0.0,1274.0,0.0,0.0,0.0,0.0,0.0,2.0,0.0,0.0,0.0,2.1899529042386185,0.0,0.03390894819466248,0.0,0.050156985871271584,0.0,True,False,False,False,3.0
2024/25,243571,45,44,14,342,0,1,0,6,0,0,0,1,0,0,0,47,71.6,70.3,12.0,15.5,0,0,0,18,3,0.07,0.38,0.45,4.48,234,234,Patterson,Everton,DEF,4.5,4.5,4.4,-0.09999999999999964,3.1818181818181817,3.68421052631579,9.0,1,0.0,0.2631578947368421,0.01842105263157895,0.1,0.11842105263157895,0.0,0.0,0.0,34.0,31.0,1000.0,1274.0,0.0,0.0,2.0,0.0,2.0,2.0,3.0,0.0,3.06,2.1899529042386185,0.030600000000000002,0.03390894819466248,0.0927,0.050156985871271584,True,False,False,False,4.0
2025/26,243571,45,44,22,238,0,0,2,2,0,0,0,0,0,0,0,67,65.6,6.4,17.0,8.8,21,14,10,31,3,0.03,0.04,0.07,3.67,234,234,Patterson,Everton,DEF,4.5,4.5,4.4,-0.09999999999999964,5.0,8.319327731092438,6.2631578947368425,0,0.0,0.0,0.01134453781512605,0.015126050420168067,0.02647058823529412,0.0,0.05263157894736842,0.0,14.0,34.0,342.0,1000.0,0.0,0.0,1.0,2.0,0.0,2.0,0.0,3.0,3.68421052631579,3.06,0.01842105263157895,0.030600000000000002,0.1,0.0927,True,False,False,False,5.0
2022/23,215413,50,49,82,2305,2,3,7,41,0,0,0,3,1,0,5,347,453.6,541.7,239.0,123.7,0,0,0,0,28,2.17,2.62,4.79,40.23,236,236,Dewsbury-Hall,Everton,MID,6.5,5.0,4.9,-0.09999999999999964,16.73469387755102,3.2017353579175705,60.6578947368421,5,0.07809110629067245,0.11713665943600868,0.0847288503253796,0.10229934924078092,0.1870281995661605,0.0,0.18421052631578946,0.19522776572668113,70.0,,2101.0,,1.0,,2.0,,8.0,,4.0,,2.9985721085197525,,0.0,,0.0,,False,False,False,True,2.0
2024/25,215413,60,55,18,257,0,1,0,3,0,0,0,0,0,0,1,71,57.4,47.4,21.0,12.6,0,0,0,26,2,0.22,0.22,0.44,3.88,236,236,Dewsbury-Hall,Everton,MID,6.5,6.0,5.5,-0.5,3.272727272727273,6.303501945525292,6.7631578947368425,1,0.0,0.35019455252918286,0.07704280155642024,0.07704280155642024,0.15408560311284047,0.0,0.0,0.35019455252918286,82.0,70.0,2305.0,2101.0,2.0,1.0,3.0,2.0,7.0,8.0,5.0,4.0,3.2017353579175705,2.9985721085197525,0.0847288503253796,0.0,0.10229934924078092,0.0,False,False,False,True,4.0
2025/26,215413,50,53,151,2629,8,7,8,39,0,0,0,6,0,0,18,598,619.4,601.1,438.0,166.0,44,134,52,230,30,4.35,5.34,9.69,40.38,236,236,Dewsbury-Hall,Everton,MID,6.5,5.0,5.3,0.2999999999999998,28.49056603773585,5.169265880562952,69.1842105263158,15,0.2738683910232027,0.2396348421453024,0.14891593761886648,0.1828071510079878,0.3317230886268543,0.0,0.21052631578947367,0.6162038798022061,18.0,82.0,257.0,2305.0,0.0,2.0,1.0,3.0,0.0,7.0,1.0,5.0,6.303501945525292,3.2017353579175705,0.07704280155642024,0.0847288503253796,0.07704280155642024,0.10229934924078092,False,False,False,True,5.0
2023/24,440993,55,55,0,0,0,0,0,0,0,0,0,0,0,0,0,0,0.0,0.0,0.0,0.0,0,0,0,0,0,0.0,0.0,0.0,0.0,237,237,Ndiaye,Everton,MID,6.0,5.5,5.5,0.0,0.0,0.0,0.0,0,0.0,0.0,0.0,0.0,0.0,0.0,0.0,0.0,1.0,,11.0,,0.0,,0.0,,0.0,,0.0,,8.181818181818182,,0.0,,0.0,,False,False,False,True,3.0
2024/25,440993,55,52,114,2426,9,0,15,24,0,0,0,3,0,0,21,552,598.0,326.4,493.0,142.0,0,0,0,265,29,6.23,1.36,7.59,29.01,237,237,Ndiaye,Everton,MID,6.0,5.5,5.2,-0.2999999999999998,21.923076923076923,4.2291838417147565,63.8421052631579,9,0.33388293487221765,0.0,0.231121187139324,0.05045342126957956,0.2815746084089035,0.0,0.39473684210526316,0.7790601813685079,0.0,1.0,0.0,11.0,0.0,0.0,0.0,0.0,0.0,0.0,0.0,0.0,0.0,8.181818181818182,0.0,0.0,0.0,0.0,False,False,False,True,4.0
2025/26,440993,65,63,128,2781,6,3,8,44,0,0,0,2,0,0,7,540,605.8,479.2,578.0,166.5,38,178,67,283,32,6.68,4.41,11.09,42.68,237,237,Ndiaye,Everton,MID,6.0,6.5,6.3,-0.20000000000000018,20.317460317460316,4.142394822006473,73.1842105263158,9,0.1941747572815534,0.0970873786407767,0.2161812297734628,0.14271844660194175,0.35889967637540454,0.0,0.21052631578947367,0.22653721682847897,114.0,0.0,2426.0,0.0,9.0,0.0,0.0,0.0,15.0,0.0,21.0,0.0,4.2291838417147565,0.0,0.231121187139324,0.0,0.05045342126957956,0.0,False,False,False,True,5.0
2012/13,114283,45,43,0,0,0,0,0,0,0,0,0,0,0,0,0,0,0.0,0.0,0.0,0.0,0,0,0,0,0,0.0,0.0,0.0,0.0,238,238,Grealish,Man City,MID,6.5,4.5,4.3,-0.20000000000000018,0.0,0.0,0.0,0,0.0,0.0,0.0,0.0,0.0,0.0,0.0,0.0,0.0,,0.0,,0.0,,0.0,,0.0,,0.0,,0.0,,0.0,,0.0,,False,False,False,True,
2013/14,114283,45,45,1,3,0,0,0,2,0,0,0,0,0,0,0,1,0.0,0.0,0.0,0.0,0,0,0,0,0,0.0,0.0,0.0,0.0,238,238,Grealish,Man City,MID,6.5,4.5,4.5,0.0,0.2222222222222222,30.0,0.07894736842105263,0,0.0,0.0,0.0,0.0,0.0,0.0,0.0,0.0,0.0,0.0,0.0,0.0,0.0,0.0,0.0,0.0,0.0,0.0,0.0,0.0,0.0,0.0,0.0,0.0,0.0,0.0,False,False,False,True,
2014/15,114283,45,43,31,822,0,1,2,18,0,0,0,0,0,0,2,147,0.0,0.0,0.0,0.0,0,0,0,0,0,0.0,0.0,0.0,0.0,238,238,Grealish,Man City,MID,6.5,4.5,4.3,-0.20000000000000018,7.209302325581396,3.394160583941606,21.63157894736842,1,0.0,0.10948905109489052,0.0,0.0,0.0,0.0,0.05263157894736842,0.21897810218978103,1.0,0.0,3.0,0.0,0.0,0.0,0.0,0.0,0.0,0.0,0.0,0.0,30.0,0.0,0.0,0.0,0.0,0.0,False,False,False,True,
2015/16,114283,55,52,28,833,1,0,0,26,0,0,0,1,0,0,0,128,0.0,0.0,0.0,0.0,0,0,0,0,0,0.0,0.0,0.0,0.0,238,238,Grealish,Man City,MID,6.5,5.5,5.2,-0.2999999999999998,5.384615384615384,3.0252100840336134,21.92105263157895,1,0.10804321728691475,0.0,0.0,0.0,0.0,0.0,0.0,0.0,31.0,1.0,822.0,3.0,0.0,0.0,1.0,0.0,2.0,0.0,2.0,0.0,3.394160583941606,30.0,0.0,0.0,0.0,0.0,False,False,False,True,
2019/20,114283,60,59,149,3233,8,7,7,63,0,0,1,8,0,0,19,601,826.6,1209.2,837.0,287.0,0,0,0,0,0,0.0,0.0,0.0,0.0,238,238,Grealish,Man City,MID,6.5,6.0,5.9,-0.09999999999999964,25.25423728813559,4.147850293844726,85.07894736842105,15,0.22270337148159602,0.19486545004639652,0.0,0.0,0.0,0.0,0.18421052631578946,0.5289205072687906,28.0,31.0,833.0,822.0,1.0,0.0,0.0,1.0,0.0,2.0,0.0,2.0,3.0252100840336134,3.394160583941606,0.0,0.0,0.0,0.0,False,False,False,True,
2020/21,114283,70,75,135,2183,6,12,12,28,0,0,0,6,0,0,13,531,707.4,1029.6,917.0,265.3,0,0,0,0,0,0.0,0.0,0.0,0.0,238,238,Grealish,Man City,MID,6.5,7.0,7.5,0.5,18.0,5.565735226752175,57.44736842105263,18,0.24736601007787448,0.49473202015574896,0.0,0.0,0.0,0.0,0.3157894736842105,0.5359596885020613,149.0,28.0,3233.0,833.0,8.0,1.0,7.0,0.0,7.0,0.0,19.0,0.0,4.147850293844726,3.0252100840336134,0.0,0.0,0.0,0.0,False,False,False,True,
2021/22,114283,80,75,86,1910,3,3,15,8,0,0,0,3,0,0,2,359,394.4,730.6,923.0,204.8,0,0,0,0,0,0.0,0.0,0.0,0.0,238,238,Grealish,Man City,MID,6.5,8.0,7.5,-0.5,11.466666666666667,4.052356020942408,50.26315789473684,6,0.14136125654450263,0.14136125654450263,0.0,0.0,0.0,0.0,0.39473684210526316,0.09424083769633508,135.0,149.0,2183.0,3233.0,6.0,8.0,12.0,7.0,12.0,7.0,13.0,19.0,5.565735226752175,4.147850293844726,0.0,0.0,0.0,0.0,False,False,False,True,1.0
2022/23,114283,70,71,121,2051,5,10,10,16,0,0,0,4,0,0,9,490,515.8,721.3,683.0,191.7,0,0,0,0,23,4.5,6.74,11.24,14.46,238,238,Grealish,Man City,MID,6.5,7.0,7.1,0.09999999999999964,17.04225352112676,5.309605070697221,53.973684210526315,15,0.21940516821062897,0.43881033642125794,0.19746465138956606,0.2957581667479279,0.4932228181374939,0.0,0.2631578947368421,0.39492930277913213,86.0,135.0,1910.0,2183.0,3.0,6.0,3.0,12.0,15.0,12.0,2.0,13.0,4.052356020942408,5.565735226752175,0.0,0.0,0.0,0.0,False,False,False,True,2.0
2023/24,114283,75,72,50,998,3,1,3,13,0,0,0,6,0,0,6,199,240.4,384.1,295.0,91.9,0,0,0,0,10,2.17,2.69,4.86,12.58,238,238,Grealish,Man City,MID,6.5,7.5,7.2,-0.2999999999999998,6.944444444444445,4.509018036072145,26.263157894736842,4,0.27054108216432865,0.09018036072144289,0.19569138276553105,0.24258517034068136,0.43827655310621244,0.0,0.07894736842105263,0.5410821643286573,121.0,86.0,2051.0,1910.0,5.0,3.0,10.0,3.0,10.0,15.0,9.0,2.0,5.309605070697221,4.052356020942408,0.19746465138956606,0.0,0.2957581667479279,0.0,False,False,False,True,3.0
2024/25,114283,65,64,38,710,1,1,2,10,0,0,0,3,0,0,4,187,157.2,321.4,234.0,71.3,0,0,0,44,7,1.13,1.67,2.8,11.33,238,238,Grealish,Man City,MID,6.5,6.5,6.4,-0.09999999999999964,5.9375,4.816901408450704,18.68421052631579,2,0.1267605633802817,0.1267605633802817,0.1432394366197183,0.2116901408450704,0.3549295774647887,0.0,0.05263157894736842,0.5070422535211268,50.0,121.0,998.0,2051.0,3.0,5.0,1.0,10.0,3.0,10.0,6.0,9.0,4.509018036072145,5.309605070697221,0.19569138276553105,0.19746465138956606,0.24258517034068136,0.2957581667479279,False,False,False,True,4.0
2025/26,114283,65,63,79,1627,2,6,7,23,0,0,0,3,1,0,12,356,374.2,520.5,397.0,129.2,27,88,20,135,18,2.05,3.37,5.41,25.81,238,238,Grealish,Man City,MID,6.5,6.5,6.3,-0.20000000000000018,12.53968253968254,4.370006146281499,42.81578947368421,8,0.11063306699446834,0.33189920098340503,0.11339889366933004,0.18641671788567915,0.29926244622003684,0.0,0.18421052631578946,0.6637984019668101,38.0,50.0,710.0,998.0,1.0,3.0,1.0,1.0,2.0,3.0,4.0,6.0,4.816901408450704,4.509018036072145,0.1432394366197183,0.19569138276553105,0.2116901408450704,0.24258517034068136,False,False,False,True,5.0
2019/20,232928,45,43,1,8,0,0,0,1,0,0,0,0,0,0,0,3,2.2,2.8,0.0,0.5,0,0,0,0,0,0.0,0.0,0.0,0.0,239,239,Garner,Everton,MID,6.0,4.5,4.3,-0.20000000000000018,0.23255813953488372,11.25,0.21052631578947367,0,0.0,0.0,0.0,0.0,0.0,0.0,0.0,0.0,1.0,,1.0,,0.0,,0.0,,0.0,,0.0,,90.0,,0.0,,0.0,,False,False,False,True,
2020/21,232928,45,44,0,0,0,0,0,0,0,0,0,0,0,0,0,0,0.0,0.0,0.0,0.0,0,0,0,0,0,0.0,0.0,0.0,0.0,239,239,Garner,Everton,MID,6.0,4.5,4.4,-0.09999999999999964,0.0,0.0,0.0,0,0.0,0.0,0.0,0.0,0.0,0.0,0.0,0.0,1.0,1.0,8.0,1.0,0.0,0.0,0.0,0.0,0.0,0.0,0.0,0.0,11.25,90.0,0.0,0.0,0.0,0.0,False,False,False,True,
2022/23,232928,45,45,25,796,0,1,2,13,0,0,0,3,0,0,0,109,109.2,116.2,64.0,29.2,0,0,0,0,7,0.7,0.5,1.2,15.66,239,239,Garner,Everton,MID,6.0,4.5,4.5,0.0,5.555555555555555,2.8266331658291457,20.94736842105263,1,0.0,0.11306532663316582,0.07914572864321608,0.05653266331658291,0.13567839195979897,0.0,0.05263157894736842,0.0,0.0,1.0,0.0,8.0,0.0,0.0,0.0,0.0,0.0,0.0,0.0,0.0,0.0,11.25,0.0,0.0,0.0,0.0,False,False,False,True,2.0
2023/24,232928,50,49,87,3001,1,2,11,47,0,0,0,7,0,0,3,421,526.6,663.1,244.0,143.5,0,0,0,0,34,2.62,3.75,6.37,48.61,239,239,Garner,Everton,MID,6.0,5.0,4.9,-0.09999999999999964,17.755102040816325,2.6091302899033657,78.97368421052632,3,0.029990003332222594,0.05998000666444519,0.0785738087304232,0.11246251249583473,0.19103632122625794,0.0,0.2894736842105263,0.08997000999666778,25.0,0.0,796.0,0.0,0.0,0.0,1.0,0.0,2.0,0.0,0.0,0.0,2.8266331658291457,0.0,0.07914572864321608,0.0,0.05653266331658291,0.0,False,False,False,True,3.0
2024/25,232928,50,49,42,1590,0,1,5,19,0,0,0,5,0,0,0,244,264.8,248.2,93.0,60.4,0,0,0,181,17,0.67,1.37,2.04,19.71,239,239,Garner,Everton,MID,6.0,5.0,4.9,-0.09999999999999964,8.571428571428571,2.3773584905660377,41.8421052631579,1,0.0,0.056603773584905655,0.03792452830188679,0.07754716981132076,0.11547169811320754,0.0,0.13157894736842105,0.0,87.0,25.0,3001.0,796.0,1.0,0.0,2.0,1.0,11.0,2.0,3.0,0.0,2.6091302899033657,2.8266331658291457,0.0785738087304232,0.07914572864321608,0.11246251249583473,0.05653266331658291,False,False,False,True,4.0
2025/26,232928,50,52,159,3413,2,7,11,50,0,0,0,12,0,0,13,818,887.0,958.0,237.0,208.4,154,185,119,458,38,2.1,6.18,8.28,56.18,239,239,Garner,Everton,MID,6.0,5.0,5.2,0.20000000000000018,30.576923076923077,4.192792264869616,89.8157894736842,9,0.0527395253442719,0.18458833870495164,0.055376501611485496,0.16296513331380016,0.21834163492528563,0.0,0.2894736842105263,0.34280691473776737,42.0,87.0,1590.0,3001.0,0.0,1.0,1.0,2.0,5.0,11.0,0.0,3.0,2.3773584905660377,2.6091302899033657,0.03792452830188679,0.0785738087304232,0.07754716981132076,0.11246251249583473,False,False,False,True,5.0
2021/22,490094,45,45,4,90,0,0,1,0,0,0,0,1,0,0,0,17,10.6,2.0,4.0,1.7,0,0,0,0,0,0.0,0.0,0.0,0.0,240,240,Iroegbunam,Everton,MID,5.0,4.5,4.5,0.0,0.8888888888888888,4.0,2.3684210526315788,0,0.0,0.0,0.0,0.0,0.0,0.0,0.02631578947368421,0.0,0.0,,0.0,,0.0,,0.0,,0.0,,0.0,,0.0,,0.0,,0.0,,False,False,False,True,1.0
2022/23,490094,45,45,0,0,0,0,0,0,0,0,0,0,0,0,0,0,0.0,0.0,0.0,0.0,0,0,0,0,0,0.0,0.0,0.0,0.0,240,240,Iroegbunam,Everton,MID,5.0,4.5,4.5,0.0,0.0,0.0,0.0,0,0.0,0.0,0.0,0.0,0.0,0.0,0.0,0.0,4.0,0.0,90.0,0.0,0.0,0.0,0.0,0.0,1.0,0.0,0.0,0.0,4.0,0.0,0.0,0.0,0.0,0.0,False,False,False,True,2.0
2023/24,490094,45,44,10,157,0,0,0,7,0,0,0,0,0,0,0,29,18.6,4.0,0.0,2.1,0,0,0,0,1,0.0,0.0,0.0,4.95,240,240,Iroegbunam,Everton,MID,5.0,4.5,4.4,-0.09999999999999964,2.2727272727272725,5.732484076433121,4.131578947368421,0,0.0,0.0,0.0,0.0,0.0,0.0,0.0,0.0,0.0,4.0,0.0,90.0,0.0,0.0,0.0,0.0,0.0,1.0,0.0,0.0,0.0,4.0,0.0,0.0,0.0,0.0,False,False,False,True,3.0
2024/25,490094,45,43,22,562,0,1,0,16,0,0,0,4,0,0,0,82,122.2,40.9,32.0,19.6,0,0,0,111,5,0.23,0.14,0.37,12.25,240,240,Iroegbunam,Everton,MID,5.0,4.5,4.3,-0.20000000000000018,5.116279069767442,3.5231316725978647,14.789473684210526,1,0.0,0.1601423487544484,0.03683274021352313,0.022419928825622777,0.05925266903914591,0.0,0.0,0.0,10.0,0.0,157.0,0.0,0.0,0.0,0.0,0.0,0.0,0.0,0.0,0.0,5.732484076433121,0.0,0.0,0.0,0.0,0.0,False,False,False,True,4.0
2025/26,490094,50,48,68,1477,0,3,8,18,0,0,0,9,0,0,1,225,255.0,125.2,81.0,45.9,43,78,68,189,17,0.54,0.71,1.25,24.64,240,240,Iroegbunam,Everton,MID,5.0,5.0,4.8,-0.20000000000000018,14.166666666666668,4.143534190927555,38.86842105263158,3,0.0,0.18280297901150983,0.03290453622207177,0.04326337169939065,0.07616790792146243,0.0,0.21052631578947367,0.060934326337169935,22.0,10.0,562.0,157.0,0.0,0.0,1.0,0.0,0.0,0.0,0.0,0.0,3.5231316725978647,5.732484076433121,0.03683274021352313,0.0,0.022419928825622777,0.0,False,False,False,True,5.0
2018/19,433154,45,44,75,1590,3,4,5,25,0,0,0,2,0,0,6,305,405.2,442.8,279.0,112.5,0,0,0,0,0,0.0,0.0,0.0,0.0,241,241,McNeil,Everton,MID,5.5,4.5,4.4,-0.09999999999999964,17.045454545454543,4.245283018867924,41.8421052631579,7,0.16981132075471697,0.22641509433962262,0.0,0.0,0.0,0.0,0.13157894736842105,0.33962264150943394,1.0,,1.0,,0.0,,0.0,,0.0,,0.0,,90.0,,0.0,,0.0,,False,False,False,True,
2019/20,433154,60,60,123,3339,2,7,16,48,0,0,0,5,0,0,6,529,644.2,931.4,430.0,200.6,0,0,0,0,0,0.0,0.0,0.0,0.0,241,241,McNeil,Everton,MID,5.5,6.0,6.0,0.0,20.5,3.315363881401617,87.86842105263158,9,0.053908355795148244,0.18867924528301885,0.0,0.0,0.0,0.0,0.42105263157894735,0.16172506738544473,75.0,1.0,1590.0,1.0,3.0,0.0,4.0,0.0,5.0,0.0,6.0,0.0,4.245283018867924,90.0,0.0,0.0,0.0,0.0,False,False,False,True,
2020/21,433154,60,57,113,3068,2,5,11,50,0,0,0,1,0,0,8,493,591.8,790.3,277.0,166.3,0,0,0,0,0,0.0,0.0,0.0,0.0,241,241,McNeil,Everton,MID,5.5,6.0,5.7,-0.2999999999999998,19.82456140350877,3.314863102998696,80.73684210526316,7,0.05867014341590613,0.14667535853976532,0.0,0.0,0.0,0.0,0.2894736842105263,0.23468057366362452,123.0,75.0,3339.0,1590.0,2.0,3.0,7.0,4.0,16.0,5.0,6.0,6.0,3.315363881401617,4.245283018867924,0.0,0.0,0.0,0.0,False,False,False,True,
2021/22,433154,60,55,84,3104,0,1,9,49,0,0,0,1,0,0,1,440,565.2,754.3,505.0,182.9,0,0,0,0,0,0.0,0.0,0.0,0.0,241,241,McNeil,Everton,MID,5.5,6.0,5.5,-0.5,15.272727272727273,2.4355670103092786,81.6842105263158,1,0.0,0.028994845360824743,0.0,0.0,0.0,0.0,0.23684210526315788,0.028994845360824743,113.0,123.0,3068.0,3339.0,2.0,2.0,5.0,7.0,11.0,16.0,8.0,6.0,3.314863102998696,3.315363881401617,0.0,0.0,0.0,0.0,False,False,False,True,1.0
2022/23,433154,55,52,126,2490,7,5,5,46,0,0,0,5,0,0,14,505,718.8,771.4,464.0,195.8,0,0,0,0,28,3.51,5.45,8.96,51.3,241,241,McNeil,Everton,MID,5.5,5.5,5.2,-0.2999999999999998,24.23076923076923,4.554216867469879,65.52631578947368,12,0.25301204819277107,0.18072289156626506,0.12686746987951805,0.19698795180722892,0.323855421686747,0.0,0.13157894736842105,0.5060240963855421,84.0,113.0,3104.0,3068.0,0.0,2.0,1.0,5.0,9.0,11.0,1.0,8.0,2.4355670103092786,3.314863102998696,0.0,0.0,0.0,0.0,False,False,False,True,2.0
2023/24,433154,55,54,124,2891,3,8,12,39,0,0,0,2,0,0,8,515,615.4,1110.8,400.0,212.7,0,0,0,0,33,3.26,7.9,11.16,45.06,241,241,McNeil,Everton,MID,5.5,5.5,5.4,-0.09999999999999964,22.962962962962962,3.8602559667934973,76.07894736842105,11,0.09339328951919752,0.24904877205119338,0.1014873746108613,0.24593566240055348,0.34742303701141475,0.0,0.3157894736842105,0.24904877205119338,126.0,84.0,2490.0,3104.0,7.0,0.0,5.0,1.0,5.0,9.0,14.0,1.0,4.554216867469879,2.4355670103092786,0.12686746987951805,0.0,0.19698795180722892,0.0,False,False,False,True,3.0
2024/25,433154,55,51,93,1366,4,8,5,24,0,0,0,1,0,0,9,401,392.0,631.8,207.0,123.3,0,0,0,97,15,1.05,4.49,5.53,21.12,241,241,McNeil,Everton,MID,5.5,5.5,5.1,-0.40000000000000036,18.23529411764706,6.1273792093704245,35.94736842105263,12,0.2635431918008785,0.527086383601757,0.06918008784773061,0.2958272327964861,0.36434846266471455,0.0,0.13157894736842105,0.5929721815519766,124.0,126.0,2891.0,2490.0,3.0,7.0,8.0,5.0,12.0,5.0,8.0,14.0,3.8602559667934973,4.554216867469879,0.1014873746108613,0.12686746987951805,0.24593566240055348,0.19698795180722892,False,False,False,True,4.0
2025/26,433154,60,55,53,1161,0,3,6,9,0,0,0,1,0,0,1,186,140.6,242.4,138.0,52.2,26,62,23,111,14,1.37,1.91,3.28,18.8,241,241,McNeil,Everton,MID,5.5,6.0,5.5,-0.5,9.636363636363637,4.108527131782946,30.55263157894737,3,0.0,0.23255813953488372,0.1062015503875969,0.14806201550387596,0.25426356589147286,0.0,0.15789473684210525,0.07751937984496124,93.0,124.0,1366.0,2891.0,4.0,3.0,8.0,8.0,5.0,12.0,9.0,8.0,6.1273792093704245,3.8602559667934973,0.06918008784773061,0.1014873746108613,0.2958272327964861,0.24593566240055348,False,False,False,True,5.0
2024/25,550615,45,45,17,177,1,1,1,0,0,0,0,1,0,0,0,55,67.4,72.7,32.0,17.1,0,0,0,9,1,0.2,0.26,0.46,1.41,242,242,George,Everton,MID,5.5,4.5,4.5,0.0,3.7777777777777777,8.64406779661017,4.657894736842105,2,0.5084745762711864,0.5084745762711864,0.1016949152542373,0.1322033898305085,0.2338983050847458,0.0,0.02631578947368421,0.0,0.0,,0.0,,0.0,,0.0,,0.0,,0.0,,0.0,,0.0,,0.0,,False,False,False,True,4.0
2025/26,550615,50,48,16,351,0,0,1,9,0,0,0,2,0,0,0,55,44.2,66.2,132.0,23.9,2,14,7,23,1,0.64,1.19,1.83,6.49,242,242,George,Everton,MID,5.5,5.0,4.8,-0.20000000000000018,3.3333333333333335,4.102564102564103,9.236842105263158,0,0.0,0.0,0.1641025641025641,0.3051282051282051,0.4692307692307693,0.0,0.02631578947368421,0.0,17.0,0.0,177.0,0.0,1.0,0.0,1.0,0.0,1.0,0.0,0.0,0.0,8.64406779661017,0.0,0.1016949152542373,0.0,0.1322033898305085,0.0,False,False,False,True,5.0
2024/25,502697,50,47,44,766,2,3,1,9,0,0,0,4,0,0,5,191,219.4,205.7,227.0,65.4,0,0,0,68,7,1.78,0.68,2.46,11.33,243,243,Alcaraz,Everton,MID,5.0,5.0,4.7,-0.2999999999999998,9.361702127659575,5.169712793733681,20.157894736842106,5,0.2349869451697128,0.3524804177545692,0.2091383812010444,0.07989556135770236,0.28903394255874676,0.0,0.02631578947368421,0.587467362924282,55.0,,1024.0,,4.0,,2.0,,0.0,,4.0,,4.833984375,,0.1546875,,0.06240234374999999,,False,False,False,True,4.0
2025/26,502697,55,52,29,679,0,1,3,10,0,0,0,4,0,0,0,121,93.8,161.9,162.0,41.8,13,43,14,70,6,1.17,0.54,1.71,13.56,243,243,Alcaraz,Everton,MID,5.0,5.5,5.2,-0.2999999999999998,5.576923076923077,3.8438880706921945,17.86842105263158,1,0.0,0.1325478645066274,0.15508100147275405,0.0715758468335788,0.22665684830633284,0.0,0.07894736842105263,0.0,44.0,55.0,766.0,1024.0,2.0,4.0,3.0,2.0,1.0,0.0,5.0,4.0,5.169712793733681,4.833984375,0.2091383812010444,0.1546875,0.07989556135770236,0.06240234374999999,False,False,False,True,5.0
2025/26,609873,45,45,21,524,0,0,1,11,0,0,0,0,0,0,0,84,60.0,69.7,78.0,21.0,13,24,13,50,6,0.79,0.22,1.01,10.93,244,244,Armstrong,Everton,MID,5.0,4.5,4.5,0.0,4.666666666666667,3.6068702290076335,13.789473684210526,0,0.0,0.0,0.13568702290076337,0.03778625954198474,0.1734732824427481,0.0,0.02631578947368421,0.0,2.0,,47.0,,0.0,,0.0,,0.0,,0.0,,3.829787234042553,,0.7085106382978723,,0.0,,False,False,False,True,5.0
2024/25,496661,45,43,68,1863,2,2,3,50,0,0,0,6,0,0,4,247,261.0,344.5,264.0,87.0,0,0,0,143,20,2.6,1.47,4.07,49.16,245,245,Dibling,Everton,MID,5.5,4.5,4.3,-0.20000000000000018,15.813953488372094,3.285024154589372,49.026315789473685,4,0.0966183574879227,0.0966183574879227,0.12560386473429952,0.07101449275362319,0.19661835748792272,0.0,0.07894736842105263,0.1932367149758454,0.0,,0.0,,0.0,,0.0,,0.0,,0.0,,0.0,,0.0,,0.0,,False,False,False,True,4.0
2025/26,496661,55,53,18,349,0,0,2,2,0,0,0,2,0,0,0,49,46.0,61.0,32.0,13.6,11,22,7,40,4,0.2,0.14,0.34,6.65,245,245,Dibling,Everton,MID,5.5,5.5,5.3,-0.20000000000000018,3.3962264150943398,4.641833810888252,9.18421052631579,0,0.0,0.0,0.05157593123209169,0.03610315186246419,0.08767908309455588,0.0,0.05263157894736842,0.0,68.0,0.0,1863.0,0.0,2.0,0.0,2.0,0.0,3.0,0.0,4.0,0.0,3.285024154589372,0.0,0.12560386473429952,0.0,0.07101449275362319,0.0,False,False,False,True,5.0
2024/25,486385,50,48,87,1521,8,0,4,24,0,0,0,2,0,0,11,295,373.2,163.9,666.0,119.5,0,0,0,84,15,7.89,0.44,8.33,18.8,248,248,Beto,Everton,FWD,5.5,5.0,4.8,-0.20000000000000018,18.125,5.14792899408284,40.026315789473685,8,0.4733727810650888,0.0,0.4668639053254438,0.026035502958579884,0.49289940828402373,0.0,0.10526315789473684,0.6508875739644971,50.0,,943.0,,3.0,,0.0,,2.0,,3.0,,4.7720042417815485,,0.616542948038176,,0.02863202545068929,,False,True,False,False,4.0
2025/26,486385,55,51,104,1551,9,1,5,19,0,0,0,3,0,0,15,343,445.8,159.8,655.0,124.5,49,26,14,89,17,8.9,0.23,9.13,24.16,248,248,Beto,Everton,FWD,5.5,5.5,5.1,-0.40000000000000036,20.3921568627451,6.034816247582205,40.81578947368421,10,0.5222437137330754,0.058027079303675046,0.5164410058027079,0.013346228239845262,0.5297872340425532,0.0,0.13157894736842105,0.8704061895551257,87.0,50.0,1521.0,943.0,8.0,3.0,0.0,0.0,4.0,2.0,11.0,3.0,5.14792899408284,4.7720042417815485,0.4668639053254438,0.616542948038176,0.026035502958579884,0.02863202545068929,False,True,False,False,5.0
2019/20,80201,50,48,114,2649,0,0,7,39,0,1,0,2,0,113,10,591,843.2,0.0,0.0,84.1,0,0,0,0,0,0.0,0.0,0.0,0.0,250,250,Leno,Fulham,GKP,4.5,5.0,4.8,-0.20000000000000018,23.75,3.873159682899207,69.71052631578948,0,0.0,0.0,0.0,0.0,0.0,3.839184597961495,0.18421052631578946,0.33975084937712347,106.0,,2835.0,,0.0,,0.0,,6.0,,5.0,,3.365079365079365,,0.0,,0.0,,False,False,True,False,
2020/21,80201,50,50,131,3131,0,0,11,37,1,1,0,0,1,86,11,625,702.2,0.0,2.0,70.3,0,0,0,0,0,0.0,0.0,0.0,0.0,250,250,Leno,Fulham,GKP,4.5,5.0,5.0,0.0,26.2,3.7655701053976363,82.39473684210526,0,0.0,0.0,0.0,0.0,0.0,2.4720536569786007,0.2894736842105263,0.31619290961354196,114.0,106.0,2649.0,2835.0,0.0,0.0,0.0,0.0,7.0,6.0,10.0,5.0,3.873159682899207,3.365079365079365,0.0,0.0,0.0,0.0,False,False,True,False,
2021/22,80201,50,45,10,360,0,0,1,9,0,0,0,0,0,10,0,69,85.0,0.0,0.0,8.5,0,0,0,0,0,0.0,0.0,0.0,0.0,250,250,Leno,Fulham,GKP,4.5,5.0,4.5,-0.5,2.2222222222222223,2.5,9.473684210526315,0,0.0,0.0,0.0,0.0,0.0,2.5,0.02631578947368421,0.0,131.0,114.0,3131.0,2649.0,0.0,0.0,0.0,0.0,11.0,7.0,11.0,10.0,3.7655701053976363,3.873159682899207,0.0,0.0,0.0,0.0,False,False,True,False,1.0
2022/23,80201,45,46,142,3240,0,0,8,51,0,1,0,3,0,144,17,766,1154.8,10.0,0.0,116.6,0,0,0,0,36,0.0,0.0,0.0,62.75,250,250,Leno,Fulham,GKP,4.5,4.5,4.6,0.09999999999999964,30.869565217391308,3.9444444444444446,85.26315789473684,0,0.0,0.0,0.0,0.0,0.0,4.0,0.21052631578947367,0.4722222222222222,10.0,131.0,360.0,3131.0,0.0,0.0,0.0,0.0,1.0,11.0,0.0,11.0,2.5,3.7655701053976363,0.0,0.0,0.0,0.0,False,False,True,False,2.0
2023/24,80201,45,48,133,3420,0,0,10,61,1,0,0,3,0,134,15,782,1069.8,0.1,0.0,106.7,0,0,0,0,38,0.0,0.0,0.0,64.14,250,250,Leno,Fulham,GKP,4.5,4.5,4.8,0.2999999999999998,27.708333333333336,3.5,90.0,0,0.0,0.0,0.0,0.0,0.0,3.526315789473684,0.2631578947368421,0.39473684210526316,142.0,10.0,3240.0,360.0,0.0,0.0,0.0,0.0,8.0,1.0,17.0,0.0,3.9444444444444446,2.5,0.0,0.0,0.0,0.0,False,False,True,False,3.0
2024/25,80201,50,50,115,3420,0,2,5,54,0,1,0,5,0,110,5,475,967.0,20.0,0.0,98.6,0,0,0,0,38,0.0,0.03,0.03,47.75,250,250,Leno,Fulham,GKP,4.5,5.0,5.0,0.0,23.0,3.026315789473684,90.0,2,0.0,0.05263157894736842,0.0,0.0007894736842105263,0.0007894736842105263,2.8947368421052633,0.13157894736842105,0.13157894736842105,133.0,142.0,3420.0,3240.0,0.0,0.0,0.0,0.0,10.0,8.0,15.0,17.0,3.5,3.9444444444444446,0.0,0.0,0.0,0.0,False,False,True,False,4.0
2025/26,80201,50,50,122,3420,0,0,9,51,1,0,0,3,0,98,8,556,816.2,0.0,0.0,81.5,46,318,4,0,38,0.0,0.02,0.02,52.73,250,250,Leno,Fulham,GKP,4.5,5.0,5.0,0.0,24.4,3.210526315789474,90.0,0,0.0,0.0,0.0,0.0005263157894736842,0.0005263157894736842,2.5789473684210527,0.23684210526315788,0.21052631578947367,115.0,133.0,3420.0,3420.0,0.0,0.0,2.0,0.0,5.0,10.0,5.0,15.0,3.026315789473684,3.5,0.0,0.0,0.0007894736842105263,0.0,False,False,True,False,5.0
2021/22,174874,45,47,124,2914,0,4,12,37,1,0,0,4,0,0,14,619,630.6,234.0,142.0,100.7,0,0,0,0,0,0.0,0.0,0.0,0.0,253,253,Andersen,Fulham,DEF,5.0,4.5,4.7,0.20000000000000018,26.382978723404253,3.829787234042553,76.6842105263158,4,0.0,0.12354152367879204,0.0,0.0,0.0,0.0,0.3157894736842105,0.4323953328757721,93.0,,2729.0,,1.0,,1.0,,9.0,,7.0,,3.0670575302308536,,0.0,,0.0,,True,False,False,False,1.0
2022/23,174874,45,45,80,2782,1,0,8,37,2,0,0,8,0,0,1,483,658.8,163.4,273.0,109.8,0,0,0,0,32,1.87,1.04,2.91,36.23,253,253,Andersen,Fulham,DEF,5.0,4.5,4.5,0.0,17.77777777777778,2.5880661394680087,73.21052631578948,1,0.03235082674335011,0.0,0.060496046010064704,0.03364485981308411,0.09414090582314882,0.0,0.21052631578947367,0.03235082674335011,124.0,93.0,2914.0,2729.0,0.0,1.0,4.0,1.0,12.0,9.0,14.0,7.0,3.829787234042553,3.0670575302308536,0.0,0.0,0.0,0.0,True,False,False,False,2.0
2023/24,174874,45,47,121,3416,2,3,10,58,0,0,0,7,0,0,12,679,873.6,301.1,253.0,143.1,0,0,0,0,38,1.75,2.08,3.83,53.71,253,253,Andersen,Fulham,DEF,5.0,4.5,4.7,0.20000000000000018,25.74468085106383,3.1879391100702574,89.89473684210526,5,0.05269320843091335,0.07903981264637003,0.04610655737704918,0.054800936768149885,0.10090749414519906,0.0,0.2631578947368421,0.3161592505854801,80.0,124.0,2782.0,2914.0,1.0,0.0,0.0,4.0,8.0,12.0,1.0,14.0,2.5880661394680087,3.829787234042553,0.060496046010064704,0.0,0.03364485981308411,0.0,True,False,False,False,3.0
2024/25,174874,45,42,51,2673,0,0,4,47,1,0,0,7,1,0,3,306,687.6,99.0,162.0,95.0,0,0,0,283,30,1.04,0.57,1.61,37.85,253,253,Andersen,Fulham,DEF,5.0,4.5,4.2,-0.2999999999999998,12.142857142857142,1.7171717171717171,70.34210526315789,0,0.0,0.0,0.035016835016835016,0.01919191919191919,0.05420875420875421,0.0,0.10526315789473684,0.10101010101010101,121.0,80.0,3416.0,2782.0,2.0,1.0,3.0,0.0,10.0,8.0,12.0,1.0,3.1879391100702574,2.5880661394680087,0.04610655737704918,0.060496046010064704,0.054800936768149885,0.03364485981308411,True,False,False,False,4.0
2025/26,174874,45,44,123,2882,0,1,8,45,0,0,0,7,1,0,8,424,790.6,131.0,148.0,107.0,284,114,45,329,33,1.43,1.83,3.26,44.88,253,253,Andersen,Fulham,DEF,5.0,4.5,4.4,-0.09999999999999964,27.954545454545453,3.8410825815405962,75.84210526315789,1,0.0,0.03122831367106176,0.04465648854961832,0.057147814018043024,0.10180430256766133,0.0,0.21052631578947367,0.24982650936849407,51.0,121.0,2673.0,3416.0,0.0,2.0,0.0,3.0,4.0,10.0,3.0,12.0,1.7171717171717171,3.1879391100702574,0.035016835016835016,0.04610655737704918,0.01919191919191919,0.054800936768149885,True,False,False,False,5.0
2022/23,169528,45,44,93,3088,0,2,9,44,0,0,0,8,0,0,5,558,573.2,427.4,61.0,106.3,0,0,0,0,35,0.07,1.68,1.75,55.11,254,254,Robinson,Fulham,DEF,4.5,4.5,4.4,-0.09999999999999964,21.136363636363633,2.710492227979275,81.26315789473684,2,0.0,0.05829015544041451,0.002040155440414508,0.04896373056994818,0.051003886010362695,0.0,0.23684210526315788,0.1457253886010363,57.0,,2159.0,,0.0,,0.0,,5.0,,1.0,,2.37610004631774,,0.0,,0.0,,True,False,False,False,2.0
2023/24,169528,45,45,104,3266,0,6,9,60,2,0,0,6,0,0,8,662,805.8,536.7,241.0,158.6,0,0,0,0,37,0.68,3.75,4.43,61.93,254,254,Robinson,Fulham,DEF,4.5,4.5,4.5,0.0,23.11111111111111,2.8658909981628904,85.94736842105263,6,0.0,0.1653398652786283,0.018738518064911208,0.10333741579914267,0.12207593386405387,0.0,0.23684210526315788,0.2204531537048377,93.0,57.0,3088.0,2159.0,0.0,0.0,2.0,0.0,9.0,5.0,5.0,1.0,2.710492227979275,2.37610004631774,0.002040155440414508,0.0,0.04896373056994818,0.0,True,False,False,False,3.0
2024/25,169528,45,47,106,3166,0,10,5,49,0,0,0,8,0,0,8,507,922.2,723.4,206.0,185.5,0,0,0,289,35,0.7,4.17,4.87,44.79,254,254,Robinson,Fulham,DEF,4.5,4.5,4.7,0.20000000000000018,22.5531914893617,3.0132659507264687,83.3157894736842,10,0.0,0.28427037271004424,0.019898926089703093,0.11854074542008844,0.13843967150979153,0.0,0.13157894736842105,0.22741629816803538,104.0,93.0,3266.0,3088.0,0.0,0.0,6.0,2.0,9.0,9.0,8.0,5.0,2.8658909981628904,2.710492227979275,0.018738518064911208,0.002040155440414508,0.10333741579914267,0.04896373056994818,True,False,False,False,4.0
2025/26,169528,50,49,65,1487,1,0,4,19,0,0,0,5,0,0,7,280,375.0,334.6,82.0,79.3,88,98,48,136,17,1.07,1.58,2.65,24.12,254,254,Robinson,Fulham,DEF,4.5,5.0,4.9,-0.09999999999999964,13.265306122448978,3.9340954942837927,39.13157894736842,1,0.0605245460659045,0.0,0.06476126429051783,0.09562878278412912,0.16039004707464694,0.0,0.10526315789473684,0.42367182246133156,106.0,104.0,3166.0,3266.0,0.0,0.0,10.0,6.0,5.0,9.0,8.0,8.0,3.0132659507264687,2.8658909981628904,0.019898926089703093,0.018738518064911208,0.11854074542008844,0.10333741579914267,True,False,False,False,5.0
2025/26,246301,45,43,39,935,0,0,2,11,0,0,0,6,0,0,1,155,249.6,47.2,14.0,31.2,101,40,16,117,11,0.05,0.53,0.58,14.7,255,255,J.Cuenca,Fulham,DEF,4.5,4.5,4.3,-0.20000000000000018,9.069767441860465,3.7540106951871657,24.605263157894736,0,0.0,0.0,0.004812834224598931,0.051016042780748665,0.05582887700534759,0.0,0.05263157894736842,0.0962566844919786,9.0,,349.0,,0.0,,0.0,,0.0,,0.0,,2.320916905444126,,0.005157593123209169,,0.0025787965616045844,,True,False,False,False,5.0
2022/23,167074,45,44,90,2569,1,5,7,36,0,0,0,8,0,0,1,484,670.2,391.4,145.0,120.9,0,0,0,0,29,0.74,1.9,2.64,46.78,256,256,Tete,Fulham,DEF,4.5,4.5,4.4,-0.09999999999999964,20.454545454545453,3.1529778123783574,67.60526315789474,6,0.03503308680420397,0.17516543402101986,0.02592448423511094,0.06656286492798755,0.09248734916309849,0.0,0.18421052631578946,0.03503308680420397,50.0,,1477.0,,0.0,,1.0,,5.0,,3.0,,3.0467163168584968,,0.0,,0.0,,True,False,False,False,2.0
2023/24,167074,45,44,27,863,1,0,2,21,0,0,0,2,0,0,0,161,195.2,93.4,67.0,35.6,0,0,0,0,10,0.86,0.46,1.32,22.97,256,256,Tete,Fulham,DEF,4.5,4.5,4.4,-0.09999999999999964,6.136363636363636,2.8157589803012746,22.710526315789473,1,0.10428736964078796,0.0,0.08968713789107764,0.04797219003476246,0.1376593279258401,0.0,0.05263157894736842,0.0,90.0,50.0,2569.0,1477.0,1.0,0.0,5.0,1.0,7.0,5.0,1.0,3.0,3.1529778123783574,3.0467163168584968,0.02592448423511094,0.0,0.06656286492798755,0.0,True,False,False,False,3.0
2024/25,167074,45,44,49,1773,0,2,3,26,0,0,0,5,0,0,0,207,381.2,192.2,158.0,73.1,0,0,0,162,21,1.37,0.65,2.02,25.5,256,256,Tete,Fulham,DEF,4.5,4.5,4.4,-0.09999999999999964,11.136363636363635,2.487309644670051,46.6578947368421,2,0.0,0.10152284263959391,0.06954314720812184,0.03299492385786802,0.10253807106598985,0.0,0.07894736842105263,0.0,27.0,90.0,863.0,2569.0,1.0,1.0,0.0,5.0,2.0,7.0,0.0,1.0,2.8157589803012746,3.1529778123783574,0.08968713789107764,0.02592448423511094,0.04797219003476246,0.06656286492798755,True,False,False,False,4.0
2025/26,167074,45,45,81,1791,1,0,6,25,0,0,0,2,0,0,5,318,416.0,214.1,108.0,73.9,100,82,65,165,21,0.92,1.46,2.38,25.79,256,256,Tete,Fulham,DEF,4.5,4.5,4.5,0.0,18.0,4.07035175879397,47.13157894736842,1,0.05025125628140704,0.0,0.04623115577889448,0.07336683417085428,0.11959798994974875,0.0,0.15789473684210525,0.2512562814070352,49.0,27.0,1773.0,863.0,0.0,1.0,2.0,0.0,3.0,2.0,0.0,0.0,2.487309644670051,2.8157589803012746,0.06954314720812184,0.08968713789107764,0.03299492385786802,0.04797219003476246,True,False,False,False,5.0
2024/25,232892,45,45,75,3074,1,0,5,47,0,0,0,7,0,0,0,390,587.2,96.7,157.0,84.1,0,0,0,204,34,1.02,0.42,1.44,39.22,257,257,Bassey,Fulham,DEF,4.5,4.5,4.5,0.0,16.666666666666668,2.19583604424203,80.89473684210526,1,0.029277813923227064,0.0,0.029863370201691605,0.012296681847755366,0.04216005204944697,0.0,0.13157894736842105,0.0,66.0,,2299.0,,1.0,,0.0,,6.0,,4.0,,2.583732057416268,,0.014484558503697259,,0.0062635928664636804,,True,False,False,False,4.0
2025/26,232892,45,44,103,2532,1,1,7,40,0,0,0,5,0,0,9,392,574.0,152.2,115.0,84.5,143,119,62,205,28,1.71,0.35,2.05,38.01,257,257,Bassey,Fulham,DEF,4.5,4.5,4.4,-0.09999999999999964,23.409090909090907,3.661137440758294,66.63157894736842,2,0.035545023696682464,0.035545023696682464,0.06078199052132702,0.012440758293838863,0.07286729857819904,0.0,0.18421052631578946,0.3199052132701422,75.0,66.0,3074.0,2299.0,1.0,1.0,0.0,0.0,5.0,6.0,0.0,4.0,2.19583604424203,2.583732057416268,0.029863370201691605,0.014484558503697259,0.012296681847755366,0.0062635928664636804,True,False,False,False,5.0
2021/22,166477,55,53,75,2124,1,0,6,30,0,0,0,1,0,0,6,365,435.4,241.0,103.0,78.1,0,0,0,0,0,0.0,0.0,0.0,0.0,258,258,Castagne,Fulham,DEF,4.5,5.5,5.3,-0.20000000000000018,14.150943396226415,3.1779661016949152,55.89473684210526,1,0.0423728813559322,0.0,0.0,0.0,0.0,0.0,0.15789473684210525,0.2542372881355932,94.0,,2345.0,,2.0,,4.0,,6.0,,7.0,,3.6076759061833688,,0.0,,0.0,,True,False,False,False,1.0
2022/23,166477,45,43,114,3255,2,4,8,63,0,0,0,3,0,0,11,615,690.8,380.2,289.0,136.4,0,0,0,0,36,2.16,2.13,4.29,60.78,258,258,Castagne,Fulham,DEF,4.5,4.5,4.3,-0.20000000000000018,26.511627906976745,3.152073732718894,85.65789473684211,6,0.055299539170506916,0.11059907834101383,0.059723502304147476,0.05889400921658986,0.11861751152073734,0.0,0.21052631578947367,0.30414746543778803,75.0,94.0,2124.0,2345.0,1.0,2.0,0.0,4.0,6.0,6.0,6.0,7.0,3.1779661016949152,3.6076759061833688,0.0,0.0,0.0,0.0,True,False,False,False,2.0
2023/24,166477,45,45,105,2630,1,3,9,40,0,0,0,3,0,0,7,510,494.4,295.0,229.0,102.1,0,0,0,0,29,1.29,2.06,3.35,41.07,258,258,Castagne,Fulham,DEF,4.5,4.5,4.5,0.0,23.333333333333332,3.593155893536122,69.21052631578948,4,0.034220532319391636,0.10266159695817491,0.04414448669201521,0.07049429657794677,0.11463878326996198,0.0,0.23684210526315788,0.23954372623574144,114.0,75.0,3255.0,2124.0,2.0,1.0,4.0,0.0,8.0,6.0,11.0,6.0,3.152073732718894,3.1779661016949152,0.059723502304147476,0.0,0.05889400921658986,0.0,True,False,False,False,3.0
2024/25,166477,45,42,46,1642,0,1,3,28,0,0,0,1,0,0,0,205,360.4,163.6,123.0,64.9,0,0,0,149,17,0.38,0.56,0.94,22.39,258,258,Castagne,Fulham,DEF,4.5,4.5,4.2,-0.2999999999999998,10.952380952380953,2.5213154689403168,43.21052631578947,1,0.0,0.05481120584652863,0.020828258221680877,0.030694275274056035,0.051522533495736905,0.0,0.07894736842105263,0.0,105.0,114.0,2630.0,3255.0,1.0,2.0,3.0,4.0,9.0,8.0,7.0,11.0,3.593155893536122,3.152073732718894,0.04414448669201521,0.059723502304147476,0.07049429657794677,0.05889400921658986,True,False,False,False,4.0
2025/26,166477,45,43,61,1838,0,2,3,31,0,0,0,4,0,0,3,294,373.0,292.2,195.0,86.2,106,56,40,146,20,1.5,1.47,2.97,32.66,258,258,Castagne,Fulham,DEF,4.5,4.5,4.3,-0.20000000000000018,14.186046511627907,2.9869423286180634,48.36842105263158,2,0.0,0.09793253536452666,0.073449401523395,0.0719804134929271,0.1454298150163221,0.0,0.07894736842105263,0.14689880304679,46.0,105.0,1642.0,2630.0,0.0,1.0,1.0,3.0,3.0,9.0,0.0,7.0,2.5213154689403168,3.593155893536122,0.020828258221680877,0.04414448669201521,0.030694275274056035,0.07049429657794677,True,False,False,False,5.0
2019/20,219924,45,43,76,2765,3,1,4,54,0,0,0,8,0,0,3,424,610.0,64.3,210.0,88.7,0,0,0,0,0,0.0,0.0,0.0,0.0,259,259,Diop,Ipswich Town,DEF,4.0,4.5,4.3,-0.20000000000000018,17.674418604651162,2.4737793851717904,72.76315789473684,4,0.09764918625678119,0.0325497287522604,0.0,0.0,0.0,0.0,0.10526315789473684,0.09764918625678119,87.0,,2970.0,,1.0,,0.0,,7.0,,6.0,,2.6363636363636362,,0.0,,0.0,,True,False,False,False,
2020/21,219924,45,43,42,1379,2,0,2,22,1,0,0,3,0,0,1,234,375.6,17.4,48.0,44.3,0,0,0,0,0,0.0,0.0,0.0,0.0,259,259,Diop,Ipswich Town,DEF,4.0,4.5,4.3,-0.20000000000000018,9.767441860465116,2.7411167512690353,36.28947368421053,2,0.1305293691080493,0.0,0.0,0.0,0.0,0.0,0.05263157894736842,0.06526468455402465,76.0,87.0,2765.0,2970.0,3.0,1.0,1.0,0.0,4.0,7.0,3.0,6.0,2.4737793851717904,2.6363636363636362,0.0,0.0,0.0,0.0,True,False,False,False,
2021/22,219924,45,42,30,961,0,1,2,19,0,0,0,0,0,0,2,203,225.6,21.3,44.0,29.1,0,0,0,0,0,0.0,0.0,0.0,0.0,259,259,Diop,Ipswich Town,DEF,4.0,4.5,4.2,-0.2999999999999998,7.142857142857142,2.8095733610822062,25.289473684210527,1,0.0,0.09365244536940687,0.0,0.0,0.0,0.0,0.05263157894736842,0.18730489073881373,42.0,76.0,1379.0,2765.0,2.0,3.0,0.0,1.0,2.0,4.0,1.0,3.0,2.7411167512690353,2.4737793851717904,0.0,0.0,0.0,0.0,True,False,False,False,1.0
2022/23,219924,45,43,79,2008,1,0,7,26,0,0,0,2,0,0,8,422,462.2,38.8,80.0,58.1,0,0,0,0,21,0.29,0.49,0.78,35.86,259,259,Diop,Ipswich Town,DEF,4.0,4.5,4.3,-0.20000000000000018,18.372093023255815,3.5408366533864544,52.8421052631579,1,0.044820717131474105,0.0,0.01299800796812749,0.02196215139442231,0.0349601593625498,0.0,0.18421052631578946,0.35856573705179284,30.0,42.0,961.0,1379.0,0.0,2.0,1.0,0.0,2.0,2.0,2.0,1.0,2.8095733610822062,2.7411167512690353,0.0,0.0,0.0,0.0,True,False,False,False,2.0
2023/24,219924,45,44,43,1423,0,0,5,26,0,0,0,2,1,0,3,259,348.8,20.5,37.0,40.8,0,0,0,0,16,0.26,0.42,0.68,33.2,259,259,Diop,Ipswich Town,DEF,4.0,4.5,4.4,-0.09999999999999964,9.772727272727272,2.7196064652143357,37.44736842105263,0,0.0,0.0,0.016444132115249473,0.02656359803232607,0.04300773014757554,0.0,0.13157894736842105,0.1897399859451862,79.0,30.0,2008.0,961.0,1.0,0.0,0.0,1.0,7.0,2.0,8.0,2.0,3.5408366533864544,2.8095733610822062,0.01299800796812749,0.0,0.02196215139442231,0.0,True,False,False,False,3.0
2024/25,219924,45,43,31,1334,0,0,1,19,1,0,0,2,0,0,0,146,257.6,44.7,83.0,38.3,0,0,0,112,15,0.51,0.07,0.58,19.98,259,259,Diop,Ipswich Town,DEF,4.0,4.5,4.3,-0.20000000000000018,7.209302325581396,2.0914542728635683,35.10526315789474,0,0.0,0.0,0.03440779610194902,0.0047226386806596705,0.03913043478260869,0.0,0.02631578947368421,0.0,43.0,79.0,1423.0,2008.0,0.0,1.0,0.0,0.0,5.0,7.0,3.0,8.0,2.7196064652143357,3.5408366533864544,0.016444132115249473,0.01299800796812749,0.02656359803232607,0.02196215139442231,True,False,False,False,4.0
2025/26,219924,45,43,31,812,1,0,1,13,0,0,0,2,0,0,3,103,190.8,8.0,31.0,23.0,55,19,6,61,8,0.8,0.05,0.85,12.42,259,259,Diop,Ipswich Town,DEF,4.0,4.5,4.3,-0.20000000000000018,7.209302325581396,3.435960591133005,21.36842105263158,1,0.11083743842364532,0.0,0.08866995073891626,0.005541871921182266,0.09421182266009852,0.0,0.02631578947368421,0.33251231527093594,31.0,43.0,1334.0,1423.0,0.0,0.0,0.0,0.0,1.0,5.0,0.0,3.0,2.0914542728635683,2.7196064652143357,0.03440779610194902,0.016444132115249473,0.0047226386806596705,0.02656359803232607,True,False,False,False,5.0
2019/20,153682,60,57,91,1637,7,1,2,32,0,0,0,2,0,0,7,295,377.4,242.1,667.0,128.5,0,0,0,0,0,0.0,0.0,0.0,0.0,260,260,Wilson,Leeds,MID,6.5,6.0,5.7,-0.2999999999999998,15.964912280701753,5.003054367745876,43.078947368421055,8,0.38485033598045204,0.05497861942577886,0.0,0.0,0.0,0.0,0.05263157894736842,0.38485033598045204,0.0,,0.0,,0.0,,0.0,,0.0,,0.0,,0.0,,0.0,,0.0,,False,False,False,True,
2020/21,153682,55,51,0,0,0,0,0,0,0,0,0,0,0,0,0,0,0.0,0.0,0.0,0.0,0,0,0,0,0,0.0,0.0,0.0,0.0,260,260,Wilson,Leeds,MID,6.5,5.5,5.1,-0.40000000000000036,0.0,0.0,0.0,0,0.0,0.0,0.0,0.0,0.0,0.0,0.0,0.0,91.0,0.0,1637.0,0.0,7.0,0.0,1.0,0.0,2.0,0.0,7.0,0.0,5.003054367745876,0.0,0.0,0.0,0.0,0.0,False,False,False,True,
2022/23,153682,60,57,68,1085,2,5,2,15,0,0,0,1,0,0,2,215,215.2,184.1,178.0,57.7,0,0,0,0,13,2.03,1.03,3.06,21.44,260,260,Wilson,Leeds,MID,6.5,6.0,5.7,-0.2999999999999998,11.929824561403509,5.6405529953917055,28.55263157894737,7,0.16589861751152074,0.4147465437788018,0.16838709677419353,0.08543778801843319,0.2538248847926267,0.0,0.05263157894736842,0.16589861751152074,0.0,91.0,0.0,1637.0,0.0,7.0,0.0,1.0,0.0,2.0,0.0,7.0,0.0,5.003054367745876,0.0,0.0,0.0,0.0,False,False,False,True,2.0
2023/24,153682,55,53,94,1603,4,7,5,30,0,0,0,6,0,0,5,307,375.0,357.3,340.0,107.2,0,0,0,0,16,3.45,2.63,6.08,33.01,260,260,Wilson,Leeds,MID,6.5,5.5,5.3,-0.20000000000000018,17.735849056603776,5.277604491578291,42.18421052631579,11,0.22457891453524642,0.39301310043668125,0.19369931378665006,0.14766063630692453,0.34135995009357456,0.0,0.13157894736842105,0.280723643169058,68.0,0.0,1085.0,0.0,2.0,0.0,5.0,0.0,2.0,0.0,2.0,0.0,5.6405529953917055,0.0,0.16838709677419353,0.0,0.08543778801843319,0.0,False,False,False,True,3.0
2024/25,153682,55,52,78,1148,6,2,2,21,0,0,0,2,0,0,6,329,334.6,310.2,440.0,107.8,0,0,0,92,12,4.19,1.17,5.36,16.22,260,260,Wilson,Leeds,MID,6.5,5.5,5.2,-0.2999999999999998,15.0,6.114982578397212,30.210526315789473,8,0.470383275261324,0.156794425087108,0.32848432055749127,0.09172473867595818,0.4202090592334495,0.0,0.05263157894736842,0.470383275261324,94.0,68.0,1603.0,1085.0,4.0,2.0,7.0,5.0,5.0,2.0,5.0,2.0,5.277604491578291,5.6405529953917055,0.19369931378665006,0.16838709677419353,0.14766063630692453,0.08543778801843319,False,False,False,True,4.0
2025/26,153682,55,58,168,2674,10,9,9,38,0,0,0,7,0,0,21,637,707.2,661.1,601.0,196.9,66,82,29,177,32,5.88,4.77,10.65,40.14,260,260,Wilson,Leeds,MID,6.5,5.5,5.8,0.2999999999999998,28.96551724137931,5.654450261780105,70.36842105263158,19,0.3365744203440538,0.3029169783096485,0.19790575916230366,0.16054599850411366,0.35845175766641735,0.0,0.23684210526315788,0.7068062827225131,78.0,94.0,1148.0,1603.0,6.0,4.0,2.0,7.0,2.0,5.0,6.0,5.0,6.114982578397212,5.277604491578291,0.32848432055749127,0.19369931378665006,0.09172473867595818,0.14766063630692453,False,False,False,True,5.0
2016/17,153133,60,53,89,1456,3,5,9,20,0,0,0,1,0,0,8,352,326.4,467.8,592.0,138.7,0,0,0,0,0,0.0,0.0,0.0,0.0,261,261,Iwobi,Fulham,MID,5.5,6.0,5.3,-0.7000000000000002,16.79245283018868,5.501373626373627,38.31578947368421,8,0.18543956043956045,0.3090659340659341,0.0,0.0,0.0,0.0,0.23684210526315788,0.4945054945054945,42.0,,628.0,,2.0,,2.0,,5.0,,2.0,,6.019108280254777,,0.0,,0.0,,False,False,False,True,
2017/18,153133,55,51,89,1827,3,5,9,26,0,0,0,1,0,0,2,426,430.0,592.9,635.0,165.6,0,0,0,0,0,0.0,0.0,0.0,0.0,261,261,Iwobi,Fulham,MID,5.5,5.5,5.1,-0.40000000000000036,17.450980392156865,4.384236453201971,48.078947368421055,8,0.14778325123152708,0.24630541871921183,0.0,0.0,0.0,0.0,0.23684210526315788,0.09852216748768472,89.0,42.0,1456.0,628.0,3.0,2.0,5.0,2.0,9.0,5.0,8.0,2.0,5.501373626373627,6.019108280254777,0.0,0.0,0.0,0.0,False,False,False,True,
2018/19,153133,55,54,99,1961,3,8,4,32,0,0,0,0,0,0,3,382,469.0,596.7,646.0,171.1,0,0,0,0,0,0.0,0.0,0.0,0.0,261,261,Iwobi,Fulham,MID,5.5,5.5,5.4,-0.09999999999999964,18.333333333333332,4.5436002039775625,51.60526315789474,11,0.13768485466598676,0.36715961244263134,0.0,0.0,0.0,0.0,0.10526315789473684,0.13768485466598676,89.0,89.0,1827.0,1456.0,3.0,3.0,5.0,5.0,9.0,9.0,2.0,8.0,4.384236453201971,5.501373626373627,0.0,0.0,0.0,0.0,False,False,False,True,
2019/20,153133,60,56,52,1591,1,0,4,30,0,0,0,0,0,0,2,227,246.4,383.7,329.0,95.9,0,0,0,0,0,0.0,0.0,0.0,0.0,261,261,Iwobi,Fulham,MID,5.5,6.0,5.6,-0.40000000000000036,9.285714285714286,2.941546197360151,41.86842105263158,1,0.056568196103079824,0.0,0.0,0.0,0.0,0.0,0.10526315789473684,0.11313639220615965,99.0,89.0,1961.0,1827.0,3.0,3.0,8.0,5.0,4.0,9.0,3.0,2.0,4.5436002039775625,4.384236453201971,0.0,0.0,0.0,0.0,False,False,False,True,
2020/21,153133,60,59,65,1530,1,3,5,21,0,0,0,0,0,0,1,256,262.6,263.1,233.0,76.0,0,0,0,0,0,0.0,0.0,0.0,0.0,261,261,Iwobi,Fulham,MID,5.5,6.0,5.9,-0.09999999999999964,11.016949152542372,3.823529411764706,40.26315789473684,4,0.058823529411764705,0.17647058823529413,0.0,0.0,0.0,0.0,0.13157894736842105,0.058823529411764705,52.0,99.0,1591.0,1961.0,1.0,3.0,0.0,8.0,4.0,4.0,2.0,3.0,2.941546197360151,4.5436002039775625,0.0,0.0,0.0,0.0,False,False,False,True,
2021/22,153133,60,58,78,2029,2,2,6,38,0,0,0,1,0,0,6,312,370.0,501.4,357.0,122.7,0,0,0,0,0,0.0,0.0,0.0,0.0,261,261,Iwobi,Fulham,MID,5.5,6.0,5.8,-0.20000000000000018,13.448275862068966,3.4598324297683587,53.39473684210526,4,0.08871365204534254,0.08871365204534254,0.0,0.0,0.0,0.0,0.15789473684210525,0.2661409561360276,65.0,52.0,1530.0,1591.0,1.0,1.0,3.0,0.0,5.0,4.0,1.0,2.0,3.823529411764706,2.941546197360151,0.0,0.0,0.0,0.0,False,False,False,True,1.0
2022/23,153133,55,49,126,3379,2,8,9,56,0,0,0,2,0,0,9,563,693.4,946.0,373.0,201.3,0,0,0,0,38,2.56,4.31,6.87,66.42,261,261,Iwobi,Fulham,MID,5.5,5.5,4.9,-0.5999999999999996,25.71428571428571,3.3560224918614976,88.92105263157895,10,0.053270198283515834,0.21308079313406333,0.06818585380290026,0.11479727730097661,0.1829831311038769,0.0,0.23684210526315788,0.23971589227582124,78.0,65.0,2029.0,1530.0,2.0,1.0,2.0,3.0,6.0,5.0,6.0,1.0,3.4598324297683587,3.823529411764706,0.0,0.0,0.0,0.0,False,False,False,True,2.0
2023/24,153133,55,53,102,2331,5,2,7,41,0,0,0,2,0,0,9,425,504.2,718.8,534.0,175.9,0,0,0,0,27,5.23,4.2,9.43,37.63,261,261,Iwobi,Fulham,MID,5.5,5.5,5.3,-0.20000000000000018,19.245283018867926,3.9382239382239383,61.3421052631579,7,0.19305019305019305,0.07722007722007722,0.20193050193050197,0.16216216216216217,0.3640926640926641,0.0,0.18421052631578946,0.3474903474903475,126.0,78.0,3379.0,2029.0,2.0,2.0,8.0,2.0,9.0,6.0,9.0,6.0,3.3560224918614976,3.4598324297683587,0.06818585380290026,0.0,0.11479727730097661,0.0,False,False,False,True,3.0
2024/25,153133,55,54,156,2981,9,6,6,45,0,0,0,1,0,0,16,704,806.8,922.4,699.0,243.0,0,0,0,227,35,4.33,6.9,11.23,38.06,261,261,Iwobi,Fulham,MID,5.5,5.5,5.4,-0.09999999999999964,28.888888888888886,4.7098289164709835,78.44736842105263,15,0.2717208990271721,0.18114726601811473,0.1307279436430728,0.20831935592083195,0.3390472995639048,0.0,0.15789473684210525,0.48305937604830596,102.0,126.0,2331.0,3379.0,5.0,2.0,2.0,8.0,7.0,9.0,9.0,9.0,3.9382239382239383,3.3560224918614976,0.20193050193050197,0.06818585380290026,0.16216216216216217,0.11479727730097661,False,False,False,True,4.0
2025/26,153133,65,61,103,2420,4,3,5,40,0,0,0,3,0,0,13,508,511.2,739.4,343.0,159.4,35,126,27,188,29,1.91,4.7,6.61,35.7,261,261,Iwobi,Fulham,MID,5.5,6.5,6.1,-0.40000000000000036,16.885245901639344,3.830578512396694,63.68421052631579,7,0.1487603305785124,0.1115702479338843,0.07103305785123966,0.17479338842975206,0.24582644628099173,0.0,0.13157894736842105,0.4834710743801653,156.0,102.0,2981.0,2331.0,9.0,5.0,6.0,2.0,6.0,7.0,16.0,9.0,4.7098289164709835,3.9382239382239383,0.1307279436430728,0.20193050193050197,0.20831935592083195,0.16216216216216217,False,False,False,True,5.0
2019/20,209289,45,43,4,96,0,0,1,0,0,0,0,0,0,0,0,13,9.8,6.3,0.0,1.6,0,0,0,0,0,0.0,0.0,0.0,0.0,262,262,Smith Rowe,Fulham,MID,5.5,4.5,4.3,-0.20000000000000018,0.9302325581395349,3.75,2.526315789473684,0,0.0,0.0,0.0,0.0,0.0,0.0,0.02631578947368421,0.0,0.0,,0.0,,0.0,,0.0,,0.0,,0.0,,0.0,,0.0,,0.0,,False,False,False,True,
2020/21,209289,45,42,74,1438,2,5,9,10,0,0,0,0,0,0,3,308,273.2,385.1,222.0,88.1,0,0,0,0,0,0.0,0.0,0.0,0.0,262,262,Smith Rowe,Fulham,MID,5.5,4.5,4.2,-0.2999999999999998,17.619047619047617,4.631432545201669,37.8421052631579,7,0.12517385257301808,0.3129346314325452,0.0,0.0,0.0,0.0,0.23684210526315788,0.18776077885952713,4.0,0.0,96.0,0.0,0.0,0.0,0.0,0.0,1.0,0.0,0.0,0.0,3.75,0.0,0.0,0.0,0.0,0.0,False,False,False,True,
2021/22,209289,55,57,125,1909,10,2,8,28,0,0,0,1,0,0,9,435,555.8,453.3,576.0,158.4,0,0,0,0,0,0.0,0.0,0.0,0.0,262,262,Smith Rowe,Fulham,MID,5.5,5.5,5.7,0.20000000000000018,21.929824561403507,5.893137768465165,50.23684210526316,12,0.4714510214772132,0.09429020429544263,0.0,0.0,0.0,0.0,0.21052631578947367,0.42430591932949185,74.0,4.0,1438.0,96.0,2.0,0.0,5.0,0.0,9.0,1.0,3.0,0.0,4.631432545201669,3.75,0.0,0.0,0.0,0.0,False,False,False,True,1.0
2022/23,209289,60,56,18,161,0,2,0,5,0,0,0,0,0,0,0,60,53.8,74.4,41.0,16.7,0,0,0,0,0,0.25,0.55,0.8,2.71,262,262,Smith Rowe,Fulham,MID,5.5,6.0,5.6,-0.40000000000000036,3.2142857142857144,10.062111801242235,4.2368421052631575,2,0.0,1.1180124223602483,0.13975155279503104,0.30745341614906835,0.4472049689440994,0.0,0.0,0.0,125.0,74.0,1909.0,1438.0,10.0,2.0,2.0,5.0,8.0,9.0,9.0,3.0,5.893137768465165,4.631432545201669,0.0,0.0,0.0,0.0,False,False,False,True,2.0
2023/24,209289,55,53,25,343,0,2,3,3,0,0,0,0,0,0,0,73,62.4,72.2,128.0,25.6,0,0,0,0,3,1.86,0.4,2.26,2.1,262,262,Smith Rowe,Fulham,MID,5.5,5.5,5.3,-0.20000000000000018,4.716981132075472,6.559766763848397,9.026315789473685,2,0.0,0.5247813411078718,0.48804664723032076,0.10495626822157436,0.593002915451895,0.0,0.07894736842105263,0.0,18.0,125.0,161.0,1909.0,0.0,10.0,2.0,2.0,0.0,8.0,0.0,9.0,10.062111801242235,5.893137768465165,0.13975155279503104,0.0,0.30745341614906835,0.0,False,False,False,True,3.0
2024/25,209289,55,50,114,2036,6,3,7,28,0,0,0,3,0,0,15,449,433.8,422.3,386.0,124.4,0,0,0,135,25,4.45,2.04,6.49,25.35,262,262,Smith Rowe,Fulham,MID,5.5,5.5,5.0,-0.5,22.8,5.039292730844793,53.578947368421055,9,0.26522593320235754,0.13261296660117877,0.1967092337917485,0.09017681728880157,0.2868860510805501,0.0,0.18421052631578946,0.6630648330058939,25.0,18.0,343.0,161.0,0.0,0.0,2.0,2.0,3.0,0.0,0.0,0.0,6.559766763848397,10.062111801242235,0.48804664723032076,0.13975155279503104,0.10495626822157436,0.30745341614906835,False,False,False,True,4.0
2025/26,209289,60,56,80,1909,3,1,6,27,0,0,0,1,0,0,1,351,291.6,330.0,404.0,102.6,42,71,35,148,22,4.71,1.12,5.83,31.27,262,262,Smith Rowe,Fulham,MID,5.5,6.0,5.6,-0.40000000000000036,14.285714285714286,3.7716081718177055,50.23684210526316,4,0.14143530644316396,0.047145102147721316,0.2220534311157674,0.05280251440544788,0.2748559455212153,0.0,0.15789473684210525,0.047145102147721316,114.0,25.0,2036.0,343.0,6.0,0.0,3.0,2.0,7.0,3.0,15.0,0.0,5.039292730844793,6.559766763848397,0.1967092337917485,0.48804664723032076,0.09017681728880157,0.10495626822157436,False,False,False,True,5.0
2024/25,477555,50,47,3,14,0,0,0,1,0,0,0,0,0,0,0,13,4.4,12.6,0.0,1.6,0,0,0,2,0,0.0,0.02,0.02,0.47,264,264,Bobb,Fulham,MID,5.5,5.0,4.7,-0.2999999999999998,0.6382978723404255,19.285714285714285,0.3684210526315789,0,0.0,0.0,0.0,0.12857142857142856,0.12857142857142856,0.0,0.0,0.0,30.0,,294.0,,1.0,,2.0,,1.0,,2.0,,9.183673469387756,,0.45918367346938777,,0.33673469387755106,,False,False,False,True,4.0
2025/26,477555,55,51,42,1030,0,2,4,13,0,0,0,1,0,0,0,182,140.4,315.4,205.0,66.4,12,43,21,76,11,1.47,2.1,3.57,12.71,264,264,Bobb,Fulham,MID,5.5,5.5,5.1,-0.40000000000000036,8.23529411764706,3.6699029126213594,27.105263157894736,2,0.0,0.17475728155339806,0.12844660194174756,0.18349514563106797,0.3119417475728155,0.0,0.10526315789473684,0.0,3.0,30.0,14.0,294.0,0.0,1.0,0.0,2.0,0.0,1.0,0.0,2.0,19.285714285714285,9.183673469387756,0.0,0.45918367346938777,0.12857142857142856,0.33673469387755106,False,False,False,True,5.0
2020/21,207189,50,49,31,1119,1,1,0,23,0,0,0,4,0,0,1,152,178.0,181.7,138.0,49.8,0,0,0,0,0,0.0,0.0,0.0,0.0,265,265,Berge,Fulham,MID,5.0,5.0,4.9,-0.09999999999999964,6.326530612244897,2.493297587131367,29.44736842105263,2,0.08042895442359249,0.08042895442359249,0.0,0.0,0.0,0.0,0.0,0.08042895442359249,40.0,,943.0,,1.0,,1.0,,4.0,,3.0,,3.8176033934252387,,0.0,,0.0,,False,False,False,True,
2023/24,207189,50,46,74,3002,1,2,2,70,0,0,0,8,1,0,3,430,533.6,446.3,161.0,114.3,0,0,0,0,34,2.04,1.66,3.7,66.96,265,265,Berge,Fulham,MID,5.0,5.0,4.6,-0.40000000000000036,16.086956521739133,2.2185209860093273,79.0,3,0.02998001332445037,0.05996002664890074,0.06115922718187875,0.04976682211858761,0.11092604930046636,0.0,0.05263157894736842,0.08994003997335111,31.0,40.0,1119.0,943.0,1.0,1.0,1.0,1.0,0.0,4.0,1.0,3.0,2.493297587131367,3.8176033934252387,0.0,0.0,0.0,0.0,False,False,False,True,3.0
2024/25,207189,50,50,53,2221,0,0,4,35,0,0,0,6,0,0,2,334,314.4,285.7,51.0,65.1,0,0,0,242,26,0.45,0.63,1.08,30.81,265,265,Berge,Fulham,MID,5.0,5.0,5.0,0.0,10.6,2.1476812246735704,58.44736842105263,0,0.0,0.0,0.018235029266096353,0.025529040972534896,0.04376407023863125,0.0,0.10526315789473684,0.08104457451598379,74.0,31.0,3002.0,1119.0,1.0,1.0,2.0,1.0,2.0,0.0,3.0,1.0,2.2185209860093273,2.493297587131367,0.06115922718187875,0.0,0.04976682211858761,0.0,False,False,False,True,4.0
2025/26,207189,50,49,91,2904,0,3,8,45,1,0,0,5,0,0,3,503,437.8,365.1,105.0,91.0,91,132,57,280,34,1.54,1.5,3.04,43.09,265,265,Berge,Fulham,MID,5.0,5.0,4.9,-0.09999999999999964,18.57142857142857,2.8202479338842976,76.42105263157895,3,0.0,0.09297520661157026,0.04772727272727273,0.04648760330578513,0.09421487603305785,0.0,0.21052631578947367,0.09297520661157026,53.0,74.0,2221.0,3002.0,0.0,1.0,0.0,2.0,4.0,2.0,2.0,3.0,2.1476812246735704,2.2185209860093273,0.018235029266096353,0.06115922718187875,0.025529040972534896,0.04976682211858761,False,False,False,True,5.0
2018/19,76357,50,46,71,2188,1,1,5,51,0,0,0,0,0,0,3,389,358.0,586.7,199.0,114.5,0,0,0,0,0,0.0,0.0,0.0,0.0,266,266,Cairney,Fulham,MID,5.0,5.0,4.6,-0.40000000000000036,15.434782608695654,2.920475319926874,57.578947368421055,2,0.04113345521023766,0.04113345521023766,0.0,0.0,0.0,0.0,0.13157894736842105,0.12340036563071298,31.0,,898.0,,1.0,,0.0,,0.0,,4.0,,3.106904231625835,,0.0,,0.0,,False,False,False,True,
2020/21,76357,55,52,27,758,1,1,1,15,0,0,0,2,0,0,2,160,170.6,278.3,124.0,57.3,0,0,0,0,0,0.0,0.0,0.0,0.0,266,266,Cairney,Fulham,MID,5.0,5.5,5.2,-0.2999999999999998,5.1923076923076925,3.2058047493403694,19.94736842105263,2,0.11873350923482849,0.11873350923482849,0.0,0.0,0.0,0.0,0.02631578947368421,0.23746701846965698,71.0,31.0,2188.0,898.0,1.0,1.0,1.0,0.0,5.0,0.0,3.0,4.0,2.920475319926874,3.106904231625835,0.0,0.0,0.0,0.0,False,False,False,True,
2022/23,76357,50,47,53,968,2,1,1,13,0,0,0,2,0,0,2,217,190.4,232.1,217.0,64.2,0,0,0,0,6,1.44,1.51,2.95,19.69,266,266,Cairney,Fulham,MID,5.0,5.0,4.7,-0.2999999999999998,11.27659574468085,4.927685950413223,25.473684210526315,3,0.1859504132231405,0.09297520661157024,0.13388429752066114,0.14039256198347105,0.2742768595041322,0.0,0.02631578947368421,0.1859504132231405,27.0,71.0,758.0,2188.0,1.0,1.0,1.0,1.0,1.0,5.0,2.0,3.0,3.2058047493403694,2.920475319926874,0.0,0.0,0.0,0.0,False,False,False,True,2.0
2023/24,76357,50,49,70,1472,1,6,4,27,1,0,0,3,0,0,2,346,335.2,407.2,170.0,90.9,0,0,0,0,14,1.03,2.58,3.61,29.53,266,266,Cairney,Fulham,MID,5.0,5.0,4.9,-0.09999999999999964,14.285714285714285,4.279891304347826,38.73684210526316,7,0.061141304347826095,0.36684782608695654,0.06297554347826087,0.15774456521739133,0.22072010869565217,0.0,0.10526315789473684,0.12228260869565219,53.0,27.0,968.0,758.0,2.0,1.0,1.0,1.0,1.0,1.0,2.0,2.0,4.927685950413223,3.2058047493403694,0.13388429752066114,0.0,0.14039256198347105,0.0,False,False,False,True,3.0
2024/25,76357,50,48,33,610,2,0,1,12,0,0,0,3,1,0,0,192,163.8,213.8,94.0,47.2,0,0,0,73,3,0.73,1.14,1.87,9.59,266,266,Cairney,Fulham,MID,5.0,5.0,4.8,-0.20000000000000018,6.875,4.868852459016393,16.05263157894737,2,0.29508196721311475,0.0,0.10770491803278688,0.1681967213114754,0.2759016393442623,0.0,0.02631578947368421,0.0,70.0,53.0,1472.0,968.0,1.0,2.0,6.0,1.0,4.0,1.0,2.0,2.0,4.279891304347826,4.927685950413223,0.06297554347826087,0.13388429752066114,0.15774456521739133,0.14039256198347105,False,False,False,True,4.0
2025/26,76357,50,48,41,756,2,0,2,10,0,0,0,3,0,0,1,181,153.4,195.6,64.0,41.4,12,42,7,61,6,1.21,0.81,2.02,11.67,266,266,Cairney,Fulham,MID,5.0,5.0,4.8,-0.20000000000000018,8.541666666666668,4.8809523809523805,19.894736842105264,2,0.23809523809523808,0.0,0.14404761904761904,0.09642857142857143,0.24047619047619045,0.0,0.05263157894736842,0.11904761904761904,33.0,70.0,610.0,1472.0,2.0,1.0,0.0,6.0,1.0,4.0,0.0,2.0,4.868852459016393,4.279891304347826,0.10770491803278688,0.06297554347826087,0.1681967213114754,0.15774456521739133,False,False,False,True,5.0
2023/24,212314,45,43,43,1113,1,0,5,20,0,0,0,3,0,0,0,157,192.4,155.6,115.0,46.2,0,0,0,0,13,1.49,0.46,1.95,22.86,267,267,Lukić,Fulham,MID,5.0,4.5,4.3,-0.20000000000000018,10.0,3.477088948787062,29.289473684210527,1,0.08086253369272237,0.0,0.12048517520215633,0.03719676549865229,0.15768194070080863,0.0,0.13157894736842105,0.0,15.0,,406.0,,0.0,,0.0,,0.0,,0.0,,3.3251231527093594,,0.028817733990147785,,0.035467980295566505,,False,False,False,True,3.0
2024/25,212314,50,48,56,2348,0,2,4,37,0,0,0,12,0,0,1,354,335.6,455.1,119.0,91.0,0,0,0,244,28,1.16,1.4,2.56,33.02,267,267,Lukić,Fulham,MID,5.0,5.0,4.8,-0.20000000000000018,11.666666666666668,2.1465076660988074,61.78947368421053,2,0.0,0.07666098807495741,0.0444633730834753,0.05366269165247019,0.09812606473594548,0.0,0.10526315789473684,0.03833049403747871,43.0,15.0,1113.0,406.0,1.0,0.0,0.0,0.0,5.0,0.0,0.0,0.0,3.477088948787062,3.3251231527093594,0.12048517520215633,0.028817733990147785,0.03719676549865229,0.035467980295566505,False,False,False,True,4.0
2025/26,212314,50,49,67,1730,1,4,6,22,0,0,0,9,0,0,4,314,317.6,441.6,176.0,93.4,63,71,49,183,20,2.23,1.91,4.14,27.64,267,267,Lukić,Fulham,MID,5.0,5.0,4.9,-0.09999999999999964,13.673469387755102,3.485549132947977,45.526315789473685,5,0.05202312138728324,0.20809248554913296,0.11601156069364162,0.09936416184971099,0.2153757225433526,0.0,0.15789473684210525,0.20809248554913296,56.0,43.0,2348.0,1113.0,0.0,1.0,2.0,0.0,4.0,5.0,1.0,0.0,2.1465076660988074,3.477088948787062,0.0444633730834753,0.12048517520215633,0.05366269165247019,0.03719676549865229,False,False,False,True,5.0
2024/25,577725,45,44,10,126,0,0,1,0,0,0,0,0,0,0,0,30,26.2,45.7,38.0,11.2,0,0,0,14,1,0.28,0.67,0.95,0.74,268,268,King,Fulham,MID,5.5,4.5,4.4,-0.09999999999999964,2.2727272727272725,7.142857142857143,3.3157894736842106,0,0.0,0.0,0.20000000000000004,0.47857142857142865,0.6785714285714286,0.0,0.02631578947368421,0.0,0.0,,0.0,,0.0,,0.0,,0.0,,0.0,,0.0,,0.0,,0.0,,False,False,False,True,4.0
2025/26,577725,45,44,63,1290,1,3,5,18,0,0,0,4,0,0,3,225,207.4,198.7,336.0,73.3,22,59,26,107,15,2.47,0.66,3.13,18.97,268,268,King,Fulham,MID,5.5,4.5,4.4,-0.09999999999999964,14.318181818181817,4.395348837209302,33.94736842105263,4,0.06976744186046512,0.20930232558139533,0.17232558139534884,0.046046511627906975,0.2183720930232558,0.0,0.13157894736842105,0.20930232558139533,10.0,0.0,126.0,0.0,0.0,0.0,0.0,0.0,1.0,0.0,0.0,0.0,7.142857142857143,0.0,0.20000000000000004,0.0,0.47857142857142865,0.0,False,False,False,True,5.0
2019/20,184349,55,54,9,341,0,0,0,5,0,0,0,0,0,0,0,41,45.4,39.9,34.0,11.9,0,0,0,0,0,0.0,0.0,0.0,0.0,269,269,Sessegnon,Fulham,DEF,4.5,5.5,5.4,-0.09999999999999964,1.6666666666666665,2.375366568914956,8.973684210526315,0,0.0,0.0,0.0,0.0,0.0,0.0,0.0,0.0,94.0,,2291.0,,2.0,,7.0,,3.0,,3.0,,3.6927106067219553,,0.0,,0.0,,True,False,False,False,
2020/21,184349,50,47,0,0,0,0,0,0,0,0,0,0,0,0,0,0,0.0,0.0,0.0,0.0,0,0,0,0,0,0.0,0.0,0.0,0.0,269,269,Sessegnon,Fulham,DEF,4.5,5.0,4.7,-0.2999999999999998,0.0,0.0,0.0,0,0.0,0.0,0.0,0.0,0.0,0.0,0.0,0.0,9.0,94.0,341.0,2291.0,0.0,2.0,0.0,7.0,0.0,3.0,0.0,3.0,2.375366568914956,3.6927106067219553,0.0,0.0,0.0,0.0,True,False,False,False,
2021/22,184349,45,44,56,1046,0,3,6,11,0,0,0,2,0,0,3,231,171.0,204.9,137.0,51.3,0,0,0,0,0,0.0,0.0,0.0,0.0,269,269,Sessegnon,Fulham,DEF,4.5,4.5,4.4,-0.09999999999999964,12.727272727272727,4.818355640535373,27.526315789473685,3,0.0,0.25812619502868067,0.0,0.0,0.0,0.0,0.15789473684210525,0.25812619502868067,0.0,9.0,0.0,341.0,0.0,0.0,0.0,0.0,0.0,0.0,0.0,0.0,0.0,2.375366568914956,0.0,0.0,0.0,0.0,True,False,False,False,1.0
2022/23,184349,45,44,35,805,2,1,1,15,0,0,0,4,0,0,0,121,148.6,103.0,290.0,54.3,0,0,0,0,9,1.64,1.1,2.74,10.48,269,269,Sessegnon,Fulham,DEF,4.5,4.5,4.4,-0.09999999999999964,7.954545454545454,3.9130434782608696,21.18421052631579,3,0.2236024844720497,0.11180124223602485,0.18335403726708074,0.12298136645962733,0.3063354037267081,0.0,0.02631578947368421,0.0,56.0,0.0,1046.0,0.0,0.0,0.0,3.0,0.0,6.0,0.0,3.0,0.0,4.818355640535373,0.0,0.0,0.0,0.0,0.0,True,False,False,False,2.0
2023/24,184349,45,44,0,0,0,0,0,0,0,0,0,0,0,0,0,0,0.0,0.0,0.0,0.0,0,0,0,0,0,0.0,0.0,0.0,0.0,269,269,Sessegnon,Fulham,DEF,4.5,4.5,4.4,-0.09999999999999964,0.0,0.0,0.0,0,0.0,0.0,0.0,0.0,0.0,0.0,0.0,0.0,35.0,56.0,805.0,1046.0,2.0,0.0,1.0,3.0,1.0,6.0,0.0,3.0,3.9130434782608696,4.818355640535373,0.18335403726708074,0.0,0.12298136645962733,0.0,True,False,False,False,3.0
2024/25,184349,45,42,57,574,4,2,1,10,0,0,0,1,0,0,5,137,284.0,158.8,227.0,67.1,0,0,0,74,7,1.64,1.12,2.76,8.2,269,269,Sessegnon,Fulham,DEF,4.5,4.5,4.2,-0.2999999999999998,13.571428571428571,8.937282229965156,15.105263157894736,6,0.627177700348432,0.313588850174216,0.2571428571428571,0.175609756097561,0.4327526132404181,0.0,0.02631578947368421,0.7839721254355401,0.0,35.0,0.0,805.0,0.0,2.0,0.0,1.0,0.0,1.0,0.0,0.0,0.0,3.9130434782608696,0.0,0.18335403726708074,0.0,0.12298136645962733,True,False,False,False,4.0
2025/26,184349,55,54,95,1816,3,3,6,29,0,0,0,0,0,0,8,332,413.8,225.0,229.0,86.7,96,74,48,218,20,1.6,1.8,3.4,26.33,269,269,Sessegnon,Fulham,DEF,4.5,5.5,5.4,-0.09999999999999964,17.59259259259259,4.708149779735683,47.78947368421053,6,0.14867841409691632,0.14867841409691632,0.07929515418502203,0.08920704845814978,0.1685022026431718,0.0,0.15789473684210525,0.39647577092511016,57.0,0.0,574.0,0.0,4.0,0.0,2.0,0.0,1.0,0.0,5.0,0.0,8.937282229965156,0.0,0.2571428571428571,0.0,0.175609756097561,0.0,True,False,False,False,5.0
2014/15,153366,45,43,17,460,0,0,3,3,0,0,0,0,0,0,0,89,0.0,0.0,0.0,0.0,0,0,0,0,0,0.0,0.0,0.0,0.0,270,270,Reed,Fulham,MID,4.5,4.5,4.3,-0.20000000000000018,3.9534883720930236,3.3260869565217392,12.105263157894736,0,0.0,0.0,0.0,0.0,0.0,0.0,0.07894736842105263,0.0,4.0,,12.0,,0.0,,0.0,,0.0,,0.0,,30.0,,0.0,,0.0,,False,False,False,True,
2015/16,153366,45,42,1,11,0,0,0,0,0,0,0,0,0,0,0,2,0.0,0.0,0.0,0.0,0,0,0,0,0,0.0,0.0,0.0,0.0,270,270,Reed,Fulham,MID,4.5,4.5,4.2,-0.2999999999999998,0.23809523809523808,8.181818181818182,0.2894736842105263,0,0.0,0.0,0.0,0.0,0.0,0.0,0.0,0.0,17.0,4.0,460.0,12.0,0.0,0.0,0.0,0.0,3.0,0.0,0.0,0.0,3.3260869565217392,30.0,0.0,0.0,0.0,0.0,False,False,False,True,
2016/17,153366,45,43,3,64,0,0,0,1,0,0,0,0,0,0,0,16,11.0,1.4,0.0,1.3,0,0,0,0,0,0.0,0.0,0.0,0.0,270,270,Reed,Fulham,MID,4.5,4.5,4.3,-0.20000000000000018,0.6976744186046512,4.21875,1.6842105263157894,0,0.0,0.0,0.0,0.0,0.0,0.0,0.0,0.0,1.0,17.0,11.0,460.0,0.0,0.0,0.0,0.0,0.0,3.0,0.0,0.0,8.181818181818182,3.3260869565217392,0.0,0.0,0.0,0.0,False,False,False,True,
2020/21,153366,45,44,69,2243,0,3,9,35,0,0,0,5,0,0,0,391,421.2,330.4,82.0,83.5,0,0,0,0,0,0.0,0.0,0.0,0.0,270,270,Reed,Fulham,MID,4.5,4.5,4.4,-0.09999999999999964,15.68181818181818,2.768613464110566,59.026315789473685,3,0.0,0.12037449843958985,0.0,0.0,0.0,0.0,0.23684210526315788,0.0,3.0,1.0,64.0,11.0,0.0,0.0,0.0,0.0,0.0,0.0,0.0,0.0,4.21875,8.181818181818182,0.0,0.0,0.0,0.0,False,False,False,True,
2022/23,153366,45,43,107,2868,3,4,9,44,1,0,0,5,0,0,9,409,484.4,507.3,266.0,125.8,0,0,0,0,35,1.95,2.04,3.99,53.81,270,270,Reed,Fulham,MID,4.5,4.5,4.3,-0.20000000000000018,24.88372093023256,3.3577405857740583,75.47368421052632,7,0.09414225941422594,0.12552301255230125,0.06119246861924686,0.06401673640167364,0.1252092050209205,0.0,0.23684210526315788,0.2824267782426778,69.0,3.0,2243.0,64.0,0.0,0.0,3.0,0.0,9.0,0.0,0.0,0.0,2.768613464110566,4.21875,0.0,0.0,0.0,0.0,False,False,False,True,2.0
2023/24,153366,50,43,47,1317,0,2,6,23,0,0,0,6,0,0,0,205,213.8,212.6,45.0,47.2,0,0,0,0,15,0.29,1.49,1.78,25.65,270,270,Reed,Fulham,MID,4.5,5.0,4.3,-0.7000000000000002,10.930232558139535,3.211845102505695,34.6578947368421,2,0.0,0.1366742596810934,0.01981776765375854,0.10182232346241459,0.12164009111617313,0.0,0.15789473684210525,0.0,107.0,69.0,2868.0,2243.0,3.0,0.0,4.0,3.0,9.0,9.0,9.0,0.0,3.3577405857740583,2.768613464110566,0.06119246861924686,0.0,0.06401673640167364,0.0,False,False,False,True,3.0
2024/25,153366,50,47,10,100,0,0,0,3,0,0,0,2,0,0,0,36,18.6,20.6,33.0,7.1,0,0,0,19,0,0.23,0.09,0.32,4.62,270,270,Reed,Fulham,MID,4.5,5.0,4.7,-0.2999999999999998,2.127659574468085,9.0,2.6315789473684212,0,0.0,0.0,0.207,0.08099999999999999,0.288,0.0,0.0,0.0,47.0,107.0,1317.0,2868.0,0.0,3.0,2.0,4.0,6.0,9.0,0.0,9.0,3.211845102505695,3.3577405857740583,0.01981776765375854,0.06119246861924686,0.10182232346241459,0.06401673640167364,False,False,False,True,4.0
2025/26,153366,45,43,15,89,1,0,0,4,0,0,0,0,0,0,2,48,42.0,44.4,11.0,9.7,1,5,0,6,1,0.13,0.45,0.58,3.43,270,270,Reed,Fulham,MID,4.5,4.5,4.3,-0.20000000000000018,3.488372093023256,15.168539325842696,2.3421052631578947,1,1.0112359550561798,0.0,0.13146067415730336,0.4550561797752809,0.5865168539325842,0.0,0.0,2.0224719101123596,10.0,47.0,100.0,1317.0,0.0,0.0,0.0,2.0,0.0,6.0,0.0,0.0,9.0,3.211845102505695,0.207,0.01981776765375854,0.08099999999999999,0.10182232346241459,False,False,False,True,5.0
2023/24,244042,45,43,97,1589,9,2,6,27,0,0,0,1,0,0,12,299,409.0,213.1,875.0,148.2,0,0,0,0,18,8.76,0.94,9.7,26.67,271,271,Muniz,Fulham,FWD,5.5,4.5,4.3,-0.20000000000000018,22.558139534883722,5.494021397105097,41.81578947368421,11,0.5097545626179988,0.11327879169288861,0.4961611076148521,0.05324103209565764,0.5494021397105098,0.0,0.15789473684210525,0.6796727501573316,0.0,,0.0,,0.0,,0.0,,0.0,,0.0,,0.0,,0.0,,0.0,,False,True,False,False,3.0
2024/25,244042,60,55,86,943,8,1,2,17,0,0,0,1,0,0,14,349,352.4,95.3,508.0,95.4,0,0,0,45,8,5.91,0.2,6.11,15.28,271,271,Muniz,Fulham,FWD,5.5,6.0,5.5,-0.5,15.636363636363637,8.207847295864262,24.81578947368421,9,0.7635206786850477,0.09544008483563096,0.564050901378579,0.019088016967126194,0.5831389183457052,0.0,0.05263157894736842,1.3361611876988335,97.0,0.0,1589.0,0.0,9.0,0.0,2.0,0.0,6.0,0.0,12.0,0.0,5.494021397105097,0.0,0.4961611076148521,0.0,0.05324103209565764,0.0,False,True,False,False,4.0
2025/26,244042,55,53,36,987,1,1,3,13,1,0,0,2,0,0,3,94,113.2,93.2,287.0,47.3,29,15,8,52,10,3.3,0.15,3.45,13.83,271,271,Muniz,Fulham,FWD,5.5,5.5,5.3,-0.20000000000000018,6.7924528301886795,3.282674772036474,25.973684210526315,2,0.0911854103343465,0.0911854103343465,0.3009118541033434,0.013677811550151976,0.31458966565349544,0.0,0.07894736842105263,0.2735562310030395,86.0,97.0,943.0,1589.0,8.0,9.0,1.0,2.0,2.0,6.0,14.0,12.0,8.207847295864262,5.494021397105097,0.564050901378579,0.4961611076148521,0.019088016967126194,0.05324103209565764,False,True,False,False,5.0
2014/15,105666,45,45,15,270,0,0,2,2,0,0,0,0,0,11,0,63,0.0,0.0,0.0,0.0,0,0,0,0,0,0.0,0.0,0.0,0.0,274,274,Butland,Hull City,GKP,4.5,4.5,4.5,0.0,3.3333333333333335,5.0,7.105263157894737,0,0.0,0.0,0.0,0.0,0.0,3.6666666666666665,0.05263157894736842,0.0,5.0,,225.0,,0.0,,0.0,,0.0,,0.0,,2.0,,0.0,,0.0,,False,False,True,False,
2015/16,105666,45,51,132,2790,0,1,10,37,0,0,0,0,0,102,14,620,0.0,0.0,0.0,0.0,0,0,0,0,0,0.0,0.0,0.0,0.0,274,274,Butland,Hull City,GKP,4.5,4.5,5.1,0.5999999999999996,25.88235294117647,4.258064516129032,73.42105263157895,1,0.0,0.03225806451612903,0.0,0.0,0.0,3.2903225806451615,0.2631578947368421,0.45161290322580644,15.0,5.0,270.0,225.0,0.0,0.0,0.0,0.0,2.0,0.0,0.0,0.0,5.0,2.0,0.0,0.0,0.0,0.0,False,False,True,False,
2016/17,105666,50,45,20,450,0,0,2,8,0,0,0,0,0,17,2,104,121.8,0.0,0.0,12.2,0,0,0,0,0,0.0,0.0,0.0,0.0,274,274,Butland,Hull City,GKP,4.5,5.0,4.5,-0.5,4.444444444444445,4.0,11.842105263157896,0,0.0,0.0,0.0,0.0,0.0,3.4,0.05263157894736842,0.4,132.0,15.0,2790.0,270.0,0.0,0.0,1.0,0.0,10.0,2.0,14.0,0.0,4.258064516129032,5.0,0.0,0.0,0.0,0.0,False,False,True,False,
2017/18,105666,50,50,125,3150,0,0,6,61,1,0,0,0,0,145,16,687,1013.4,10.0,0.0,102.5,0,0,0,0,0,0.0,0.0,0.0,0.0,274,274,Butland,Hull City,GKP,4.5,5.0,5.0,0.0,25.0,3.5714285714285716,82.89473684210526,0,0.0,0.0,0.0,0.0,0.0,4.142857142857143,0.15789473684210525,0.45714285714285713,20.0,132.0,450.0,2790.0,0.0,0.0,0.0,1.0,2.0,10.0,2.0,14.0,4.0,4.258064516129032,0.0,0.0,0.0,0.0,False,False,True,False,
2020/21,105666,45,45,2,90,0,0,0,2,0,0,0,0,0,3,0,14,16.6,0.0,0.0,1.7,0,0,0,0,0,0.0,0.0,0.0,0.0,274,274,Butland,Hull City,GKP,4.5,4.5,4.5,0.0,0.4444444444444444,2.0,2.3684210526315788,0,0.0,0.0,0.0,0.0,0.0,3.0,0.0,0.0,125.0,20.0,3150.0,450.0,0.0,0.0,0.0,0.0,6.0,2.0,16.0,2.0,3.5714285714285716,4.0,0.0,0.0,0.0,0.0,False,False,True,False,
2021/22,105666,45,44,30,765,0,0,1,13,0,1,0,0,0,17,3,132,155.0,0.0,0.0,15.7,0,0,0,0,0,0.0,0.0,0.0,0.0,274,274,Butland,Hull City,GKP,4.5,4.5,4.4,-0.09999999999999964,6.8181818181818175,3.5294117647058822,20.13157894736842,0,0.0,0.0,0.0,0.0,0.0,2.0,0.02631578947368421,0.35294117647058826,2.0,125.0,90.0,3150.0,0.0,0.0,0.0,0.0,0.0,6.0,0.0,16.0,2.0,3.5714285714285716,0.0,0.0,0.0,0.0,False,False,True,False,1.0
2022/23,105666,45,44,0,0,0,0,0,0,0,0,0,0,0,0,0,0,0.0,0.0,0.0,0.0,0,0,0,0,0,0.0,0.0,0.0,0.0,274,274,Butland,Hull City,GKP,4.5,4.5,4.4,-0.09999999999999964,0.0,0.0,0.0,0,0.0,0.0,0.0,0.0,0.0,0.0,0.0,0.0,30.0,2.0,765.0,90.0,0.0,0.0,0.0,0.0,1.0,0.0,3.0,0.0,3.5294117647058822,2.0,0.0,0.0,0.0,0.0,False,False,True,False,2.0
2019/20,108416,45,47,133,3187,2,1,13,33,0,0,0,3,1,0,9,592,641.4,25.4,587.0,125.4,0,0,0,0,0,0.0,0.0,0.0,0.0,277,277,Egan,Hull City,DEF,4.0,4.5,4.7,0.20000000000000018,28.29787234042553,3.7558832758079697,83.86842105263158,3,0.05647944775651082,0.02823972387825541,0.0,0.0,0.0,0.0,0.34210526315789475,0.2541575149042987,0.0,,0.0,,0.0,,0.0,,0.0,,0.0,,0.0,,0.0,,0.0,,True,False,False,False,
2020/21,108416,50,47,57,2628,0,1,4,48,0,0,0,7,1,0,4,410,544.6,50.9,150.0,74.5,0,0,0,0,0,0.0,0.0,0.0,0.0,277,277,Egan,Hull City,DEF,4.0,5.0,4.7,-0.2999999999999998,12.127659574468085,1.952054794520548,69.15789473684211,1,0.0,0.03424657534246575,0.0,0.0,0.0,0.0,0.10526315789473684,0.136986301369863,133.0,0.0,3187.0,0.0,2.0,0.0,1.0,0.0,13.0,0.0,9.0,0.0,3.7558832758079697,0.0,0.0,0.0,0.0,0.0,True,False,False,False,
2023/24,108416,45,42,1,482,0,0,0,17,0,0,0,2,0,0,0,54,91.2,1.4,38.0,13.1,0,0,0,0,6,0.17,0.0,0.17,14.85,277,277,Egan,Hull City,DEF,4.0,4.5,4.2,-0.2999999999999998,0.23809523809523808,0.18672199170124482,12.68421052631579,0,0.0,0.0,0.03174273858921162,0.0,0.03174273858921162,0.0,0.0,0.0,57.0,133.0,2628.0,3187.0,0.0,2.0,1.0,1.0,4.0,13.0,4.0,9.0,1.952054794520548,3.7558832758079697,0.0,0.0,0.0,0.0,True,False,False,False,3.0
2020/21,146426,50,48,51,2779,2,1,1,71,0,0,0,3,1,0,2,342,574.8,88.3,202.0,86.4,0,0,0,0,0,0.0,0.0,0.0,0.0,279,279,Ajayi,Hull City,DEF,4.0,5.0,4.8,-0.20000000000000018,10.625,1.651673263763944,73.13157894736842,3,0.06477150053976251,0.032385750269881254,0.0,0.0,0.0,0.0,0.02631578947368421,0.06477150053976251,0.0,,0.0,,0.0,,0.0,,0.0,,0.0,,0.0,,0.0,,0.0,,True,False,False,False,
2021/22,433590,40,39,0,126,0,0,0,6,0,0,0,1,0,0,0,14,20.0,16.5,4.0,4.0,0,0,0,0,0,0.0,0.0,0.0,0.0,281,281,Drameh,Hull City,DEF,4.0,4.0,3.9,-0.10000000000000009,0.0,0.0,3.3157894736842106,0,0.0,0.0,0.0,0.0,0.0,0.0,0.0,0.0,0.0,,0.0,,0.0,,0.0,,0.0,,0.0,,0.0,,0.0,,0.0,,True,False,False,False,1.0
2022/23,433590,40,40,1,70,0,0,0,3,0,0,0,0,0,0,0,16,12.8,2.7,0.0,1.6,0,0,0,0,1,0.0,0.01,0.01,1.4,281,281,Drameh,Hull City,DEF,4.0,4.0,4.0,0.0,0.25,1.2857142857142856,1.8421052631578947,0,0.0,0.0,0.0,0.012857142857142857,0.012857142857142857,0.0,0.0,0.0,0.0,0.0,126.0,0.0,0.0,0.0,0.0,0.0,0.0,0.0,0.0,0.0,0.0,0.0,0.0,0.0,0.0,0.0,True,False,False,False,2.0
2019/20,232351,40,39,0,0,0,0,0,0,0,0,0,0,0,0,0,0,0.0,0.0,0.0,0.0,0,0,0,0,0,0.0,0.0,0.0,0.0,282,282,Giles,Hull City,DEF,4.0,4.0,3.9,-0.10000000000000009,0.0,0.0,0.0,0,0.0,0.0,0.0,0.0,0.0,0.0,0.0,0.0,0.0,,0.0,,0.0,,0.0,,0.0,,0.0,,0.0,,0.0,,0.0,,True,False,False,False,
2021/22,232351,45,45,0,0,0,0,0,0,0,0,0,0,0,0,0,0,0.0,0.0,0.0,0.0,0,0,0,0,0,0.0,0.0,0.0,0.0,282,282,Giles,Hull City,DEF,4.0,4.5,4.5,0.0,0.0,0.0,0.0,0,0.0,0.0,0.0,0.0,0.0,0.0,0.0,0.0,0.0,0.0,0.0,0.0,0.0,0.0,0.0,0.0,0.0,0.0,0.0,0.0,0.0,0.0,0.0,0.0,0.0,0.0,True,False,False,False,1.0
2023/24,232351,45,42,11,498,0,0,0,14,0,0,0,0,0,0,0,81,83.2,108.7,38.0,23.1,0,0,0,0,5,0.12,0.56,0.68,14.04,282,282,Giles,Hull City,DEF,4.0,4.5,4.2,-0.2999999999999998,2.619047619047619,1.9879518072289157,13.105263157894736,0,0.0,0.0,0.021686746987951807,0.10120481927710845,0.12289156626506026,0.0,0.0,0.0,0.0,0.0,0.0,0.0,0.0,0.0,0.0,0.0,0.0,0.0,0.0,0.0,0.0,0.0,0.0,0.0,0.0,0.0,True,False,False,False,3.0
2015/16,160817,50,45,9,315,0,0,0,6,0,0,0,0,0,0,0,56,0.0,0.0,0.0,0.0,0,0,0,0,0,0.0,0.0,0.0,0.0,285,285,McNair,Hull City,DEF,4.0,5.0,4.5,-0.5,2.0,2.5714285714285716,8.289473684210526,0,0.0,0.0,0.0,0.0,0.0,0.0,0.0,0.0,34.0,,1028.0,,0.0,,0.0,,2.0,,3.0,,2.9766536964980546,,0.0,,0.0,,True,False,False,False,
2016/17,160817,45,42,12,353,0,0,1,9,1,0,0,0,0,0,0,58,30.6,51.1,28.0,10.7,0,0,0,0,0,0.0,0.0,0.0,0.0,285,285,McNair,Hull City,DEF,4.0,4.5,4.2,-0.2999999999999998,2.857142857142857,3.059490084985836,9.289473684210526,0,0.0,0.0,0.0,0.0,0.0,0.0,0.02631578947368421,0.0,9.0,34.0,315.0,1028.0,0.0,0.0,0.0,0.0,0.0,2.0,0.0,3.0,2.5714285714285716,2.9766536964980546,0.0,0.0,0.0,0.0,True,False,False,False,
2018/19,171270,45,45,0,0,0,0,0,0,0,0,0,0,0,0,0,0,0.0,0.0,0.0,0.0,0,0,0,0,0,0.0,0.0,0.0,0.0,288,288,Dowell,Hull City,MID,4.5,4.5,4.5,0.0,0.0,0.0,0.0,0,0.0,0.0,0.0,0.0,0.0,0.0,0.0,0.0,4.0,,72.0,,0.0,,0.0,,1.0,,0.0,,5.0,,0.0,,0.0,,False,False,False,True,
2021/22,171270,55,51,41,905,1,1,2,24,0,0,0,0,0,0,1,122,133.8,246.2,80.0,45.7,0,0,0,0,0,0.0,0.0,0.0,0.0,288,288,Dowell,Hull City,MID,4.5,5.5,5.1,-0.40000000000000036,8.03921568627451,4.077348066298343,23.81578947368421,2,0.09944751381215469,0.09944751381215469,0.0,0.0,0.0,0.0,0.05263157894736842,0.09944751381215469,0.0,4.0,0.0,72.0,0.0,0.0,0.0,0.0,0.0,1.0,0.0,0.0,0.0,5.0,0.0,0.0,0.0,0.0,False,False,False,True,1.0
2017/18,169432,45,46,16,267,0,1,0,5,0,0,0,0,0,0,0,45,38.4,30.4,105.0,17.4,0,0,0,0,0,0.0,0.0,0.0,0.0,295,295,McBurnie,Hull City,FWD,5.5,4.5,4.6,0.09999999999999964,3.4782608695652177,5.393258426966292,7.026315789473684,1,0.0,0.33707865168539325,0.0,0.0,0.0,0.0,0.0,0.0,5.0,,82.0,,0.0,,0.0,,0.0,,0.0,,5.487804878048781,,0.0,,0.0,,False,True,False,False,
2019/20,169432,60,55,86,2105,6,1,9,25,0,0,0,4,0,0,6,300,424.4,186.9,830.0,143.7,0,0,0,0,0,0.0,0.0,0.0,0.0,295,295,McBurnie,Hull City,FWD,5.5,6.0,5.5,-0.5,15.636363636363637,3.676959619952494,55.39473684210526,7,0.25653206650831356,0.04275534441805225,0.0,0.0,0.0,0.0,0.23684210526315788,0.25653206650831356,16.0,5.0,267.0,82.0,0.0,0.0,1.0,0.0,0.0,0.0,0.0,0.0,5.393258426966292,5.487804878048781,0.0,0.0,0.0,0.0,False,True,False,False,
2020/21,169432,60,56,44,1316,1,2,0,27,0,0,0,2,0,0,2,101,182.6,207.8,444.0,83.1,0,0,0,0,0,0.0,0.0,0.0,0.0,295,295,McBurnie,Hull City,FWD,5.5,6.0,5.6,-0.40000000000000036,7.857142857142858,3.009118541033435,34.63157894736842,3,0.06838905775075987,0.13677811550151975,0.0,0.0,0.0,0.0,0.0,0.13677811550151975,86.0,16.0,2105.0,267.0,6.0,0.0,1.0,1.0,9.0,0.0,6.0,0.0,3.676959619952494,5.393258426966292,0.0,0.0,0.0,0.0,False,True,False,False,
2023/24,169432,55,54,66,1279,6,3,1,43,0,0,0,3,2,0,9,225,377.4,195.9,501.0,107.5,0,0,0,0,15,6.91,1.98,8.88,27.74,295,295,McBurnie,Hull City,FWD,5.5,5.5,5.4,-0.09999999999999964,12.222222222222221,4.644253322908522,33.6578947368421,9,0.42220484753713844,0.21110242376856922,0.4862392494136044,0.13932759968725567,0.6248631743549649,0.0,0.02631578947368421,0.6333072713057076,44.0,86.0,1316.0,2105.0,1.0,6.0,2.0,1.0,0.0,9.0,2.0,6.0,3.009118541033435,3.676959619952494,0.0,0.0,0.0,0.0,False,True,False,False,3.0
2025/26,470294,45,45,0,0,0,0,0,0,0,0,0,0,0,0,0,0,0.0,0.0,0.0,0.0,0,0,0,0,0,0.0,0.0,0.0,0.0,297,297,Gyabi,Hull City,MID,4.5,4.5,4.5,0.0,0.0,0.0,0.0,0,0.0,0.0,0.0,0.0,0.0,0.0,0.0,0.0,1.0,,7.0,,0.0,,0.0,,0.0,,0.0,,12.857142857142858,,0.7714285714285714,,0.0,,False,False,False,True,5.0
2024/25,108813,45,43,16,630,0,0,1,19,0,0,0,0,0,20,2,42,163.2,10.0,0.0,17.3,0,0,0,0,7,0.0,0.0,0.0,13.88,300,300,Walton,Ipswich Town,GKP,4.5,4.5,4.3,-0.20000000000000018,3.7209302325581395,2.2857142857142856,16.57894736842105,0,0.0,0.0,0.0,0.0,0.0,2.857142857142857,0.02631578947368421,0.2857142857142857,0.0,,0.0,,0.0,,0.0,,0.0,,0.0,,0.0,,0.0,,0.0,,False,False,True,False,4.0
2015/16,112520,40,40,0,0,0,0,0,0,0,0,0,0,0,0,0,0,0.0,0.0,0.0,0.0,0,0,0,0,0,0.0,0.0,0.0,0.0,301,301,Palmer,Ipswich Town,GKP,4.0,4.0,4.0,0.0,0.0,0.0,0.0,0,0.0,0.0,0.0,0.0,0.0,0.0,0.0,0.0,0.0,,0.0,,0.0,,0.0,,0.0,,0.0,,0.0,,0.0,,0.0,,False,False,True,False,
2016/17,112520,40,40,0,0,0,0,0,0,0,0,0,0,0,0,0,0,0.0,0.0,0.0,0.0,0,0,0,0,0,0.0,0.0,0.0,0.0,301,301,Palmer,Ipswich Town,GKP,4.0,4.0,4.0,0.0,0.0,0.0,0.0,0,0.0,0.0,0.0,0.0,0.0,0.0,0.0,0.0,0.0,0.0,0.0,0.0,0.0,0.0,0.0,0.0,0.0,0.0,0.0,0.0,0.0,0.0,0.0,0.0,0.0,0.0,False,False,True,False,
2017/18,112520,40,40,0,0,0,0,0,0,0,0,0,0,0,0,0,0,0.0,0.0,0.0,0.0,0,0,0,0,0,0.0,0.0,0.0,0.0,301,301,Palmer,Ipswich Town,GKP,4.0,4.0,4.0,0.0,0.0,0.0,0.0,0,0.0,0.0,0.0,0.0,0.0,0.0,0.0,0.0,0.0,0.0,0.0,0.0,0.0,0.0,0.0,0.0,0.0,0.0,0.0,0.0,0.0,0.0,0.0,0.0,0.0,0.0,False,False,True,False,
2024/25,112520,45,45,22,1170,0,0,0,30,0,0,0,2,0,45,0,94,356.8,10.0,0.0,36.6,0,0,0,0,13,0.0,0.0,0.0,24.64,301,301,Palmer,Ipswich Town,GKP,4.0,4.5,4.5,0.0,4.888888888888889,1.6923076923076923,30.789473684210527,0,0.0,0.0,0.0,0.0,0.0,3.4615384615384617,0.0,0.0,0.0,0.0,0.0,0.0,0.0,0.0,0.0,0.0,0.0,0.0,0.0,0.0,0.0,0.0,0.0,0.0,0.0,0.0,False,False,True,False,4.0
2018/19,50093,40,40,15,360,0,0,1,5,0,0,0,0,0,14,2,76,89.2,0.0,0.0,8.9,0,0,0,0,0,0.0,0.0,0.0,0.0,302,302,Button,Ipswich Town,GKP,4.0,4.0,4.0,0.0,3.75,3.75,9.473684210526315,0,0.0,0.0,0.0,0.0,0.0,3.5,0.02631578947368421,0.5,0.0,,0.0,,0.0,,0.0,,0.0,,0.0,,0.0,,0.0,,0.0,,False,False,True,False,
2019/20,50093,40,39,0,0,0,0,0,0,0,0,0,0,0,0,0,0,0.0,0.0,0.0,0.0,0,0,0,0,0,0.0,0.0,0.0,0.0,302,302,Button,Ipswich Town,GKP,4.0,4.0,3.9,-0.10000000000000009,0.0,0.0,0.0,0,0.0,0.0,0.0,0.0,0.0,0.0,0.0,0.0,15.0,0.0,360.0,0.0,0.0,0.0,0.0,0.0,1.0,0.0,2.0,0.0,3.75,0.0,0.0,0.0,0.0,0.0,False,False,True,False,
2020/21,50093,40,39,2,90,0,0,0,2,0,0,0,0,0,4,0,18,23.4,0.0,0.0,2.3,0,0,0,0,0,0.0,0.0,0.0,0.0,302,302,Button,Ipswich Town,GKP,4.0,4.0,3.9,-0.10000000000000009,0.5128205128205129,2.0,2.3684210526315788,0,0.0,0.0,0.0,0.0,0.0,4.0,0.0,0.0,0.0,15.0,0.0,360.0,0.0,0.0,0.0,0.0,0.0,1.0,0.0,2.0,0.0,3.75,0.0,0.0,0.0,0.0,False,False,True,False,
2023/24,216616,45,44,69,2892,3,4,2,71,1,0,0,5,1,0,2,478,772.0,189.7,213.0,117.7,0,0,0,0,32,0.74,0.9,1.64,62.7,304,304,O'Shea,Ipswich Town,DEF,4.0,4.5,4.4,-0.09999999999999964,15.68181818181818,2.1473029045643153,76.10526315789474,7,0.09336099585062241,0.12448132780082988,0.02302904564315353,0.028008298755186723,0.05103734439834025,0.0,0.05263157894736842,0.06224066390041494,41.0,,2099.0,,0.0,,0.0,,3.0,,1.0,,1.757979990471653,,0.0,,0.0,,True,False,False,False,3.0
2024/25,216616,40,38,49,3122,0,2,2,75,0,0,0,6,0,0,1,231,862.8,59.9,195.0,111.6,0,0,0,350,35,1.29,0.67,1.96,67.13,304,304,O'Shea,Ipswich Town,DEF,4.0,4.0,3.8,-0.20000000000000018,12.894736842105264,1.412556053811659,82.15789473684211,2,0.0,0.05765534913516976,0.037187700192184495,0.019314541960281872,0.05650224215246637,0.0,0.05263157894736842,0.02882767456758488,69.0,41.0,2892.0,2099.0,3.0,0.0,4.0,0.0,2.0,3.0,2.0,1.0,2.1473029045643153,1.757979990471653,0.02302904564315353,0.0,0.028008298755186723,0.0,True,False,False,False,4.0
2024/25,455084,45,42,52,2742,1,2,2,71,0,0,0,5,1,0,5,174,486.8,865.4,145.0,149.6,0,0,0,150,32,0.98,4.74,5.72,60.7,305,305,Davis,Ipswich Town,DEF,4.0,4.5,4.2,-0.2999999999999998,12.38095238095238,1.7067833698030634,72.15789473684211,3,0.03282275711159738,0.06564551422319476,0.03216630196936543,0.15557986870897156,0.187746170678337,0.0,0.05263157894736842,0.1641137855579869,2.0,,31.0,,0.0,,0.0,,0.0,,0.0,,5.806451612903226,,0.0,,0.0,,True,False,False,False,4.0
2018/19,222018,40,40,2,62,0,0,0,1,0,0,0,0,0,0,0,6,7.8,0.4,0.0,0.8,0,0,0,0,0,0.0,0.0,0.0,0.0,307,307,Johnson,Ipswich Town,DEF,4.0,4.0,4.0,0.0,0.5,2.903225806451613,1.631578947368421,0,0.0,0.0,0.0,0.0,0.0,0.0,0.0,0.0,0.0,,0.0,,0.0,,0.0,,0.0,,0.0,,0.0,,0.0,,0.0,,True,False,False,False,
2019/20,222018,40,40,6,270,0,0,0,3,0,0,0,0,0,0,0,32,48.0,25.2,1.0,7.4,0,0,0,0,0,0.0,0.0,0.0,0.0,307,307,Johnson,Ipswich Town,DEF,4.0,4.0,4.0,0.0,1.5,2.0,7.105263157894737,0,0.0,0.0,0.0,0.0,0.0,0.0,0.0,0.0,2.0,0.0,62.0,0.0,0.0,0.0,0.0,0.0,0.0,0.0,0.0,0.0,2.903225806451613,0.0,0.0,0.0,0.0,0.0,True,False,False,False,
2020/21,222018,40,39,25,516,1,0,1,10,0,0,0,1,0,0,0,104,98.0,63.7,28.0,18.9,0,0,0,0,0,0.0,0.0,0.0,0.0,307,307,Johnson,Ipswich Town,DEF,4.0,4.0,3.9,-0.10000000000000009,6.410256410256411,4.3604651162790695,13.578947368421053,1,0.1744186046511628,0.0,0.0,0.0,0.0,0.0,0.02631578947368421,0.0,6.0,2.0,270.0,62.0,0.0,0.0,0.0,0.0,0.0,0.0,0.0,0.0,2.0,2.903225806451613,0.0,0.0,0.0,0.0,True,False,False,False,
2021/22,222018,40,39,48,1397,1,0,3,18,0,0,0,1,0,0,1,235,307.2,176.4,39.0,52.3,0,0,0,0,0,0.0,0.0,0.0,0.0,307,307,Johnson,Ipswich Town,DEF,4.0,4.0,3.9,-0.10000000000000009,12.307692307692308,3.0923407301360055,36.76315789473684,1,0.06442376521116679,0.0,0.0,0.0,0.0,0.0,0.07894736842105263,0.06442376521116679,25.0,6.0,516.0,270.0,1.0,0.0,0.0,0.0,1.0,0.0,0.0,0.0,4.3604651162790695,2.0,0.0,0.0,0.0,0.0,True,False,False,False,1.0
2022/23,222018,45,44,29,860,0,0,2,13,0,0,0,0,0,0,1,164,161.6,76.8,20.0,25.9,0,0,0,0,9,0.06,0.4,0.46,15.66,307,307,Johnson,Ipswich Town,DEF,4.0,4.5,4.4,-0.09999999999999964,6.59090909090909,3.0348837209302326,22.63157894736842,0,0.0,0.0,0.00627906976744186,0.041860465116279076,0.048139534883720934,0.0,0.05263157894736842,0.10465116279069768,48.0,25.0,1397.0,516.0,1.0,1.0,0.0,0.0,3.0,1.0,1.0,0.0,3.0923407301360055,4.3604651162790695,0.0,0.0,0.0,0.0,True,False,False,False,2.0
2023/24,222018,45,44,17,538,0,0,1,16,0,0,0,1,0,0,0,90,84.6,22.5,38.0,14.7,0,0,0,0,4,0.25,0.11,0.36,13.03,307,307,Johnson,Ipswich Town,DEF,4.0,4.5,4.4,-0.09999999999999964,3.8636363636363633,2.8438661710037176,14.157894736842104,0,0.0,0.0,0.041821561338289966,0.018401486988847582,0.06022304832713754,0.0,0.02631578947368421,0.0,29.0,48.0,860.0,1397.0,0.0,1.0,0.0,0.0,2.0,3.0,1.0,1.0,3.0348837209302326,3.0923407301360055,0.00627906976744186,0.0,0.041860465116279076,0.0,True,False,False,False,3.0
2024/25,222018,40,38,30,1346,1,2,0,39,0,0,0,3,1,0,2,23,276.6,177.2,92.0,54.6,0,0,0,109,14,1.06,0.83,1.89,37.89,307,307,Johnson,Ipswich Town,DEF,4.0,4.0,3.8,-0.20000000000000018,7.894736842105264,2.0059435364041605,35.421052631578945,3,0.06686478454680535,0.1337295690936107,0.07087667161961367,0.05549777117384844,0.1263744427934621,0.0,0.0,0.1337295690936107,17.0,29.0,538.0,860.0,0.0,0.0,0.0,0.0,1.0,2.0,0.0,1.0,2.8438661710037176,3.0348837209302326,0.041821561338289966,0.00627906976744186,0.018401486988847582,0.041860465116279076,True,False,False,False,4.0
2020/21,176420,45,45,79,2931,1,3,6,63,1,0,0,5,0,0,2,393,474.4,275.0,276.0,102.7,0,0,0,0,0,0.0,0.0,0.0,0.0,308,308,Furlong,Ipswich Town,DEF,4.0,4.5,4.5,0.0,17.555555555555557,2.425793244626407,77.13157894736842,4,0.030706243602865915,0.09211873080859774,0.0,0.0,0.0,0.0,0.15789473684210525,0.06141248720573183,1.0,,225.0,,0.0,,0.0,,0.0,,0.0,,0.4,,0.0,,0.0,,True,False,False,False,
2024/25,229164,50,48,7,237,0,0,0,3,0,0,0,0,0,0,0,29,22.8,30.2,12.0,6.4,0,0,0,17,3,0.0,0.05,0.05,2.36,314,314,Ogbene,Ipswich Town,MID,5.0,5.0,4.8,-0.20000000000000018,1.4583333333333335,2.6582278481012658,6.2368421052631575,0,0.0,0.0,0.0,0.0189873417721519,0.0189873417721519,0.0,0.0,0.0,84.0,,1987.0,,4.0,,4.0,,2.0,,7.0,,3.804730749874182,,0.20246602918973325,,0.15853044791142426,,False,False,False,True,4.0
2024/25,222625,55,54,46,645,3,1,0,16,0,0,0,3,0,0,3,157,146.4,64.5,207.0,41.2,0,0,0,28,5,2.14,0.24,2.38,15.41,317,317,Hirst,Ipswich Town,FWD,5.0,5.5,5.4,-0.09999999999999964,8.518518518518517,6.4186046511627906,16.973684210526315,4,0.41860465116279066,0.13953488372093023,0.2986046511627907,0.03348837209302325,0.3320930232558139,0.0,0.0,0.41860465116279066,2.0,,9.0,,0.0,,0.0,,0.0,,0.0,,20.0,,0.0,,0.0,,False,True,False,False,4.0
2021/22,481624,50,50,1,4,0,0,0,0,0,0,0,0,0,0,0,0,0.0,0.0,0.0,0.0,0,0,0,0,0,0.0,0.0,0.0,0.0,318,318,Philogene,Ipswich Town,MID,5.5,5.0,5.0,0.0,0.2,22.5,0.10526315789473684,0,0.0,0.0,0.0,0.0,0.0,0.0,0.0,0.0,1.0,,1.0,,0.0,,0.0,,0.0,,0.0,,90.0,,0.0,,0.0,,False,False,False,True,1.0
2022/23,481624,45,45,0,0,0,0,0,0,0,0,0,0,0,0,0,0,0.0,0.0,0.0,0.0,0,0,0,0,0,0.0,0.0,0.0,0.0,318,318,Philogene,Ipswich Town,MID,5.5,4.5,4.5,0.0,0.0,0.0,0.0,0,0.0,0.0,0.0,0.0,0.0,0.0,0.0,0.0,1.0,1.0,4.0,1.0,0.0,0.0,0.0,0.0,0.0,0.0,0.0,0.0,22.5,90.0,0.0,0.0,0.0,0.0,False,False,False,True,2.0
2023/24,481624,45,45,1,3,0,0,0,1,0,0,0,0,0,0,0,3,0.4,0.3,2.0,0.3,0,0,0,0,0,0.0,0.0,0.0,0.65,318,318,Philogene,Ipswich Town,MID,5.5,4.5,4.5,0.0,0.2222222222222222,30.0,0.07894736842105263,0,0.0,0.0,0.0,0.0,0.0,0.0,0.0,0.0,0.0,1.0,0.0,4.0,0.0,0.0,0.0,0.0,0.0,0.0,0.0,0.0,0.0,22.5,0.0,0.0,0.0,0.0,False,False,False,True,3.0
2024/25,481624,55,53,37,796,2,0,2,22,0,0,0,3,1,0,3,116,159.0,98.2,190.0,43.9,0,0,0,91,7,2.43,0.34,2.77,14.41,318,318,Philogene,Ipswich Town,MID,5.5,5.5,5.3,-0.20000000000000018,6.981132075471699,4.183417085427135,20.94736842105263,2,0.22613065326633164,0.0,0.274748743718593,0.038442211055276385,0.3131909547738693,0.0,0.05263157894736842,0.33919597989949746,1.0,0.0,3.0,0.0,0.0,0.0,0.0,0.0,0.0,0.0,0.0,0.0,30.0,0.0,0.0,0.0,0.0,0.0,False,False,False,True,4.0
2014/15,147675,50,48,6,30,0,1,0,0,0,0,0,0,0,0,0,16,0.0,0.0,0.0,0.0,0,0,0,0,0,0.0,0.0,0.0,0.0,320,320,Akpom,Ipswich Town,FWD,5.0,5.0,4.8,-0.20000000000000018,1.25,18.0,0.7894736842105263,1,0.0,3.0,0.0,0.0,0.0,0.0,0.0,0.0,1.0,,1.0,,0.0,,0.0,,0.0,,0.0,,90.0,,0.0,,0.0,,False,True,False,False,
2015/16,147675,50,50,0,0,0,0,0,0,0,0,0,0,0,0,0,0,0.0,0.0,0.0,0.0,0,0,0,0,0,0.0,0.0,0.0,0.0,320,320,Akpom,Ipswich Town,FWD,5.0,5.0,5.0,0.0,0.0,0.0,0.0,0,0.0,0.0,0.0,0.0,0.0,0.0,0.0,0.0,6.0,1.0,30.0,1.0,0.0,0.0,1.0,0.0,0.0,0.0,0.0,0.0,18.0,90.0,0.0,0.0,0.0,0.0,False,True,False,False,
2016/17,147675,55,51,0,0,0,0,0,0,0,0,0,0,0,0,0,0,0.0,0.0,0.0,0.0,0,0,0,0,0,0.0,0.0,0.0,0.0,320,320,Akpom,Ipswich Town,FWD,5.0,5.5,5.1,-0.40000000000000036,0.0,0.0,0.0,0,0.0,0.0,0.0,0.0,0.0,0.0,0.0,0.0,0.0,6.0,0.0,30.0,0.0,0.0,0.0,1.0,0.0,0.0,0.0,0.0,0.0,18.0,0.0,0.0,0.0,0.0,False,True,False,False,
2022/23,461587,45,45,0,0,0,0,0,0,0,0,0,0,0,0,0,0,0.0,0.0,0.0,0.0,0,0,0,0,0,0.0,0.0,0.0,0.0,323,323,McAteer,Ipswich Town,MID,4.5,4.5,4.5,0.0,0.0,0.0,0.0,0,0.0,0.0,0.0,0.0,0.0,0.0,0.0,0.0,1.0,,2.0,,0.0,,0.0,,0.0,,0.0,,45.0,,0.0,,0.0,,False,False,False,True,2.0
2024/25,461587,50,47,35,846,1,1,3,16,0,0,0,3,0,0,0,125,147.2,132.5,184.0,46.3,0,0,0,88,9,0.99,0.63,1.62,20.07,323,323,McAteer,Ipswich Town,MID,4.5,5.0,4.7,-0.2999999999999998,7.446808510638298,3.723404255319149,22.263157894736842,2,0.10638297872340426,0.10638297872340426,0.10531914893617021,0.06702127659574468,0.1723404255319149,0.0,0.07894736842105263,0.0,0.0,1.0,0.0,2.0,0.0,0.0,0.0,0.0,0.0,0.0,0.0,0.0,0.0,45.0,0.0,0.0,0.0,0.0,False,False,False,True,4.0
2017/18,59735,45,43,33,900,0,0,2,15,1,0,0,0,0,35,2,172,258.8,0.0,0.0,25.9,0,0,0,0,0,0.0,0.0,0.0,0.0,325,325,Darlow,Man Utd,GKP,4.5,4.5,4.3,-0.20000000000000018,7.674418604651163,3.3,23.68421052631579,0,0.0,0.0,0.0,0.0,0.0,3.5,0.05263157894736842,0.2,41.0,,810.0,,0.0,,0.0,,3.0,,3.0,,4.555555555555555,,0.0,,0.0,,False,False,True,False,
2018/19,59735,45,44,0,0,0,0,0,0,0,0,0,0,0,0,0,0,0.0,0.0,0.0,0.0,0,0,0,0,0,0.0,0.0,0.0,0.0,325,325,Darlow,Man Utd,GKP,4.5,4.5,4.4,-0.09999999999999964,0.0,0.0,0.0,0,0.0,0.0,0.0,0.0,0.0,0.0,0.0,0.0,33.0,41.0,900.0,810.0,0.0,0.0,0.0,0.0,2.0,3.0,2.0,3.0,3.3,4.555555555555555,0.0,0.0,0.0,0.0,False,False,True,False,
2019/20,59735,45,43,0,0,0,0,0,0,0,0,0,0,0,0,0,0,0.0,0.0,0.0,0.0,0,0,0,0,0,0.0,0.0,0.0,0.0,325,325,Darlow,Man Utd,GKP,4.5,4.5,4.3,-0.20000000000000018,0.0,0.0,0.0,0,0.0,0.0,0.0,0.0,0.0,0.0,0.0,0.0,0.0,33.0,0.0,900.0,0.0,0.0,0.0,0.0,0.0,2.0,0.0,2.0,0.0,3.3,0.0,0.0,0.0,0.0,False,False,True,False,
2020/21,59735,50,49,80,2250,0,0,4,43,0,1,0,3,0,88,6,450,682.4,0.0,0.0,68.3,0,0,0,0,0,0.0,0.0,0.0,0.0,325,325,Darlow,Man Utd,GKP,4.5,5.0,4.9,-0.09999999999999964,16.3265306122449,3.2,59.21052631578947,0,0.0,0.0,0.0,0.0,0.0,3.52,0.10526315789473684,0.24,0.0,0.0,0.0,0.0,0.0,0.0,0.0,0.0,0.0,0.0,0.0,0.0,0.0,0.0,0.0,0.0,0.0,0.0,False,False,True,False,
2021/22,59735,45,45,20,720,0,0,0,15,0,0,0,1,0,24,3,110,157.0,0.0,0.0,15.8,0,0,0,0,0,0.0,0.0,0.0,0.0,325,325,Darlow,Man Utd,GKP,4.5,4.5,4.5,0.0,4.444444444444445,2.5,18.94736842105263,0,0.0,0.0,0.0,0.0,0.0,3.0,0.0,0.375,80.0,0.0,2250.0,0.0,0.0,0.0,0.0,0.0,4.0,0.0,6.0,0.0,3.2,0.0,0.0,0.0,0.0,0.0,False,False,True,False,1.0
2022/23,59735,40,39,0,0,0,0,0,0,0,0,0,0,0,0,0,0,0.0,0.0,0.0,0.0,0,0,0,0,0,0.0,0.0,0.0,0.0,325,325,Darlow,Man Utd,GKP,4.5,4.0,3.9,-0.10000000000000009,0.0,0.0,0.0,0,0.0,0.0,0.0,0.0,0.0,0.0,0.0,0.0,20.0,80.0,720.0,2250.0,0.0,0.0,0.0,0.0,0.0,4.0,3.0,6.0,2.5,3.2,0.0,0.0,0.0,0.0,False,False,True,False,2.0
2023/24,59735,40,40,0,0,0,0,0,0,0,0,0,0,0,0,0,0,0.0,0.0,0.0,0.0,0,0,0,0,0,0.0,0.0,0.0,0.0,325,325,Darlow,Man Utd,GKP,4.5,4.0,4.0,0.0,0.0,0.0,0.0,0,0.0,0.0,0.0,0.0,0.0,0.0,0.0,0.0,0.0,20.0,0.0,720.0,0.0,0.0,0.0,0.0,0.0,0.0,0.0,3.0,0.0,2.5,0.0,0.0,0.0,0.0,False,False,True,False,3.0
2025/26,59735,40,40,71,1980,0,0,5,27,0,0,0,1,0,63,3,334,531.4,0.0,0.0,53.4,30,202,1,0,22,0.0,0.05,0.05,28.36,325,325,Darlow,Man Utd,GKP,4.5,4.0,4.0,0.0,17.75,3.227272727272727,52.10526315789474,0,0.0,0.0,0.0,0.002272727272727273,0.002272727272727273,2.8636363636363638,0.13157894736842105,0.13636363636363635,0.0,0.0,0.0,0.0,0.0,0.0,0.0,0.0,0.0,0.0,0.0,0.0,0.0,0.0,0.0,0.0,0.0,0.0,False,False,True,False,5.0
2025/26,201595,45,44,43,1440,0,0,3,29,0,0,0,2,0,38,3,153,322.4,0.0,0.0,32.2,16,100,0,0,16,0.0,0.0,0.0,26.68,326,326,Perri,Leeds,GKP,4.5,4.5,4.4,-0.09999999999999964,9.772727272727272,2.6875,37.89473684210526,0,0.0,0.0,0.0,0.0,0.0,2.375,0.07894736842105263,0.1875,0.0,,0.0,,0.0,,0.0,,0.0,,0.0,,0.0,,0.0,,0.0,,False,False,True,False,5.0
2021/22,222694,45,43,35,2050,1,1,1,53,0,0,0,6,1,0,0,339,481.0,134.8,191.0,80.8,0,0,0,0,0,0.0,0.0,0.0,0.0,328,328,Struijk,Brighton,DEF,5.0,4.5,4.3,-0.20000000000000018,8.13953488372093,1.5365853658536586,53.94736842105263,2,0.04390243902439024,0.04390243902439024,0.0,0.0,0.0,0.0,0.02631578947368421,0.0,71.0,,2072.0,,1.0,,0.0,,7.0,,2.0,,3.083976833976834,,0.0,,0.0,,True,False,False,False,1.0
2022/23,222694,45,45,66,2198,2,2,4,52,0,0,0,5,0,0,4,423,544.4,218.6,266.0,102.9,0,0,0,0,26,1.35,1.2,2.55,42.41,328,328,Struijk,Brighton,DEF,5.0,4.5,4.5,0.0,14.666666666666666,2.7024567788899,57.8421052631579,4,0.0818926296633303,0.0818926296633303,0.05527752502274796,0.04913557779799818,0.10441310282074613,0.0,0.10526315789473684,0.1637852593266606,35.0,71.0,2050.0,2072.0,1.0,1.0,1.0,0.0,1.0,7.0,0.0,2.0,1.5365853658536586,3.083976833976834,0.0,0.0,0.0,0.0,True,False,False,False,2.0
2025/26,222694,45,42,108,2935,0,1,7,48,0,0,0,5,0,0,4,412,697.4,161.5,272.0,113.1,258,117,39,297,33,3.06,0.76,3.82,42.92,328,328,Struijk,Brighton,DEF,5.0,4.5,4.2,-0.2999999999999998,25.71428571428571,3.3117546848381596,77.23684210526316,1,0.0,0.03066439522998296,0.09383304940374786,0.023304940374787052,0.1171379897785349,0.0,0.18421052631578946,0.12265758091993184,66.0,35.0,2198.0,2050.0,2.0,1.0,2.0,1.0,4.0,1.0,4.0,0.0,2.7024567788899,1.5365853658536586,0.05527752502274796,0.0,0.04913557779799818,0.0,True,False,False,False,5.0
2020/21,214225,50,49,27,732,0,0,2,12,0,0,0,0,0,0,3,169,166.2,3.6,6.0,17.7,0,0,0,0,0,0.0,0.0,0.0,0.0,329,329,Rodon,Leeds,DEF,4.5,5.0,4.9,-0.09999999999999964,5.5102040816326525,3.319672131147541,19.263157894736842,0,0.0,0.0,0.0,0.0,0.0,0.0,0.05263157894736842,0.36885245901639346,0.0,,0.0,,0.0,,0.0,,0.0,,0.0,,0.0,,0.0,,0.0,,True,False,False,False,
2021/22,214225,45,42,3,87,0,0,0,3,0,0,0,0,0,0,0,17,19.6,0.7,0.0,2.0,0,0,0,0,0,0.0,0.0,0.0,0.0,329,329,Rodon,Leeds,DEF,4.5,4.5,4.2,-0.2999999999999998,0.7142857142857143,3.103448275862069,2.289473684210526,0,0.0,0.0,0.0,0.0,0.0,0.0,0.0,0.0,27.0,0.0,732.0,0.0,0.0,0.0,0.0,0.0,2.0,0.0,3.0,0.0,3.319672131147541,0.0,0.0,0.0,0.0,0.0,True,False,False,False,1.0
2022/23,214225,40,40,0,0,0,0,0,0,0,0,0,0,0,0,0,0,0.0,0.0,0.0,0.0,0,0,0,0,0,0.0,0.0,0.0,0.0,329,329,Rodon,Leeds,DEF,4.5,4.0,4.0,0.0,0.0,0.0,0.0,0,0.0,0.0,0.0,0.0,0.0,0.0,0.0,0.0,3.0,27.0,87.0,732.0,0.0,0.0,0.0,0.0,0.0,2.0,0.0,3.0,3.103448275862069,3.319672131147541,0.0,0.0,0.0,0.0,True,False,False,False,2.0
2023/24,214225,40,40,0,0,0,0,0,0,0,0,0,0,0,0,0,0,0.0,0.0,0.0,0.0,0,0,0,0,0,0.0,0.0,0.0,0.0,329,329,Rodon,Leeds,DEF,4.5,4.0,4.0,0.0,0.0,0.0,0.0,0,0.0,0.0,0.0,0.0,0.0,0.0,0.0,0.0,0.0,3.0,0.0,87.0,0.0,0.0,0.0,0.0,0.0,0.0,0.0,0.0,0.0,3.103448275862069,0.0,0.0,0.0,0.0,True,False,False,False,3.0
2025/26,214225,40,39,109,2952,2,0,6,53,0,0,0,3,0,0,5,373,707.2,137.3,242.0,109.1,237,85,37,274,33,1.4,0.56,1.96,48.54,329,329,Rodon,Leeds,DEF,4.5,4.0,3.9,-0.10000000000000009,27.94871794871795,3.3231707317073176,77.6842105263158,2,0.06097560975609757,0.0,0.042682926829268296,0.017073170731707322,0.059756097560975614,0.0,0.15789473684210525,0.15243902439024393,0.0,0.0,0.0,0.0,0.0,0.0,0.0,0.0,0.0,0.0,0.0,0.0,0.0,0.0,0.0,0.0,0.0,0.0,True,False,False,False,5.0
2023/24,226182,45,45,63,2787,3,3,3,79,1,0,0,9,0,0,0,354,514.4,183.5,339.0,103.7,0,0,0,0,32,2.36,1.14,3.5,57.85,330,330,Bogle,Leeds,DEF,4.5,4.5,4.5,0.0,14.0,2.0344456404736277,73.34210526315789,6,0.09687836383207751,0.09687836383207751,0.07621097954790097,0.03681377825618945,0.11302475780409042,0.0,0.07894736842105263,0.0,39.0,,1107.0,,2.0,,0.0,,2.0,,0.0,,3.170731707317073,,0.0,,0.0,,True,False,False,False,3.0
2025/26,226182,45,44,96,2795,1,5,6,44,0,0,0,6,0,0,1,311,436.0,346.1,218.0,100.3,112,133,66,178,32,2.08,3.11,5.19,39.93,330,330,Bogle,Leeds,DEF,4.5,4.5,4.4,-0.09999999999999964,21.818181818181817,3.0912343470483004,73.55263157894737,6,0.032200357781753126,0.16100178890876565,0.06697674418604652,0.10014311270125223,0.16711985688729875,0.0,0.15789473684210525,0.032200357781753126,63.0,39.0,2787.0,1107.0,3.0,2.0,3.0,0.0,3.0,2.0,0.0,0.0,2.0344456404736277,3.170731707317073,0.07621097954790097,0.0,0.03681377825618945,0.0,True,False,False,False,5.0
2020/21,220627,45,48,101,2070,2,2,9,25,0,0,0,4,0,0,13,447,472.2,290.7,195.0,96.0,0,0,0,0,0,0.0,0.0,0.0,0.0,332,332,Justin,Leeds,DEF,4.5,4.5,4.8,0.2999999999999998,21.041666666666668,4.391304347826087,54.473684210526315,4,0.08695652173913043,0.08695652173913043,0.0,0.0,0.0,0.0,0.23684210526315788,0.5652173913043478,35.0,,1010.0,,0.0,,1.0,,4.0,,0.0,,3.118811881188119,,0.0,,0.0,,True,False,False,False,
2021/22,220627,50,49,29,996,0,0,2,13,0,0,0,0,0,0,1,167,190.0,136.2,97.0,42.5,0,0,0,0,0,0.0,0.0,0.0,0.0,332,332,Justin,Leeds,DEF,4.5,5.0,4.9,-0.09999999999999964,5.918367346938775,2.6204819277108435,26.210526315789473,0,0.0,0.0,0.0,0.0,0.0,0.0,0.05263157894736842,0.09036144578313253,101.0,35.0,2070.0,1010.0,2.0,0.0,2.0,1.0,9.0,4.0,13.0,0.0,4.391304347826087,3.118811881188119,0.0,0.0,0.0,0.0,True,False,False,False,1.0
2022/23,220627,45,41,45,1252,0,2,5,25,0,0,0,0,0,0,2,263,208.4,138.8,40.0,38.7,0,0,0,0,14,0.31,0.49,0.8,21.31,332,332,Justin,Leeds,DEF,4.5,4.5,4.1,-0.40000000000000036,10.975609756097562,3.2348242811501597,32.94736842105263,2,0.0,0.14376996805111822,0.022284345047923322,0.03522364217252396,0.05750798722044729,0.0,0.13157894736842105,0.14376996805111822,29.0,101.0,996.0,2070.0,0.0,2.0,0.0,2.0,2.0,9.0,1.0,13.0,2.6204819277108435,4.391304347826087,0.0,0.0,0.0,0.0,True,False,False,False,2.0
2024/25,220627,45,41,70,2912,2,2,3,68,0,0,0,6,0,0,6,218,615.2,258.5,202.0,107.8,0,0,0,236,34,1.47,0.8,2.27,63.68,332,332,Justin,Leeds,DEF,4.5,4.5,4.1,-0.40000000000000036,17.073170731707318,2.1634615384615383,76.63157894736842,4,0.061813186813186816,0.061813186813186816,0.045432692307692306,0.024725274725274728,0.07015796703296703,0.0,0.07894736842105263,0.18543956043956045,45.0,29.0,1252.0,996.0,0.0,0.0,2.0,0.0,5.0,2.0,2.0,1.0,3.2348242811501597,2.6204819277108435,0.022284345047923322,0.0,0.03522364217252396,0.0,True,False,False,False,4.0
2025/26,220627,40,40,94,1893,2,1,6,26,0,0,0,4,0,0,9,338,469.8,190.9,220.0,88.3,128,70,55,183,21,1.83,1.16,2.99,33.01,332,332,Justin,Leeds,DEF,4.5,4.0,4.0,0.0,23.5,4.469096671949287,49.81578947368421,3,0.09508716323296354,0.04754358161648177,0.08700475435816164,0.055150554675118854,0.1421553090332805,0.0,0.15789473684210525,0.4278922345483359,70.0,45.0,2912.0,1252.0,2.0,0.0,2.0,2.0,3.0,5.0,6.0,2.0,2.1634615384615383,3.2348242811501597,0.045432692307692306,0.022284345047923322,0.024725274725274728,0.03522364217252396,True,False,False,False,5.0
2025/26,427637,55,54,126,2449,4,8,9,32,0,0,0,3,0,0,5,446,482.8,486.7,498.0,146.7,36,130,50,216,30,4.53,3.6,8.13,37.07,337,337,Aaronson,Leeds,MID,5.5,5.5,5.4,-0.09999999999999964,23.333333333333332,4.6304614128215595,64.44736842105263,12,0.14699877501020825,0.2939975500204165,0.16647611269906085,0.1322988975091874,0.29877501020824826,0.0,0.23684210526315788,0.1837484687627603,83.0,,2365.0,,1.0,,4.0,,5.0,,0.0,,3.1585623678646932,,0.15145877378435518,,0.09551797040169133,,False,False,False,True,5.0
2018/19,199598,45,44,0,0,0,0,0,0,0,0,0,0,0,0,0,0,0.0,0.0,0.0,0.0,0,0,0,0,0,0.0,0.0,0.0,0.0,338,338,Ampadu,Leeds,MID,5.5,4.5,4.4,-0.09999999999999964,0.0,0.0,0.0,0,0.0,0.0,0.0,0.0,0.0,0.0,0.0,0.0,1.0,,10.0,,0.0,,0.0,,0.0,,0.0,,9.0,,0.0,,0.0,,False,False,False,True,
2019/20,199598,45,43,0,0,0,0,0,0,0,0,0,0,0,0,0,0,0.0,0.0,0.0,0.0,0,0,0,0,0,0.0,0.0,0.0,0.0,338,338,Ampadu,Leeds,MID,5.5,4.5,4.3,-0.20000000000000018,0.0,0.0,0.0,0,0.0,0.0,0.0,0.0,0.0,0.0,0.0,0.0,0.0,1.0,0.0,10.0,0.0,0.0,0.0,0.0,0.0,0.0,0.0,0.0,0.0,9.0,0.0,0.0,0.0,0.0,False,False,False,True,
2020/21,199598,45,43,44,2087,0,0,2,41,1,0,0,3,0,0,4,341,458.0,189.6,51.0,70.1,0,0,0,0,0,0.0,0.0,0.0,0.0,338,338,Ampadu,Leeds,MID,5.5,4.5,4.3,-0.20000000000000018,10.232558139534884,1.8974604695735504,54.921052631578945,0,0.0,0.0,0.0,0.0,0.0,0.0,0.05263157894736842,0.17249640632486823,0.0,0.0,0.0,0.0,0.0,0.0,0.0,0.0,0.0,0.0,0.0,0.0,0.0,0.0,0.0,0.0,0.0,0.0,False,False,False,True,
2021/22,199598,45,45,0,0,0,0,0,0,0,0,0,0,0,0,0,0,0.0,0.0,0.0,0.0,0,0,0,0,0,0.0,0.0,0.0,0.0,338,338,Ampadu,Leeds,MID,5.5,4.5,4.5,0.0,0.0,0.0,0.0,0,0.0,0.0,0.0,0.0,0.0,0.0,0.0,0.0,44.0,0.0,2087.0,0.0,0.0,0.0,0.0,0.0,2.0,0.0,4.0,0.0,1.8974604695735504,0.0,0.0,0.0,0.0,0.0,False,False,False,True,1.0
2022/23,199598,45,44,0,0,0,0,0,0,0,0,0,0,0,0,0,0,0.0,0.0,0.0,0.0,0,0,0,0,0,0.0,0.0,0.0,0.0,338,338,Ampadu,Leeds,MID,5.5,4.5,4.4,-0.09999999999999964,0.0,0.0,0.0,0,0.0,0.0,0.0,0.0,0.0,0.0,0.0,0.0,0.0,44.0,0.0,2087.0,0.0,0.0,0.0,0.0,0.0,2.0,0.0,4.0,0.0,1.8974604695735504,0.0,0.0,0.0,0.0,False,False,False,True,2.0
2023/24,199598,40,40,0,0,0,0,0,0,0,0,0,0,0,0,0,0,0.0,0.0,0.0,0.0,0,0,0,0,0,0.0,0.0,0.0,0.0,338,338,Ampadu,Leeds,MID,5.5,4.0,4.0,0.0,0.0,0.0,0.0,0,0.0,0.0,0.0,0.0,0.0,0.0,0.0,0.0,0.0,0.0,0.0,0.0,0.0,0.0,0.0,0.0,0.0,0.0,0.0,0.0,0.0,0.0,0.0,0.0,0.0,0.0,False,False,False,True,3.0
2025/26,199598,50,49,134,3119,1,4,8,49,0,0,0,10,0,0,11,586,592.2,384.8,166.0,114.7,151,184,81,416,35,2.47,2.2,4.67,48.66,338,338,Ampadu,Leeds,MID,5.5,5.0,4.9,-0.09999999999999964,27.346938775510203,3.8666239179224107,82.07894736842105,5,0.028855402372555305,0.11542160949022122,0.07127284386021161,0.06348188521962167,0.13475472907983327,0.0,0.21052631578947367,0.31740942609810835,0.0,0.0,0.0,0.0,0.0,0.0,0.0,0.0,0.0,0.0,0.0,0.0,0.0,0.0,0.0,0.0,0.0,0.0,False,False,False,True,5.0
2019/20,180135,50,50,44,1370,1,2,2,26,0,0,0,2,1,0,0,181,235.8,217.1,155.0,60.8,0,0,0,0,0,0.0,0.0,0.0,0.0,339,339,Longstaff,Leeds,MID,5.0,5.0,5.0,0.0,8.8,2.8905109489051095,36.05263157894737,3,0.06569343065693431,0.13138686131386862,0.0,0.0,0.0,0.0,0.05263157894736842,0.0,26.0,,686.0,,1.0,,1.0,,3.0,,1.0,,3.4110787172011663,,0.0,,0.0,,False,False,False,True,
2020/21,180135,50,46,41,1405,0,1,2,26,0,0,0,2,0,0,1,168,179.2,182.8,148.0,50.8,0,0,0,0,0,0.0,0.0,0.0,0.0,339,339,Longstaff,Leeds,MID,5.0,5.0,4.6,-0.40000000000000036,8.913043478260871,2.626334519572954,36.973684210526315,1,0.0,0.06405693950177936,0.0,0.0,0.0,0.0,0.05263157894736842,0.06405693950177936,44.0,26.0,1370.0,686.0,1.0,1.0,2.0,1.0,2.0,3.0,0.0,1.0,2.8905109489051095,3.4110787172011663,0.0,0.0,0.0,0.0,False,False,False,True,
2021/22,180135,45,43,48,1458,1,1,2,29,0,0,0,1,0,0,1,206,246.0,116.6,93.0,45.7,0,0,0,0,0,0.0,0.0,0.0,0.0,339,339,Longstaff,Leeds,MID,5.0,4.5,4.3,-0.20000000000000018,11.162790697674419,2.9629629629629632,38.36842105263158,2,0.0617283950617284,0.0617283950617284,0.0,0.0,0.0,0.0,0.05263157894736842,0.0617283950617284,41.0,44.0,1405.0,1370.0,0.0,1.0,1.0,2.0,2.0,2.0,1.0,0.0,2.626334519572954,2.8905109489051095,0.0,0.0,0.0,0.0,False,False,False,True,1.0
2022/23,180135,45,43,93,2514,1,5,13,18,0,0,0,2,0,0,2,347,385.2,372.0,408.0,116.8,0,0,0,0,28,3.3,2.57,5.87,27.57,339,339,Longstaff,Leeds,MID,5.0,4.5,4.3,-0.20000000000000018,21.627906976744185,3.3293556085918854,66.15789473684211,6,0.03579952267303103,0.17899761336515513,0.11813842482100238,0.09200477326968973,0.21014319809069212,0.0,0.34210526315789475,0.07159904534606205,48.0,41.0,1458.0,1405.0,1.0,0.0,1.0,1.0,2.0,2.0,1.0,1.0,2.9629629629629632,2.626334519572954,0.0,0.0,0.0,0.0,False,False,False,True,2.0
2023/24,180135,50,48,110,2742,6,3,10,50,0,0,0,7,0,0,3,418,550.0,357.1,479.0,138.8,0,0,0,0,30,6.76,2.8,9.56,51.59,339,339,Longstaff,Leeds,MID,5.0,5.0,4.8,-0.20000000000000018,22.916666666666668,3.6105032822757113,72.15789473684211,9,0.19693654266958427,0.09846827133479213,0.22188183807439826,0.09190371991247265,0.3137855579868709,0.0,0.2631578947368421,0.09846827133479213,93.0,48.0,2514.0,1458.0,1.0,1.0,5.0,1.0,13.0,2.0,2.0,1.0,3.3293556085918854,2.9629629629629632,0.11813842482100238,0.0,0.09200477326968973,0.0,False,False,False,True,3.0
2024/25,180135,50,44,34,783,0,1,2,11,0,0,0,2,0,0,0,131,117.2,78.4,76.0,27.3,0,0,0,78,8,0.6,0.22,0.82,11.32,339,339,Longstaff,Leeds,MID,5.0,5.0,4.4,-0.5999999999999996,7.727272727272727,3.9080459770114944,20.605263157894736,1,0.0,0.1149425287356322,0.06896551724137931,0.025287356321839084,0.09425287356321839,0.0,0.05263157894736842,0.0,110.0,93.0,2742.0,2514.0,6.0,1.0,3.0,5.0,10.0,13.0,3.0,2.0,3.6105032822757113,3.3293556085918854,0.22188183807439826,0.11813842482100238,0.09190371991247265,0.09200477326968973,False,False,False,True,4.0
2025/26,180135,50,48,56,1003,2,2,1,20,0,0,0,2,0,0,5,273,291.8,403.7,116.0,81.2,29,43,38,110,10,1.23,1.87,3.1,15.88,339,339,Longstaff,Leeds,MID,5.0,5.0,4.8,-0.20000000000000018,11.666666666666668,5.024925224327019,26.394736842105264,4,0.1794616151545364,0.1794616151545364,0.11036889332003988,0.16779661016949154,0.27816550348953145,0.0,0.02631578947368421,0.448654037886341,34.0,110.0,783.0,2742.0,0.0,6.0,1.0,3.0,2.0,10.0,0.0,3.0,3.9080459770114944,3.6105032822757113,0.06896551724137931,0.22188183807439826,0.025287356321839084,0.09190371991247265,False,False,False,True,5.0
2021/22,462635,45,47,43,733,2,4,1,25,0,0,0,4,0,0,3,129,148.0,117.0,412.0,67.2,0,0,0,0,0,0.0,0.0,0.0,0.0,340,340,Gelhardt,Leeds,MID,5.0,4.5,4.7,0.20000000000000018,9.148936170212766,5.279672578444748,19.289473684210527,6,0.2455661664392906,0.4911323328785812,0.0,0.0,0.0,0.0,0.02631578947368421,0.3683492496589359,0.0,,0.0,,0.0,,0.0,,0.0,,0.0,,0.0,,0.0,,0.0,,False,False,False,True,1.0
2022/23,462635,55,51,20,201,0,2,0,3,0,0,0,1,0,0,0,44,49.4,32.1,114.0,19.4,0,0,0,0,1,0.84,0.4,1.24,2.79,340,340,Gelhardt,Leeds,MID,5.0,5.5,5.1,-0.40000000000000036,3.9215686274509807,8.955223880597014,5.2894736842105265,2,0.0,0.8955223880597015,0.3761194029850746,0.17910447761194032,0.5552238805970149,0.0,0.0,0.0,43.0,0.0,733.0,0.0,2.0,0.0,4.0,0.0,1.0,0.0,3.0,0.0,5.279672578444748,0.0,0.0,0.0,0.0,0.0,False,False,False,True,2.0
2025/26,462635,45,45,0,0,0,0,0,0,0,0,0,0,0,0,0,0,0.0,0.0,0.0,0.0,0,0,0,0,0,0.0,0.0,0.0,0.0,340,340,Gelhardt,Leeds,MID,5.0,4.5,4.5,0.0,0.0,0.0,0.0,0,0.0,0.0,0.0,0.0,0.0,0.0,0.0,0.0,20.0,43.0,201.0,733.0,0.0,2.0,2.0,4.0,0.0,1.0,0.0,3.0,8.955223880597014,5.279672578444748,0.3761194029850746,0.0,0.17910447761194032,0.0,False,False,False,True,5.0
2025/26,492859,55,51,32,521,0,3,1,14,0,0,0,3,0,0,0,134,85.2,129.3,61.0,27.5,15,26,18,59,4,0.4,0.77,1.17,11.99,341,341,Gnonto,Leeds,MID,5.0,5.5,5.1,-0.40000000000000036,6.274509803921569,5.527831094049904,13.710526315789474,3,0.0,0.5182341650671786,0.0690978886756238,0.13301343570057583,0.2021113243761996,0.0,0.02631578947368421,0.0,55.0,,1346.0,,2.0,,4.0,,4.0,,6.0,,3.677563150074294,,0.11968796433878158,,0.14175334323922734,,False,False,False,True,5.0
2021/22,221399,60,55,117,2638,8,1,3,68,0,0,0,3,0,0,12,408,614.6,591.8,687.0,188.5,0,0,0,0,0,0.0,0.0,0.0,0.0,342,342,Harrison,Leeds,MID,5.0,6.0,5.5,-0.5,21.272727272727273,3.9916603487490523,69.42105263157895,9,0.27293404094010615,0.03411675511751327,0.0,0.0,0.0,0.0,0.07894736842105263,0.40940106141015925,160.0,,2846.0,,8.0,,10.0,,11.0,,15.0,,5.059732958538299,,0.0,,0.0,,False,False,False,True,1.0
2022/23,221399,60,57,134,2707,5,8,6,55,1,0,0,2,0,0,15,403,600.2,834.8,487.0,192.0,0,0,0,0,34,5.44,5.06,10.5,49.47,342,342,Harrison,Leeds,MID,5.0,6.0,5.7,-0.2999999999999998,23.50877192982456,4.455116364979682,71.23684210526316,13,0.1662356852604359,0.2659770964166974,0.18086442556335428,0.1682305134835611,0.3490949390469154,0.0,0.15789473684210525,0.4987070557813077,117.0,160.0,2638.0,2846.0,8.0,8.0,1.0,10.0,3.0,11.0,12.0,15.0,3.9916603487490523,5.059732958538299,0.0,0.0,0.0,0.0,False,False,False,True,2.0
2023/24,221399,55,55,92,2212,3,3,11,26,0,0,0,1,0,0,5,292,397.4,405.7,339.0,114.3,0,0,0,0,25,3.68,3.02,6.7,34.15,342,342,Harrison,Leeds,MID,5.0,5.5,5.5,0.0,16.727272727272727,3.7432188065099457,58.21052631578947,6,0.12206148282097648,0.12206148282097648,0.14972875226039783,0.122875226039783,0.27260397830018085,0.0,0.2894736842105263,0.20343580470162748,134.0,117.0,2707.0,2638.0,5.0,8.0,8.0,1.0,6.0,3.0,15.0,12.0,4.455116364979682,3.9916603487490523,0.18086442556335428,0.0,0.1682305134835611,0.0,False,False,False,True,3.0
2024/25,221399,55,52,81,2068,1,3,7,27,0,0,0,0,0,0,4,291,277.0,527.7,288.0,108.6,0,0,0,148,24,3.54,3.12,6.66,31.23,342,342,Harrison,Leeds,MID,5.0,5.5,5.2,-0.2999999999999998,15.576923076923077,3.525145067698259,54.421052631578945,4,0.043520309477756286,0.13056092843326886,0.15406189555125727,0.1357833655705996,0.2898452611218569,0.0,0.18421052631578946,0.17408123791102514,92.0,134.0,2212.0,2707.0,3.0,5.0,3.0,8.0,11.0,6.0,5.0,15.0,3.7432188065099457,4.455116364979682,0.14972875226039783,0.18086442556335428,0.122875226039783,0.1682305134835611,False,False,False,True,4.0
2025/26,221399,55,51,12,262,0,0,0,5,0,0,0,0,0,0,0,51,30.0,49.4,35.0,11.5,6,13,5,24,1,0.28,0.23,0.51,3.82,342,342,Harrison,Leeds,MID,5.0,5.5,5.1,-0.40000000000000036,2.3529411764705883,4.122137404580153,6.894736842105263,0,0.0,0.0,0.09618320610687024,0.07900763358778627,0.17519083969465649,0.0,0.0,0.0,81.0,92.0,2068.0,2212.0,1.0,3.0,3.0,3.0,7.0,11.0,4.0,5.0,3.525145067698259,3.7432188065099457,0.15406189555125727,0.14972875226039783,0.1357833655705996,0.122875226039783,False,False,False,True,5.0
2019/20,200617,60,57,95,2281,3,6,7,29,0,0,0,4,0,0,2,308,415.2,428.1,622.0,146.0,0,0,0,0,0,0.0,0.0,0.0,0.0,343,343,James,Leeds,MID,5.0,6.0,5.7,-0.2999999999999998,16.666666666666668,3.7483559842174485,60.026315789473685,9,0.1183691363437089,0.2367382726874178,0.0,0.0,0.0,0.0,0.18421052631578946,0.0789127575624726,0.0,,0.0,,0.0,,0.0,,0.0,,0.0,,0.0,,0.0,,0.0,,False,False,False,True,
2020/21,200617,65,62,43,907,3,1,4,7,0,0,0,3,0,0,1,145,186.0,145.7,285.0,61.5,0,0,0,0,0,0.0,0.0,0.0,0.0,343,343,James,Leeds,MID,5.0,6.5,6.2,-0.2999999999999998,6.935483870967742,4.266813671444322,23.86842105263158,4,0.29768467475192945,0.09922822491730982,0.0,0.0,0.0,0.0,0.10526315789473684,0.09922822491730982,95.0,0.0,2281.0,0.0,3.0,0.0,6.0,0.0,7.0,0.0,2.0,0.0,3.7483559842174485,0.0,0.0,0.0,0.0,0.0,False,False,False,True,
2021/22,200617,60,60,91,2489,4,5,5,51,0,0,0,7,1,0,2,221,336.4,348.1,810.0,148.1,0,0,0,0,0,0.0,0.0,0.0,0.0,343,343,James,Leeds,MID,5.0,6.0,6.0,0.0,15.166666666666666,3.290478103656087,65.5,9,0.1446364001607071,0.1807955002008839,0.0,0.0,0.0,0.0,0.13157894736842105,0.07231820008035356,43.0,95.0,907.0,2281.0,3.0,3.0,1.0,6.0,4.0,7.0,1.0,2.0,4.266813671444322,3.7483559842174485,0.0,0.0,0.0,0.0,False,False,False,True,1.0
2022/23,200617,60,59,45,802,2,1,1,18,0,0,0,0,0,0,2,152,149.6,129.7,220.0,49.6,0,0,0,0,7,2.02,0.75,2.77,19.98,343,343,James,Leeds,MID,5.0,6.0,5.9,-0.09999999999999964,7.627118644067796,5.049875311720698,21.105263157894736,3,0.22443890274314213,0.11221945137157106,0.22668329177057356,0.08416458852867831,0.31084788029925187,0.0,0.02631578947368421,0.22443890274314213,91.0,43.0,2489.0,907.0,4.0,3.0,5.0,1.0,5.0,4.0,2.0,1.0,3.290478103656087,4.266813671444322,0.0,0.0,0.0,0.0,False,False,False,True,2.0
2025/26,200617,55,52,23,547,0,0,1,16,0,0,0,0,0,0,0,93,70.8,133.1,133.0,33.9,9,19,7,35,6,0.91,0.71,1.62,14.39,343,343,James,Leeds,MID,5.0,5.5,5.2,-0.2999999999999998,4.423076923076923,3.784277879341865,14.394736842105264,0,0.0,0.0,0.1497257769652651,0.11681901279707495,0.2665447897623401,0.0,0.02631578947368421,0.0,45.0,91.0,802.0,2489.0,2.0,4.0,1.0,5.0,1.0,5.0,2.0,2.0,5.049875311720698,3.290478103656087,0.22668329177057356,0.0,0.08416458852867831,0.0,False,False,False,True,5.0
2017/18,177815,50,49,88,1871,4,8,6,28,0,0,0,4,0,0,3,255,354.0,322.6,630.0,130.2,0,0,0,0,0,0.0,0.0,0.0,0.0,346,346,Calvert-Lewin,Leeds,FWD,6.0,5.0,4.9,-0.09999999999999964,17.959183673469386,4.233030464991983,49.23684210526316,12,0.19241047568145378,0.38482095136290756,0.0,0.0,0.0,0.0,0.15789473684210525,0.14430785676109034,17.0,,347.0,,1.0,,0.0,,0.0,,1.0,,4.409221902017291,,0.0,,0.0,,False,True,False,False,
2018/19,177815,55,54,92,1769,6,5,8,26,0,0,0,3,0,0,3,267,321.8,185.7,618.0,111.5,0,0,0,0,0,0.0,0.0,0.0,0.0,346,346,Calvert-Lewin,Leeds,FWD,6.0,5.5,5.4,-0.09999999999999964,17.037037037037035,4.680610514414924,46.55263157894737,11,0.30525720746184287,0.25438100621820237,0.0,0.0,0.0,0.0,0.21052631578947367,0.15262860373092144,88.0,17.0,1871.0,347.0,4.0,1.0,8.0,0.0,6.0,0.0,3.0,1.0,4.233030464991983,4.409221902017291,0.0,0.0,0.0,0.0,False,True,False,False,
2019/20,177815,60,61,126,2621,13,1,8,43,0,0,0,9,0,0,15,385,562.8,241.4,1272.0,206.3,0,0,0,0,0,0.0,0.0,0.0,0.0,346,346,Calvert-Lewin,Leeds,FWD,6.0,6.0,6.1,0.09999999999999964,20.655737704918035,4.3265929034719575,68.97368421052632,14,0.44639450591377333,0.0343380389164441,0.0,0.0,0.0,0.0,0.21052631578947367,0.5150705837466616,92.0,88.0,1769.0,1871.0,6.0,4.0,5.0,8.0,8.0,6.0,3.0,3.0,4.680610514414924,4.233030464991983,0.0,0.0,0.0,0.0,False,True,False,False,
2020/21,177815,70,75,165,2871,16,6,11,39,0,0,0,3,0,0,21,528,745.8,308.0,1439.0,249.0,0,0,0,0,0,0.0,0.0,0.0,0.0,346,346,Calvert-Lewin,Leeds,FWD,6.0,7.0,7.5,0.5,22.0,5.172413793103448,75.55263157894737,22,0.5015673981191223,0.18808777429467086,0.0,0.0,0.0,0.0,0.2894736842105263,0.658307210031348,126.0,92.0,2621.0,1769.0,13.0,6.0,1.0,5.0,8.0,8.0,15.0,3.0,4.3265929034719575,4.680610514414924,0.0,0.0,0.0,0.0,False,True,False,False,
2021/22,177815,80,77,64,1281,5,2,3,31,0,0,1,2,0,0,10,207,255.8,144.7,448.0,84.7,0,0,0,0,0,0.0,0.0,0.0,0.0,346,346,Calvert-Lewin,Leeds,FWD,6.0,8.0,7.7,-0.2999999999999998,8.311688311688311,4.49648711943794,33.71052631578947,7,0.351288056206089,0.14051522248243561,0.0,0.0,0.0,0.0,0.07894736842105263,0.702576112412178,165.0,126.0,2871.0,2621.0,16.0,13.0,6.0,1.0,11.0,8.0,21.0,15.0,5.172413793103448,4.3265929034719575,0.0,0.0,0.0,0.0,False,True,False,False,1.0
2022/23,177815,80,79,40,1166,2,1,4,22,0,0,0,3,0,0,2,89,138.4,122.4,409.0,66.4,0,0,0,0,15,5.9,0.72,6.62,23.13,346,346,Calvert-Lewin,Leeds,FWD,6.0,8.0,7.9,-0.09999999999999964,5.063291139240506,3.0874785591766725,30.68421052631579,3,0.15437392795883362,0.07718696397941681,0.4554030874785592,0.0555746140651801,0.5109777015437392,0.0,0.10526315789473684,0.15437392795883362,64.0,165.0,1281.0,2871.0,5.0,16.0,2.0,6.0,3.0,11.0,10.0,21.0,4.49648711943794,5.172413793103448,0.0,0.0,0.0,0.0,False,True,False,False,2.0
2023/24,177815,60,58,101,2166,7,3,13,27,0,0,0,2,0,0,9,259,403.0,255.6,901.0,154.8,0,0,0,0,26,12.86,1.58,14.43,31.91,346,346,Calvert-Lewin,Leeds,FWD,6.0,6.0,5.8,-0.20000000000000018,17.413793103448278,4.196675900277008,57.0,10,0.29085872576177285,0.12465373961218837,0.5343490304709141,0.06565096952908588,0.599584487534626,0.0,0.34210526315789475,0.3739612188365651,40.0,64.0,1166.0,1281.0,2.0,5.0,1.0,2.0,4.0,3.0,2.0,10.0,3.0874785591766725,4.49648711943794,0.4554030874785592,0.0,0.0555746140651801,0.0,False,True,False,False,3.0
2024/25,177815,60,54,63,1602,3,2,8,18,0,0,0,2,0,0,3,157,200.2,126.1,573.0,89.2,0,0,0,76,19,6.53,0.63,7.16,24.83,346,346,Calvert-Lewin,Leeds,FWD,6.0,6.0,5.4,-0.5999999999999996,11.666666666666666,3.539325842696629,42.1578947368421,5,0.16853932584269662,0.11235955056179775,0.3668539325842697,0.03539325842696629,0.40224719101123596,0.0,0.21052631578947367,0.16853932584269662,101.0,40.0,2166.0,1166.0,7.0,2.0,3.0,1.0,13.0,4.0,9.0,2.0,4.196675900277008,3.0874785591766725,0.5343490304709141,0.4554030874785592,0.06565096952908588,0.0555746140651801,False,True,False,False,4.0
2025/26,177815,55,58,142,2721,14,2,8,34,0,0,1,3,0,0,20,472,619.6,311.1,1026.0,194.7,49,46,10,105,30,15.57,1.06,16.62,35.74,346,346,Calvert-Lewin,Leeds,FWD,6.0,5.5,5.8,0.2999999999999998,24.482758620689655,4.696802646085998,71.60526315789474,16,0.46306504961411243,0.0661521499448732,0.514994487320838,0.0350606394707828,0.5497243660418963,0.0,0.21052631578947367,0.6615214994487321,63.0,101.0,1602.0,2166.0,3.0,7.0,2.0,3.0,8.0,13.0,3.0,9.0,3.539325842696629,4.196675900277008,0.3668539325842697,0.5343490304709141,0.03539325842696629,0.06565096952908588,False,True,False,False,5.0
2025/26,174594,50,50,73,1065,6,1,3,23,0,0,1,0,0,0,8,268,290.4,153.5,434.0,87.8,15,30,12,57,10,7.25,1.58,8.83,21.84,347,347,Nmecha,Leeds,FWD,5.5,5.0,5.0,0.0,14.6,6.169014084507042,28.026315789473685,7,0.5070422535211268,0.08450704225352113,0.6126760563380281,0.13352112676056338,0.7461971830985915,0.0,0.07894736842105263,0.676056338028169,2.0,,14.0,,0.0,,0.0,,0.0,,0.0,,12.857142857142858,,0.0,,0.0,,False,True,False,False,5.0
2025/26,565297,50,50,0,0,0,0,0,0,0,0,0,0,0,0,0,0,0.0,0.0,0.0,0.0,0,0,0,0,0,0.0,0.0,0.0,0.0,349,349,Mateo Joseph,Leeds,FWD,4.5,5.0,5.0,0.0,0.0,0.0,0.0,0,0.0,0.0,0.0,0.0,0.0,0.0,0.0,0.0,3.0,,24.0,,0.0,,0.0,,0.0,,0.0,,11.25,,0.225,,0.0,,False,True,False,False,5.0
2019/20,116535,60,62,122,2543,0,1,13,24,0,0,0,0,1,58,11,558,503.0,10.0,0.0,51.5,0,0,0,0,0,0.0,0.0,0.0,0.0,350,350,A.Becker,Liverpool,GKP,5.5,6.0,6.2,0.20000000000000018,19.677419354838708,4.317734958710185,66.92105263157895,1,0.0,0.03539127015336217,0.0,0.0,0.0,2.0526936688950057,0.34210526315789475,0.3893039716869839,176.0,,3420.0,,0.0,,0.0,,21.0,,9.0,,4.631578947368421,,0.0,,0.0,,False,False,True,False,
2020/21,116535,60,60,140,2970,1,0,10,32,0,1,0,1,0,84,13,660,776.4,0.1,17.0,79.4,0,0,0,0,0,0.0,0.0,0.0,0.0,350,350,A.Becker,Liverpool,GKP,5.5,6.0,6.0,0.0,23.333333333333332,4.242424242424242,78.15789473684211,1,0.030303030303030304,0.0,0.0,0.0,0.0,2.5454545454545454,0.2631578947368421,0.3939393939393939,122.0,176.0,2543.0,3420.0,0.0,0.0,1.0,0.0,13.0,21.0,11.0,9.0,4.317734958710185,4.631578947368421,0.0,0.0,0.0,0.0,False,False,True,False,
2021/22,116535,60,61,176,3240,0,1,20,24,1,0,0,0,0,75,15,782,721.4,10.0,0.0,73.1,0,0,0,0,0,0.0,0.0,0.0,0.0,350,350,A.Becker,Liverpool,GKP,5.5,6.0,6.1,0.09999999999999964,28.852459016393443,4.888888888888889,85.26315789473684,1,0.0,0.027777777777777776,0.0,0.0,0.0,2.0833333333333335,0.5263157894736842,0.4166666666666667,140.0,122.0,2970.0,2543.0,1.0,0.0,0.0,1.0,10.0,13.0,13.0,11.0,4.242424242424242,4.317734958710185,0.0,0.0,0.0,0.0,False,False,True,False,1.0
2022/23,116535,55,55,162,3330,0,1,14,43,0,1,0,1,0,107,15,824,966.4,10.1,0.0,97.6,0,0,0,0,37,0.0,0.02,0.02,50.02,350,350,A.Becker,Liverpool,GKP,5.5,5.5,5.5,0.0,29.454545454545453,4.378378378378378,87.63157894736842,1,0.0,0.02702702702702703,0.0,0.0005405405405405405,0.0005405405405405405,2.891891891891892,0.3684210526315789,0.40540540540540543,176.0,140.0,3240.0,2970.0,0.0,1.0,1.0,0.0,20.0,10.0,15.0,13.0,4.888888888888889,4.242424242424242,0.0,0.0,0.0,0.0,False,False,True,False,2.0
2023/24,116535,55,57,107,2520,0,0,8,30,0,0,0,1,0,83,9,575,671.2,10.4,0.0,68.1,0,0,0,0,28,0.0,0.0,0.0,35.21,350,350,A.Becker,Liverpool,GKP,5.5,5.5,5.7,0.20000000000000018,18.771929824561404,3.8214285714285716,66.3157894736842,0,0.0,0.0,0.0,0.0,0.0,2.9642857142857144,0.21052631578947367,0.32142857142857145,162.0,176.0,3330.0,3240.0,0.0,0.0,1.0,1.0,14.0,20.0,15.0,15.0,4.378378378378378,4.888888888888889,0.0,0.0,0.0005405405405405405,0.0,False,False,True,False,3.0
2024/25,116535,55,55,112,2508,0,0,10,29,0,0,0,0,0,78,9,451,628.8,13.0,0.0,64.0,0,0,0,0,28,0.0,0.2,0.2,27.1,350,350,A.Becker,Liverpool,GKP,5.5,5.5,5.5,0.0,20.363636363636363,4.019138755980861,66.0,0,0.0,0.0,0.0,0.007177033492822967,0.007177033492822967,2.799043062200957,0.2631578947368421,0.3229665071770335,107.0,162.0,2520.0,3330.0,0.0,0.0,0.0,1.0,8.0,14.0,9.0,15.0,3.8214285714285716,4.378378378378378,0.0,0.0,0.0,0.0005405405405405405,False,False,True,False,4.0
2025/26,116535,55,54,91,2340,0,0,8,31,0,0,0,1,0,57,8,389,479.8,0.1,0.0,47.8,37,229,0,0,26,0.0,0.03,0.03,29.58,350,350,A.Becker,Liverpool,GKP,5.5,5.5,5.4,-0.09999999999999964,16.85185185185185,3.5,61.578947368421055,0,0.0,0.0,0.0,0.0011538461538461537,0.0011538461538461537,2.1923076923076925,0.21052631578947367,0.3076923076923077,112.0,107.0,2508.0,2520.0,0.0,0.0,0.0,0.0,10.0,8.0,9.0,9.0,4.019138755980861,3.8214285714285716,0.0,0.0,0.007177033492822967,0.0,False,False,True,False,5.0
2015/16,155503,40,40,0,0,0,0,0,0,0,0,0,0,0,0,0,0,0.0,0.0,0.0,0.0,0,0,0,0,0,0.0,0.0,0.0,0.0,352,352,Woodman,Liverpool,GKP,4.0,4.0,4.0,0.0,0.0,0.0,0.0,0,0.0,0.0,0.0,0.0,0.0,0.0,0.0,0.0,0.0,,0.0,,0.0,,0.0,,0.0,,0.0,,0.0,,0.0,,0.0,,False,False,True,False,
2017/18,155503,40,40,0,0,0,0,0,0,0,0,0,0,0,0,0,0,0.0,0.0,0.0,0.0,0,0,0,0,0,0.0,0.0,0.0,0.0,352,352,Woodman,Liverpool,GKP,4.0,4.0,4.0,0.0,0.0,0.0,0.0,0,0.0,0.0,0.0,0.0,0.0,0.0,0.0,0.0,0.0,0.0,0.0,0.0,0.0,0.0,0.0,0.0,0.0,0.0,0.0,0.0,0.0,0.0,0.0,0.0,0.0,0.0,False,False,True,False,
2018/19,155503,40,40,0,0,0,0,0,0,0,0,0,0,0,0,0,0,0.0,0.0,0.0,0.0,0,0,0,0,0,0.0,0.0,0.0,0.0,352,352,Woodman,Liverpool,GKP,4.0,4.0,4.0,0.0,0.0,0.0,0.0,0,0.0,0.0,0.0,0.0,0.0,0.0,0.0,0.0,0.0,0.0,0.0,0.0,0.0,0.0,0.0,0.0,0.0,0.0,0.0,0.0,0.0,0.0,0.0,0.0,0.0,0.0,False,False,True,False,
2019/20,155503,40,39,0,0,0,0,0,0,0,0,0,0,0,0,0,0,0.0,0.0,0.0,0.0,0,0,0,0,0,0.0,0.0,0.0,0.0,352,352,Woodman,Liverpool,GKP,4.0,4.0,3.9,-0.10000000000000009,0.0,0.0,0.0,0,0.0,0.0,0.0,0.0,0.0,0.0,0.0,0.0,0.0,0.0,0.0,0.0,0.0,0.0,0.0,0.0,0.0,0.0,0.0,0.0,0.0,0.0,0.0,0.0,0.0,0.0,False,False,True,False,
2021/22,155503,45,43,9,360,0,0,0,12,0,1,0,0,0,10,0,64,89.4,0.0,0.0,9.0,0,0,0,0,0,0.0,0.0,0.0,0.0,352,352,Woodman,Liverpool,GKP,4.0,4.5,4.3,-0.20000000000000018,2.0930232558139537,2.25,9.473684210526315,0,0.0,0.0,0.0,0.0,0.0,2.5,0.0,0.0,0.0,0.0,0.0,0.0,0.0,0.0,0.0,0.0,0.0,0.0,0.0,0.0,0.0,0.0,0.0,0.0,0.0,0.0,False,False,True,False,1.0
2025/26,155503,40,39,6,212,0,0,0,4,0,0,0,0,0,9,0,34,83.8,0.0,0.0,8.4,4,22,0,0,2,0.0,0.0,0.0,4.76,352,352,Woodman,Liverpool,GKP,4.0,4.0,3.9,-0.10000000000000009,1.5384615384615385,2.547169811320755,5.578947368421052,0,0.0,0.0,0.0,0.0,0.0,3.820754716981132,0.0,0.0,9.0,0.0,360.0,0.0,0.0,0.0,0.0,0.0,0.0,0.0,0.0,0.0,2.25,0.0,0.0,0.0,0.0,0.0,False,False,True,False,5.0
2024/25,464353,40,40,0,0,0,0,0,0,0,0,0,0,0,0,0,0,0.0,0.0,0.0,0.0,0,0,0,0,0,0.0,0.0,0.0,0.0,355,355,Davies,Liverpool,GKP,4.0,4.0,4.0,0.0,0.0,0.0,0.0,0,0.0,0.0,0.0,0.0,0.0,0.0,0.0,0.0,0.0,,0.0,,0.0,,0.0,,0.0,,0.0,,0.0,,0.0,,0.0,,False,False,True,False,4.0
2016/17,97032,55,56,75,1852,1,0,7,23,0,0,0,3,1,0,14,435,546.2,81.1,232.0,86.0,0,0,0,0,0,0.0,0.0,0.0,0.0,356,356,Virgil,Liverpool,DEF,6.5,5.5,5.6,0.09999999999999964,13.392857142857144,3.6447084233261338,48.73684210526316,1,0.04859611231101511,0.0,0.0,0.0,0.0,0.0,0.18421052631578946,0.6803455723542116,130.0,,3060.0,,3.0,,0.0,,10.0,,16.0,,3.823529411764706,,0.0,,0.0,,True,False,False,False,
2017/18,97032,55,57,78,2253,0,0,8,28,0,0,0,1,0,0,5,481,601.0,122.6,277.0,100.2,0,0,0,0,0,0.0,0.0,0.0,0.0,356,356,Virgil,Liverpool,DEF,6.5,5.5,5.7,0.20000000000000018,13.68421052631579,3.1158455392809583,59.28947368421053,0,0.0,0.0,0.0,0.0,0.0,0.0,0.21052631578947367,0.19973368841544606,75.0,130.0,1852.0,3060.0,1.0,3.0,0.0,0.0,7.0,10.0,14.0,16.0,3.6447084233261338,3.823529411764706,0.0,0.0,0.0,0.0,True,False,False,False,
2018/19,97032,60,67,208,3384,4,4,20,22,0,0,0,1,0,0,22,932,993.6,111.1,455.0,156.1,0,0,0,0,0,0.0,0.0,0.0,0.0,356,356,Virgil,Liverpool,DEF,6.5,6.0,6.7,0.7000000000000002,31.044776119402986,5.531914893617021,89.05263157894737,8,0.10638297872340426,0.10638297872340426,0.0,0.0,0.0,0.0,0.5263157894736842,0.5851063829787234,78.0,75.0,2253.0,1852.0,0.0,1.0,0.0,0.0,8.0,7.0,5.0,14.0,3.1158455392809583,3.6447084233261338,0.0,0.0,0.0,0.0,True,False,False,False,
2019/20,97032,65,65,178,3420,5,2,15,33,0,0,0,1,0,0,14,804,930.2,152.4,467.0,154.8,0,0,0,0,0,0.0,0.0,0.0,0.0,356,356,Virgil,Liverpool,DEF,6.5,6.5,6.5,0.0,27.384615384615383,4.684210526315789,90.0,7,0.13157894736842105,0.05263157894736842,0.0,0.0,0.0,0.0,0.39473684210526316,0.3684210526315789,208.0,78.0,3384.0,2253.0,4.0,0.0,4.0,0.0,20.0,8.0,22.0,5.0,5.531914893617021,3.1158455392809583,0.0,0.0,0.0,0.0,True,False,False,False,
2020/21,97032,65,62,15,370,1,0,1,11,0,0,0,1,0,0,1,73,82.4,4.8,66.0,15.3,0,0,0,0,0,0.0,0.0,0.0,0.0,356,356,Virgil,Liverpool,DEF,6.5,6.5,6.2,-0.2999999999999998,2.4193548387096775,3.648648648648649,9.736842105263158,1,0.24324324324324326,0.0,0.0,0.0,0.0,0.0,0.02631578947368421,0.24324324324324326,178.0,208.0,3420.0,3384.0,5.0,4.0,2.0,4.0,15.0,20.0,14.0,22.0,4.684210526315789,5.531914893617021,0.0,0.0,0.0,0.0,True,False,False,False,
2021/22,97032,65,68,183,3060,3,3,21,21,0,0,0,3,0,0,13,803,726.4,150.3,455.0,133.1,0,0,0,0,0,0.0,0.0,0.0,0.0,356,356,Virgil,Liverpool,DEF,6.5,6.5,6.8,0.2999999999999998,26.911764705882355,5.382352941176471,80.52631578947368,6,0.08823529411764706,0.08823529411764706,0.0,0.0,0.0,0.0,0.5526315789473685,0.38235294117647056,15.0,178.0,370.0,3420.0,1.0,5.0,0.0,2.0,1.0,15.0,1.0,14.0,3.648648648648649,4.684210526315789,0.0,0.0,0.0,0.0,True,False,False,False,1.0
2022/23,97032,65,66,127,2835,3,1,11,36,0,0,0,3,0,0,13,636,743.2,121.0,389.0,125.4,0,0,0,0,32,2.5,1.09,3.59,41.17,356,356,Virgil,Liverpool,DEF,6.5,6.5,6.6,0.09999999999999964,19.242424242424242,4.031746031746032,74.60526315789474,4,0.09523809523809523,0.031746031746031744,0.07936507936507936,0.03460317460317461,0.11396825396825397,0.0,0.2894736842105263,0.4126984126984127,183.0,15.0,3060.0,370.0,3.0,1.0,3.0,0.0,21.0,1.0,13.0,1.0,5.382352941176471,3.648648648648649,0.0,0.0,0.0,0.0,True,False,False,False,2.0
2023/24,97032,60,66,117,3177,2,2,9,40,0,0,0,3,1,0,8,662,911.2,176.3,449.0,153.8,0,0,0,0,36,2.88,1.04,3.92,45.72,356,356,Virgil,Liverpool,DEF,6.5,6.0,6.6,0.5999999999999996,17.727272727272727,3.314447592067989,83.60526315789474,4,0.056657223796034,0.056657223796034,0.08158640226628895,0.02946175637393768,0.11104815864022663,0.0,0.23684210526315788,0.226628895184136,127.0,183.0,2835.0,3060.0,3.0,3.0,1.0,3.0,11.0,21.0,13.0,13.0,4.031746031746032,5.382352941176471,0.07936507936507936,0.0,0.03460317460317461,0.0,True,False,False,False,3.0
2024/25,97032,60,67,143,3330,3,1,14,38,0,0,0,5,0,0,8,631,932.6,206.6,299.0,143.7,0,0,0,300,37,2.22,0.98,3.2,36.13,356,356,Virgil,Liverpool,DEF,6.5,6.0,6.7,0.7000000000000002,21.34328358208955,3.864864864864865,87.63157894736842,4,0.08108108108108109,0.02702702702702703,0.060000000000000005,0.026486486486486487,0.08648648648648649,0.0,0.3684210526315789,0.21621621621621623,117.0,127.0,3177.0,2835.0,2.0,3.0,2.0,1.0,9.0,11.0,8.0,13.0,3.314447592067989,4.031746031746032,0.08158640226628895,0.07936507936507936,0.02946175637393768,0.03460317460317461,True,False,False,False,4.0
2025/26,97032,60,61,175,3420,6,1,10,53,0,0,0,4,0,0,10,593,1169.4,215.9,490.0,187.6,329,87,23,352,38,3.77,1.44,5.21,47.63,356,356,Virgil,Liverpool,DEF,6.5,6.0,6.1,0.09999999999999964,28.688524590163937,4.605263157894737,90.0,7,0.15789473684210525,0.02631578947368421,0.09921052631578947,0.03789473684210526,0.13710526315789473,0.0,0.2631578947368421,0.2631578947368421,143.0,117.0,3330.0,3177.0,3.0,2.0,1.0,2.0,14.0,9.0,8.0,8.0,3.864864864864865,3.314447592067989,0.060000000000000005,0.08158640226628895,0.026486486486486487,0.02946175637393768,True,False,False,False,5.0
2024/25,544877,45,53,134,3336,2,6,9,45,0,0,0,4,0,0,10,550,694.0,642.0,238.0,157.3,0,0,0,207,38,0.6,2.57,3.17,48.69,358,358,Kerkez,Liverpool,DEF,5.5,4.5,5.3,0.7999999999999998,25.28301886792453,3.6151079136690645,87.78947368421052,8,0.0539568345323741,0.1618705035971223,0.016187050359712227,0.06933453237410071,0.08552158273381294,0.0,0.23684210526315788,0.2697841726618705,59.0,,1966.0,,0.0,,2.0,,6.0,,1.0,,2.700915564598169,,0.060427263479145475,,0.048524923702950154,,True,False,False,False,4.0
2025/26,544877,60,56,85,2251,2,1,6,37,0,0,0,4,0,0,4,357,434.6,415.8,141.0,99.4,93,88,41,134,27,1.5,0.69,2.19,30.1,358,358,Kerkez,Liverpool,DEF,5.5,6.0,5.6,-0.40000000000000036,15.178571428571429,3.3984895601954683,59.23684210526316,3,0.07996446023989337,0.039982230119946685,0.059973345179920035,0.027587738782763212,0.08756108396268325,0.0,0.15789473684210525,0.15992892047978674,134.0,59.0,3336.0,1966.0,2.0,0.0,6.0,2.0,9.0,6.0,10.0,1.0,3.6151079136690645,2.700915564598169,0.016187050359712227,0.060427263479145475,0.06933453237410071,0.048524923702950154,True,False,False,False,5.0
2016/17,171287,50,48,0,0,0,0,0,0,0,0,0,0,0,0,0,0,0.0,0.0,0.0,0.0,0,0,0,0,0,0.0,0.0,0.0,0.0,359,359,Gomez,Liverpool,DEF,5.0,5.0,4.8,-0.20000000000000018,0.0,0.0,0.0,0,0.0,0.0,0.0,0.0,0.0,0.0,0.0,0.0,23.0,,437.0,,0.0,,1.0,,3.0,,3.0,,4.736842105263158,,0.0,,0.0,,True,False,False,False,
2017/18,171287,45,45,86,1901,0,2,9,22,0,0,0,3,0,0,9,480,437.4,285.6,46.0,76.9,0,0,0,0,0,0.0,0.0,0.0,0.0,359,359,Gomez,Liverpool,DEF,5.0,4.5,4.5,0.0,19.11111111111111,4.07154129405576,50.026315789473685,2,0.0,0.09468700683850605,0.0,0.0,0.0,0.0,0.23684210526315788,0.4260915307732772,0.0,23.0,0.0,437.0,0.0,0.0,0.0,1.0,0.0,3.0,0.0,3.0,0.0,4.736842105263158,0.0,0.0,0.0,0.0,True,False,False,False,
2018/19,171287,50,48,55,1059,0,0,7,4,0,0,0,2,0,0,2,268,209.8,92.1,44.0,34.7,0,0,0,0,0,0.0,0.0,0.0,0.0,359,359,Gomez,Liverpool,DEF,5.0,5.0,4.8,-0.20000000000000018,11.458333333333334,4.674220963172804,27.86842105263158,0,0.0,0.0,0.0,0.0,0.0,0.0,0.18421052631578946,0.16997167138810196,86.0,0.0,1901.0,0.0,0.0,0.0,2.0,0.0,9.0,0.0,9.0,0.0,4.07154129405576,0.0,0.0,0.0,0.0,0.0,True,False,False,False,
2019/20,171287,55,53,93,1999,0,0,12,16,0,0,0,7,0,0,7,461,390.6,105.7,12.0,50.9,0,0,0,0,0,0.0,0.0,0.0,0.0,359,359,Gomez,Liverpool,DEF,5.0,5.5,5.3,-0.20000000000000018,17.547169811320757,4.1870935467733865,52.60526315789474,0,0.0,0.0,0.0,0.0,0.0,0.0,0.3157894736842105,0.3151575787893947,55.0,86.0,1059.0,1901.0,0.0,0.0,0.0,2.0,7.0,9.0,2.0,9.0,4.674220963172804,4.07154129405576,0.0,0.0,0.0,0.0,True,False,False,False,
2020/21,171287,55,52,10,589,0,0,0,14,0,0,0,0,0,0,0,94,106.8,18.1,0.0,12.5,0,0,0,0,0,0.0,0.0,0.0,0.0,359,359,Gomez,Liverpool,DEF,5.0,5.5,5.2,-0.2999999999999998,1.923076923076923,1.5280135823429541,15.5,0,0.0,0.0,0.0,0.0,0.0,0.0,0.0,0.0,93.0,55.0,1999.0,1059.0,0.0,0.0,0.0,0.0,12.0,7.0,7.0,2.0,4.1870935467733865,4.674220963172804,0.0,0.0,0.0,0.0,True,False,False,False,
2021/22,171287,50,47,22,330,0,1,2,3,0,0,0,2,0,0,2,92,76.6,64.0,13.0,15.4,0,0,0,0,0,0.0,0.0,0.0,0.0,359,359,Gomez,Liverpool,DEF,5.0,5.0,4.7,-0.2999999999999998,4.680851063829787,6.0,8.68421052631579,1,0.0,0.27272727272727276,0.0,0.0,0.0,0.0,0.05263157894736842,0.5454545454545455,10.0,93.0,589.0,1999.0,0.0,0.0,0.0,0.0,0.0,12.0,0.0,7.0,1.5280135823429541,4.1870935467733865,0.0,0.0,0.0,0.0,True,False,False,False,1.0
2022/23,171287,45,43,68,1461,0,0,8,16,0,0,0,3,0,0,8,337,312.4,46.1,38.0,39.7,0,0,0,0,15,0.2,0.67,0.87,25.28,359,359,Gomez,Liverpool,DEF,5.0,4.5,4.3,-0.20000000000000018,15.813953488372094,4.1889117043121145,38.44736842105263,0,0.0,0.0,0.012320328542094456,0.041273100616016425,0.05359342915811088,0.0,0.21052631578947367,0.4928131416837782,22.0,10.0,330.0,589.0,0.0,0.0,1.0,0.0,2.0,0.0,2.0,0.0,6.0,1.5280135823429541,0.0,0.0,0.0,0.0,True,False,False,False,2.0
2023/24,171287,45,45,76,1772,0,2,7,19,0,0,0,5,0,0,2,390,316.0,338.3,119.0,77.7,0,0,0,0,17,1.02,1.07,2.09,27.08,359,359,Gomez,Liverpool,DEF,5.0,4.5,4.5,0.0,16.88888888888889,3.860045146726862,46.63157894736842,2,0.0,0.10158013544018057,0.0518058690744921,0.054345372460496616,0.1061512415349887,0.0,0.18421052631578946,0.10158013544018057,68.0,22.0,1461.0,330.0,0.0,0.0,0.0,1.0,8.0,2.0,8.0,2.0,4.1889117043121145,6.0,0.012320328542094456,0.0,0.041273100616016425,0.0,True,False,False,False,3.0
2024/25,171287,50,47,14,517,0,0,1,8,0,0,0,1,0,0,0,83,130.4,38.5,58.0,22.8,0,0,0,45,6,0.33,0.09,0.42,5.38,359,359,Gomez,Liverpool,DEF,5.0,5.0,4.7,-0.2999999999999998,2.978723404255319,2.4371373307543522,13.605263157894736,0,0.0,0.0,0.0574468085106383,0.015667311411992263,0.07311411992263056,0.0,0.02631578947368421,0.0,76.0,68.0,1772.0,1461.0,0.0,0.0,2.0,0.0,7.0,8.0,2.0,8.0,3.860045146726862,4.1889117043121145,0.0518058690744921,0.012320328542094456,0.054345372460496616,0.041273100616016425,True,False,False,False,4.0
2025/26,171287,50,49,33,594,0,2,2,14,0,0,0,4,0,0,2,94,122.8,77.8,31.0,23.2,36,20,10,46,7,0.28,0.64,0.92,9.31,359,359,Gomez,Liverpool,DEF,5.0,5.0,4.9,-0.09999999999999964,6.73469387755102,5.0,15.631578947368421,2,0.0,0.30303030303030304,0.042424242424242434,0.09696969696969698,0.1393939393939394,0.0,0.05263157894736842,0.30303030303030304,14.0,76.0,517.0,1772.0,0.0,0.0,0.0,2.0,1.0,7.0,0.0,2.0,2.4371373307543522,3.860045146726862,0.0574468085106383,0.0518058690744921,0.015667311411992263,0.054345372460496616,True,False,False,False,5.0
2023/24,492777,40,41,50,752,1,3,3,7,1,0,0,2,0,0,7,211,230.4,215.8,160.0,60.6,0,0,0,0,10,0.91,1.24,2.15,7.47,360,360,Bradley,Liverpool,DEF,5.0,4.0,4.1,0.09999999999999964,12.195121951219512,5.984042553191489,19.789473684210527,4,0.11968085106382978,0.35904255319148937,0.10890957446808511,0.14840425531914891,0.257313829787234,0.0,0.07894736842105263,0.8377659574468085,0.0,,0.0,,0.0,,0.0,,0.0,,0.0,,0.0,,0.0,,0.0,,True,False,False,False,3.0
2024/25,492777,50,47,41,744,0,2,3,10,0,0,0,4,0,0,3,160,156.2,110.5,162.0,42.8,0,0,0,45,7,0.7,1.43,2.13,12.4,360,360,Bradley,Liverpool,DEF,5.0,5.0,4.7,-0.2999999999999998,8.72340425531915,4.959677419354838,19.57894736842105,2,0.0,0.24193548387096772,0.08467741935483869,0.1729838709677419,0.2576612903225806,0.0,0.07894736842105263,0.36290322580645157,50.0,0.0,752.0,0.0,1.0,0.0,3.0,0.0,3.0,0.0,7.0,0.0,5.984042553191489,0.0,0.10890957446808511,0.0,0.14840425531914891,0.0,True,False,False,False,4.0
2025/26,492777,50,49,42,928,0,2,4,13,0,0,0,5,0,0,2,157,157.4,105.2,62.0,32.3,46,43,19,65,12,0.18,0.84,1.02,10.77,360,360,Bradley,Liverpool,DEF,5.0,5.0,4.9,-0.09999999999999964,8.571428571428571,4.073275862068965,24.42105263157895,2,0.0,0.1939655172413793,0.017456896551724135,0.0814655172413793,0.09892241379310344,0.0,0.10526315789473684,0.1939655172413793,41.0,50.0,744.0,752.0,0.0,1.0,2.0,3.0,3.0,3.0,3.0,7.0,4.959677419354838,5.984042553191489,0.08467741935483869,0.10890957446808511,0.1729838709677419,0.14840425531914891,True,False,False,False,5.0
2021/22,214285,40,37,42,874,0,2,4,6,0,0,0,3,0,0,2,202,214.4,401.1,141.0,75.8,0,0,0,0,0,0.0,0.0,0.0,0.0,364,364,Tsimikas,Liverpool,DEF,5.0,4.0,3.7,-0.2999999999999998,11.35135135135135,4.324942791762014,23.0,2,0.0,0.20594965675057209,0.0,0.0,0.0,0.0,0.10526315789473684,0.20594965675057209,2.0,,6.0,,0.0,,0.0,,0.0,,0.0,,30.0,,0.0,,0.0,,True,False,False,False,1.0
2022/23,214285,45,43,48,762,0,4,4,11,0,0,0,3,0,0,2,216,183.2,298.3,124.0,60.7,0,0,0,0,9,0.68,1.3,1.98,14.45,364,364,Tsimikas,Liverpool,DEF,5.0,4.5,4.3,-0.20000000000000018,11.162790697674419,5.669291338582677,20.05263157894737,4,0.0,0.47244094488188976,0.08031496062992126,0.15354330708661418,0.23385826771653542,0.0,0.10526315789473684,0.23622047244094488,42.0,2.0,874.0,6.0,0.0,0.0,2.0,0.0,4.0,0.0,2.0,0.0,4.324942791762014,30.0,0.0,0.0,0.0,0.0,True,False,False,False,2.0
2023/24,214285,45,43,48,675,0,3,4,7,0,0,0,0,0,0,4,201,158.8,267.5,35.0,46.2,0,0,0,0,8,0.09,1.26,1.35,8.46,364,364,Tsimikas,Liverpool,DEF,5.0,4.5,4.3,-0.20000000000000018,11.162790697674419,6.4,17.763157894736842,3,0.0,0.4,0.012,0.168,0.18000000000000002,0.0,0.10526315789473684,0.5333333333333333,48.0,42.0,762.0,874.0,0.0,0.0,4.0,2.0,4.0,4.0,2.0,2.0,5.669291338582677,4.324942791762014,0.08031496062992126,0.0,0.15354330708661418,0.0,True,False,False,False,3.0
2024/25,214285,50,46,43,829,0,1,4,8,0,0,0,2,0,0,3,217,202.0,260.7,60.0,52.5,0,0,0,61,9,0.39,2.32,2.71,9.03,364,364,Tsimikas,Liverpool,DEF,5.0,5.0,4.6,-0.40000000000000036,9.347826086956523,4.668275030156816,21.81578947368421,1,0.0,0.10856453558504223,0.04234016887816647,0.25186972255729795,0.29420989143546444,0.0,0.10526315789473684,0.3256936067551267,48.0,48.0,675.0,762.0,0.0,0.0,3.0,4.0,4.0,4.0,4.0,2.0,6.4,5.669291338582677,0.012,0.08031496062992126,0.168,0.15354330708661418,True,False,False,False,4.0
2025/26,214285,50,48,0,0,0,0,0,0,0,0,0,0,0,0,0,0,0.0,0.0,0.0,0.0,0,0,0,0,0,0.0,0.0,0.0,0.0,364,364,Tsimikas,Liverpool,DEF,5.0,5.0,4.8,-0.20000000000000018,0.0,0.0,0.0,0,0.0,0.0,0.0,0.0,0.0,0.0,0.0,0.0,43.0,48.0,829.0,675.0,0.0,0.0,1.0,3.0,4.0,4.0,3.0,4.0,4.668275030156816,6.4,0.04234016887816647,0.012,0.25186972255729795,0.168,True,False,False,False,5.0
2025/26,489580,40,37,0,0,0,0,0,0,0,0,0,0,0,0,0,0,0.0,0.0,0.0,0.0,0,0,0,0,0,0.0,0.0,0.0,0.0,365,365,Ramsay,Liverpool,DEF,4.0,4.0,3.7,-0.2999999999999998,0.0,0.0,0.0,0,0.0,0.0,0.0,0.0,0.0,0.0,0.0,0.0,0.0,,0.0,,0.0,,0.0,,0.0,,0.0,,0.0,,0.0,,0.0,,True,False,False,False,5.0
2023/24,243298,75,71,106,1633,8,5,5,20,0,0,0,1,0,0,12,409,521.4,348.2,708.0,157.1,0,0,0,0,17,9.07,2.71,11.78,23.9,367,367,Gakpo,Liverpool,MID,7.0,7.5,7.1,-0.40000000000000036,14.929577464788734,5.842008573178199,42.973684210526315,13,0.4409063074096754,0.27556644213104714,0.4998775260257195,0.14935701163502754,0.649234537660747,0.0,0.13157894736842105,0.6613594611145132,90.0,,1455.0,,7.0,,3.0,,6.0,,4.0,,5.56701030927835,,0.39773195876288653,,0.1156701030927835,,False,False,False,True,3.0
2024/25,243298,75,72,127,1921,10,5,5,25,0,0,0,5,0,0,22,572,597.0,517.7,686.0,180.3,0,0,0,136,23,7.12,3.76,10.87,21.51,367,367,Gakpo,Liverpool,MID,7.0,7.5,7.2,-0.2999999999999998,17.63888888888889,5.950026028110359,50.55263157894737,15,0.4685059864653826,0.2342529932326913,0.3335762623633524,0.17615825091098386,0.5092660072878709,0.0,0.13157894736842105,1.0307131702238417,106.0,90.0,1633.0,1455.0,8.0,7.0,5.0,3.0,5.0,6.0,12.0,4.0,5.842008573178199,5.56701030927835,0.4998775260257195,0.39773195876288653,0.14935701163502754,0.1156701030927835,False,False,False,True,4.0
2025/26,243298,75,73,131,2736,7,5,10,39,0,0,0,3,0,0,5,449,540.4,714.7,831.0,208.4,37,87,28,152,32,8.35,4.67,13.02,34.94,367,367,Gakpo,Liverpool,MID,7.0,7.5,7.3,-0.20000000000000018,17.945205479452056,4.309210526315789,72.0,12,0.23026315789473686,0.16447368421052633,0.2746710526315789,0.15361842105263157,0.42828947368421055,0.0,0.2631578947368421,0.16447368421052633,127.0,106.0,1921.0,1633.0,10.0,8.0,5.0,5.0,5.0,5.0,22.0,12.0,5.950026028110359,5.842008573178199,0.3335762623633524,0.4998775260257195,0.17615825091098386,0.14935701163502754,False,False,False,True,5.0
2024/25,424876,65,61,143,2485,6,10,12,29,0,0,0,6,0,0,14,605,589.8,794.8,601.0,198.1,0,0,0,199,29,6.94,6.06,13.0,26.78,368,368,Szoboszlai,Liverpool,MID,7.0,6.5,6.1,-0.40000000000000036,23.442622950819672,5.17907444668008,65.39473684210526,16,0.21730382293762576,0.36217303822937624,0.2513480885311871,0.219476861167002,0.47082494969818917,0.0,0.3157894736842105,0.5070422535211268,99.0,,2102.0,,3.0,,4.0,,8.0,,7.0,,4.238820171265462,,0.15585156993339677,,0.21964795432921028,,False,False,False,True,4.0
2025/26,424876,65,71,160,3232,6,7,9,52,0,0,1,8,1,0,21,780,867.8,1324.6,417.0,260.9,96,186,56,338,36,4.76,6.83,11.59,45.63,368,368,Szoboszlai,Liverpool,MID,7.0,6.5,7.1,0.5999999999999996,22.535211267605636,4.455445544554456,85.05263157894737,13,0.1670792079207921,0.19492574257425743,0.13254950495049506,0.1901918316831683,0.32274133663366333,0.0,0.23684210526315788,0.5847772277227723,143.0,99.0,2485.0,2102.0,6.0,3.0,10.0,4.0,12.0,8.0,14.0,7.0,5.17907444668008,4.238820171265462,0.2513480885311871,0.15585156993339677,0.219476861167002,0.21964795432921028,False,False,False,True,5.0
2025/26,223541,65,63,37,317,2,1,0,9,0,0,0,3,0,0,0,135,122.0,47.5,182.0,34.9,13,9,8,30,1,1.45,0.61,2.06,6.5,370,370,Chiesa,Liverpool,MID,5.5,6.5,6.3,-0.20000000000000018,5.8730158730158735,10.504731861198739,8.342105263157896,3,0.5678233438485805,0.28391167192429023,0.4116719242902208,0.17318611987381705,0.5848580441640379,0.0,0.0,0.0,7.0,,103.0,,0.0,,0.0,,0.0,,0.0,,6.116504854368932,,0.2970873786407767,,0.13106796116504854,,False,False,False,True,5.0
2024/25,441266,50,50,92,3160,0,4,14,35,0,0,0,5,1,0,1,568,550.6,473.9,121.0,114.7,0,0,0,389,37,1.13,3.5,4.63,33.06,371,371,Gravenberch,Liverpool,MID,6.0,5.0,5.0,0.0,18.4,2.620253164556962,83.15789473684211,4,0.0,0.11392405063291139,0.03218354430379746,0.09968354430379746,0.1318670886075949,0.0,0.3684210526315789,0.028481012658227847,45.0,,1110.0,,1.0,,0.0,,3.0,,3.0,,3.6486486486486487,,0.16864864864864865,,0.10945945945945947,,False,False,False,True,4.0
2025/26,441266,55,54,144,2991,5,5,9,42,0,0,0,5,0,0,17,671,687.0,497.2,220.0,140.1,112,127,59,298,34,1.89,2.26,4.15,38.41,371,371,Gravenberch,Liverpool,MID,6.0,5.5,5.4,-0.09999999999999964,26.666666666666664,4.332998996990972,78.71052631578948,10,0.15045135406218654,0.15045135406218654,0.05687061183550651,0.06800401203610831,0.12487462387161485,0.0,0.23684210526315788,0.5115346038114343,92.0,45.0,3160.0,1110.0,0.0,1.0,4.0,0.0,14.0,3.0,1.0,3.0,2.620253164556962,3.6486486486486487,0.03218354430379746,0.16864864864864865,0.09968354430379746,0.10945945945945947,False,False,False,True,5.0
2020/21,243016,55,53,48,1108,1,1,5,14,0,0,0,1,0,0,3,148,170.6,210.6,235.0,61.5,0,0,0,0,0,0.0,0.0,0.0,0.0,372,372,Mac Allister,Liverpool,MID,5.5,5.5,5.3,-0.20000000000000018,9.056603773584905,3.898916967509025,29.157894736842106,2,0.0812274368231047,0.0812274368231047,0.0,0.0,0.0,0.0,0.13157894736842105,0.24368231046931407,12.0,,348.0,,0.0,,0.0,,0.0,,0.0,,3.103448275862069,,0.0,,0.0,,False,False,False,True,
2021/22,243016,55,51,93,2112,5,2,6,29,0,0,1,4,0,0,8,398,509.6,490.7,550.0,154.9,0,0,0,0,0,0.0,0.0,0.0,0.0,372,372,Mac Allister,Liverpool,MID,5.5,5.5,5.1,-0.40000000000000036,18.23529411764706,3.963068181818182,55.578947368421055,7,0.21306818181818182,0.08522727272727273,0.0,0.0,0.0,0.0,0.15789473684210525,0.34090909090909094,48.0,12.0,1108.0,348.0,1.0,0.0,1.0,0.0,5.0,0.0,3.0,0.0,3.898916967509025,3.103448275862069,0.0,0.0,0.0,0.0,False,False,False,True,1.0
2022/23,243016,55,56,140,2882,10,2,10,45,1,0,0,8,0,0,18,567,750.8,746.4,714.0,221.3,0,0,0,0,31,12.05,4.27,16.32,40.48,372,372,Mac Allister,Liverpool,MID,5.5,5.5,5.6,0.09999999999999964,25.0,4.371963913948647,75.84210526315789,12,0.3122831367106176,0.06245662734212352,0.37630117973629423,0.1333448993754337,0.5096460791117279,0.0,0.2631578947368421,0.5621096460791116,93.0,48.0,2112.0,1108.0,5.0,1.0,2.0,1.0,6.0,5.0,8.0,3.0,3.963068181818182,3.898916967509025,0.0,0.0,0.0,0.0,False,False,False,True,2.0
2023/24,243016,60,59,109,2600,5,5,6,34,0,0,0,7,1,0,12,512,712.4,726.7,224.0,166.2,0,0,0,0,31,3.59,4.89,8.48,37.16,372,372,Mac Allister,Liverpool,MID,5.5,6.0,5.9,-0.09999999999999964,18.47457627118644,3.773076923076923,68.42105263157895,10,0.17307692307692307,0.17307692307692307,0.12426923076923076,0.16926923076923076,0.2935384615384615,0.0,0.15789473684210525,0.41538461538461535,140.0,93.0,2882.0,2112.0,10.0,5.0,2.0,2.0,10.0,6.0,18.0,8.0,4.371963913948647,3.963068181818182,0.37630117973629423,0.0,0.1333448993754337,0.0,False,False,False,True,3.0
2024/25,243016,65,62,122,2597,5,6,14,24,0,0,0,6,0,0,8,578,653.4,731.3,357.0,174.1,0,0,0,300,30,2.89,5.57,8.46,24.21,372,372,Mac Allister,Liverpool,MID,5.5,6.5,6.2,-0.2999999999999998,19.677419354838708,4.227955333076627,68.34210526315789,11,0.1732768579129765,0.20793222949557183,0.10015402387370043,0.19303041971505586,0.2931844435887563,0.0,0.3684210526315789,0.2772429726607624,109.0,140.0,2600.0,2882.0,5.0,10.0,5.0,2.0,6.0,10.0,12.0,18.0,3.773076923076923,4.371963913948647,0.12426923076923076,0.37630117973629423,0.16926923076923076,0.1333448993754337,False,False,False,True,4.0
2025/26,243016,65,61,108,2654,2,5,7,41,0,0,0,7,0,0,9,490,475.4,562.2,365.0,139.9,64,112,53,229,31,3.89,1.69,5.58,36.97,372,372,Mac Allister,Liverpool,MID,5.5,6.5,6.1,-0.40000000000000036,17.704918032786885,3.6623963828183874,69.84210526315789,7,0.06782215523737754,0.16955538809344387,0.13191409193669934,0.05730972117558403,0.18922381311228337,0.0,0.18421052631578946,0.30519969856819895,122.0,109.0,2597.0,2600.0,5.0,5.0,6.0,5.0,14.0,6.0,8.0,12.0,4.227955333076627,3.773076923076923,0.10015402387370043,0.12426923076923076,0.19303041971505586,0.16926923076923076,False,False,False,True,5.0
2018/19,206915,45,45,0,0,0,0,0,0,0,0,0,0,0,0,0,0,0.0,0.0,0.0,0.0,0,0,0,0,0,0.0,0.0,0.0,0.0,373,373,C.Jones,Liverpool,MID,5.5,4.5,4.5,0.0,0.0,0.0,0.0,0,0.0,0.0,0.0,0.0,0.0,0.0,0.0,0.0,0.0,,0.0,,0.0,,0.0,,0.0,,0.0,,0.0,,0.0,,0.0,,False,False,False,True,
2019/20,206915,45,45,13,121,1,0,1,1,0,0,0,0,0,0,0,46,49.4,15.6,65.0,12.9,0,0,0,0,0,0.0,0.0,0.0,0.0,373,373,C.Jones,Liverpool,MID,5.5,4.5,4.5,0.0,2.888888888888889,9.669421487603305,3.1842105263157894,1,0.743801652892562,0.0,0.0,0.0,0.0,0.0,0.02631578947368421,0.0,0.0,0.0,0.0,0.0,0.0,0.0,0.0,0.0,0.0,0.0,0.0,0.0,0.0,0.0,0.0,0.0,0.0,0.0,False,False,False,True,
2020/21,206915,45,44,50,1169,1,2,5,14,0,0,0,2,0,0,0,226,224.6,233.4,289.0,74.8,0,0,0,0,0,0.0,0.0,0.0,0.0,373,373,C.Jones,Liverpool,MID,5.5,4.5,4.4,-0.09999999999999964,11.363636363636363,3.849443969204448,30.763157894736842,3,0.07698887938408897,0.15397775876817793,0.0,0.0,0.0,0.0,0.13157894736842105,0.0,13.0,0.0,121.0,0.0,1.0,0.0,0.0,0.0,1.0,0.0,0.0,0.0,9.669421487603305,0.0,0.0,0.0,0.0,0.0,False,False,False,True,
2021/22,206915,50,50,40,849,1,1,4,9,0,0,0,0,0,0,3,177,156.4,179.7,171.0,50.8,0,0,0,0,0,0.0,0.0,0.0,0.0,373,373,C.Jones,Liverpool,MID,5.5,5.0,5.0,0.0,8.0,4.240282685512367,22.342105263157894,2,0.10600706713780919,0.10600706713780919,0.0,0.0,0.0,0.0,0.10526315789473684,0.31802120141342755,50.0,13.0,1169.0,121.0,1.0,1.0,2.0,0.0,5.0,1.0,0.0,0.0,3.849443969204448,9.669421487603305,0.0,0.0,0.0,0.0,False,False,False,True,1.0
2022/23,206915,50,49,52,1029,3,1,4,15,0,0,0,2,0,0,4,206,272.8,238.1,240.0,75.0,0,0,0,0,12,1.15,1.36,2.51,15.6,373,373,C.Jones,Liverpool,MID,5.5,5.0,4.9,-0.09999999999999964,10.612244897959183,4.548104956268221,27.07894736842105,4,0.26239067055393583,0.08746355685131195,0.10058309037900874,0.11895043731778426,0.219533527696793,0.0,0.10526315789473684,0.3498542274052478,40.0,50.0,849.0,1169.0,1.0,1.0,1.0,2.0,4.0,5.0,3.0,0.0,4.240282685512367,3.849443969204448,0.0,0.0,0.0,0.0,False,False,False,True,2.0
2023/24,206915,50,49,40,1156,1,1,2,19,0,0,0,3,1,0,2,171,174.0,203.2,195.0,57.0,0,0,0,0,14,2.74,1.04,3.78,19.42,373,373,C.Jones,Liverpool,MID,5.5,5.0,4.9,-0.09999999999999964,8.16326530612245,3.1141868512110724,30.42105263157895,2,0.07785467128027682,0.07785467128027682,0.2133217993079585,0.0809688581314879,0.2942906574394463,0.0,0.05263157894736842,0.15570934256055363,52.0,40.0,1029.0,849.0,3.0,1.0,1.0,1.0,4.0,4.0,4.0,3.0,4.548104956268221,4.240282685512367,0.10058309037900874,0.0,0.11895043731778426,0.0,False,False,False,True,3.0
2024/25,206915,55,53,87,1702,3,5,6,27,0,0,0,1,1,0,4,396,397.2,343.7,400.0,113.6,0,0,0,160,19,4.34,1.46,5.8,23.35,373,373,C.Jones,Liverpool,MID,5.5,5.5,5.3,-0.20000000000000018,16.41509433962264,4.600470035252644,44.78947368421053,8,0.15863689776733256,0.26439482961222094,0.22949471210340774,0.0772032902467685,0.30669800235017625,0.0,0.15789473684210525,0.21151586368977673,40.0,52.0,1156.0,1029.0,1.0,3.0,1.0,1.0,2.0,4.0,2.0,4.0,3.1141868512110724,4.548104956268221,0.2133217993079585,0.10058309037900874,0.0809688581314879,0.11895043731778426,False,False,False,True,4.0
2025/26,206915,55,54,81,1923,1,3,3,37,0,0,0,2,0,0,6,447,407.4,412.1,227.0,104.6,53,144,40,237,18,2.21,2.77,4.98,31.44,373,373,C.Jones,Liverpool,MID,5.5,5.5,5.4,-0.09999999999999964,14.999999999999998,3.7909516380655224,50.60526315789474,4,0.046801872074883,0.14040561622464898,0.10343213728549142,0.12964118564742588,0.23307332293291733,0.0,0.07894736842105263,0.28081123244929795,87.0,40.0,1702.0,1156.0,3.0,1.0,5.0,1.0,6.0,2.0,4.0,2.0,4.600470035252644,3.1141868512110724,0.22949471210340774,0.2133217993079585,0.0772032902467685,0.0809688581314879,False,False,False,True,5.0
2024/25,158983,50,46,21,259,0,0,0,5,0,0,0,0,0,0,0,82,57.6,38.2,6.0,10.0,0,0,0,41,1,0.0,0.09,0.09,4.25,374,374,Endo,Liverpool,MID,5.0,5.0,4.6,-0.40000000000000036,4.565217391304349,7.297297297297297,6.815789473684211,0,0.0,0.0,0.0,0.03127413127413127,0.03127413127413127,0.0,0.0,0.0,47.0,,1714.0,,1.0,,0.0,,6.0,,0.0,,2.4679113185530923,,0.02677946324387398,,0.08033838973162194,,False,False,False,True,4.0
2025/26,158983,50,49,12,170,0,1,1,5,0,0,0,1,0,0,0,49,56.0,18.1,6.0,8.0,13,3,7,23,1,0.04,0.05,0.09,4.11,374,374,Endo,Liverpool,MID,5.0,5.0,4.9,-0.09999999999999964,2.4489795918367343,6.352941176470589,4.473684210526316,1,0.0,0.5294117647058824,0.021176470588235297,0.02647058823529412,0.04764705882352941,0.0,0.02631578947368421,0.0,21.0,47.0,259.0,1714.0,0.0,1.0,0.0,0.0,0.0,6.0,0.0,0.0,7.297297297297297,2.4679113185530923,0.0,0.02677946324387398,0.03127413127413127,0.08033838973162194,False,False,False,True,5.0
2024/25,591386,45,45,0,0,0,0,0,0,0,0,0,0,0,0,0,0,0.0,0.0,0.0,0.0,0,0,0,0,0,0.0,0.0,0.0,0.0,375,375,Nyoni,Liverpool,MID,5.0,4.5,4.5,0.0,0.0,0.0,0.0,0,0.0,0.0,0.0,0.0,0.0,0.0,0.0,0.0,0.0,,0.0,,0.0,,0.0,,0.0,,0.0,,0.0,,0.0,,0.0,,False,False,False,True,4.0
2025/26,591386,45,43,6,21,0,0,0,1,0,0,0,0,0,0,0,11,4.2,13.4,4.0,2.1,0,4,1,5,0,0.37,0.02,0.39,0.85,375,375,Nyoni,Liverpool,MID,5.0,4.5,4.3,-0.20000000000000018,1.3953488372093024,25.714285714285715,0.5526315789473685,0,0.0,0.0,1.5857142857142856,0.08571428571428572,1.6714285714285715,0.0,0.0,0.0,0.0,0.0,0.0,0.0,0.0,0.0,0.0,0.0,0.0,0.0,0.0,0.0,0.0,0.0,0.0,0.0,0.0,0.0,False,False,False,True,5.0
2023/24,535928,50,47,1,25,0,0,0,2,0,0,0,0,0,0,0,3,7.8,0.3,0.0,0.8,0,0,0,0,0,0.0,0.0,0.0,0.88,376,376,Bajcetic,Liverpool,MID,5.0,5.0,4.7,-0.2999999999999998,0.2127659574468085,3.5999999999999996,0.6578947368421053,0,0.0,0.0,0.0,0.0,0.0,0.0,0.0,0.0,22.0,,522.0,,1.0,,0.0,,3.0,,0.0,,3.793103448275862,,0.13620689655172416,,0.08103448275862069,,False,False,False,True,3.0
2024/25,535928,45,45,0,0,0,0,0,0,0,0,0,0,0,0,0,0,0.0,0.0,0.0,0.0,0,0,0,0,0,0.0,0.0,0.0,0.0,376,376,Bajcetic,Liverpool,MID,5.0,4.5,4.5,0.0,0.0,0.0,0.0,0,0.0,0.0,0.0,0.0,0.0,0.0,0.0,0.0,1.0,22.0,25.0,522.0,0.0,1.0,0.0,0.0,0.0,3.0,0.0,0.0,3.5999999999999996,3.793103448275862,0.0,0.13620689655172416,0.0,0.08103448275862069,False,False,False,True,4.0
2025/26,535928,45,42,0,0,0,0,0,0,0,0,0,0,0,0,0,0,0.0,0.0,0.0,0.0,0,0,0,0,0,0.0,0.0,0.0,0.0,376,376,Bajcetic,Liverpool,MID,5.0,4.5,4.2,-0.2999999999999998,0.0,0.0,0.0,0,0.0,0.0,0.0,0.0,0.0,0.0,0.0,0.0,0.0,1.0,0.0,25.0,0.0,0.0,0.0,0.0,0.0,0.0,0.0,0.0,0.0,3.5999999999999996,0.0,0.0,0.0,0.0,False,False,False,True,5.0
2024/25,491501,45,43,0,0,0,0,0,0,0,0,0,0,0,0,0,0,0.0,0.0,0.0,0.0,0,0,0,0,0,0.0,0.0,0.0,0.0,378,378,McConnell,Liverpool,MID,4.5,4.5,4.3,-0.20000000000000018,0.0,0.0,0.0,0,0.0,0.0,0.0,0.0,0.0,0.0,0.0,0.0,3.0,,3.0,,0.0,,0.0,,0.0,,0.0,,90.0,,0.0,,0.0,,False,False,False,True,4.0
2025/26,491501,45,44,0,0,0,0,0,0,0,0,0,0,0,0,0,0,0.0,0.0,0.0,0.0,0,0,0,0,0,0.0,0.0,0.0,0.0,378,378,McConnell,Liverpool,MID,4.5,4.5,4.4,-0.09999999999999964,0.0,0.0,0.0,0,0.0,0.0,0.0,0.0,0.0,0.0,0.0,0.0,0.0,3.0,0.0,3.0,0.0,0.0,0.0,0.0,0.0,0.0,0.0,0.0,0.0,90.0,0.0,0.0,0.0,0.0,False,False,False,True,5.0
2023/24,219168,75,84,172,2253,21,4,7,41,0,0,1,1,0,0,23,645,877.4,362.5,1054.0,229.3,0,0,0,0,27,20.22,2.68,22.9,43.41,379,379,Isak,Liverpool,FWD,9.0,7.5,8.4,0.9000000000000004,20.476190476190474,6.870838881491345,59.28947368421053,25,0.8388814913448734,0.15978695073235685,0.8077230359520639,0.1070572569906791,0.9147802929427429,0.0,0.18421052631578946,0.9187749667110519,100.0,,1520.0,,10.0,,2.0,,4.0,,18.0,,5.921052631578947,,0.4801973684210526,,0.08111842105263159,,False,True,False,False,3.0
2024/25,219168,85,94,211,2758,23,6,12,41,0,0,0,1,0,0,36,848,1043.0,573.1,1320.0,292.7,0,0,0,89,34,20.33,3.59,23.92,36.85,379,379,Isak,Liverpool,FWD,9.0,8.5,9.4,0.9000000000000004,22.4468085106383,6.885424220449601,72.57894736842105,29,0.7505438723712835,0.19579405366207395,0.6634155184916606,0.11715010877447425,0.7805656272661349,0.0,0.3157894736842105,1.1747643219724437,172.0,100.0,2253.0,1520.0,21.0,10.0,4.0,2.0,7.0,4.0,23.0,18.0,6.870838881491345,5.921052631578947,0.8077230359520639,0.4801973684210526,0.1070572569906791,0.08111842105263159,False,True,False,False,4.0
2025/26,219168,105,103,41,694,3,1,1,9,0,0,0,0,0,0,4,140,146.4,39.2,191.0,36.9,10,13,7,30,8,2.59,0.08,2.67,8.38,379,379,Isak,Liverpool,FWD,9.0,10.5,10.3,-0.1999999999999993,3.9805825242718442,5.31700288184438,18.263157894736842,4,0.38904899135446686,0.12968299711815562,0.335878962536023,0.01037463976945245,0.34625360230547547,0.0,0.02631578947368421,0.5187319884726225,211.0,172.0,2758.0,2253.0,23.0,21.0,6.0,4.0,12.0,7.0,36.0,23.0,6.885424220449601,6.870838881491345,0.6634155184916606,0.8077230359520639,0.11715010877447425,0.1070572569906791,False,True,False,False,5.0
2024/25,500058,45,45,1,10,0,0,0,1,0,0,0,0,0,0,0,2,0.0,0.3,0.0,0.0,0,0,0,0,0,0.0,0.01,0.01,0.45,382,382,Danns,Liverpool,FWD,4.5,4.5,4.5,0.0,0.2222222222222222,9.0,0.2631578947368421,0,0.0,0.0,0.0,0.09000000000000001,0.09000000000000001,0.0,0.0,0.0,1.0,,7.0,,0.0,,0.0,,0.0,,0.0,,12.857142857142858,,0.0,,0.12857142857142856,,False,True,False,False,4.0
2025/26,500058,45,43,0,0,0,0,0,0,0,0,0,0,0,0,0,0,0.0,0.0,0.0,0.0,0,0,0,0,0,0.0,0.0,0.0,0.0,382,382,Danns,Liverpool,FWD,4.5,4.5,4.3,-0.20000000000000018,0.0,0.0,0.0,0,0.0,0.0,0.0,0.0,0.0,0.0,0.0,0.0,1.0,1.0,10.0,7.0,0.0,0.0,0.0,0.0,0.0,0.0,0.0,0.0,9.0,12.857142857142858,0.0,0.0,0.09000000000000001,0.12857142857142856,False,True,False,False,5.0
2019/20,444884,45,45,2,7,0,0,0,0,0,0,0,0,0,0,0,6,1.8,1.7,0.0,0.4,0,0,0,0,0,0.0,0.0,0.0,0.0,383,383,Elliott,Liverpool,MID,5.5,4.5,4.5,0.0,0.4444444444444444,25.714285714285715,0.18421052631578946,0,0.0,0.0,0.0,0.0,0.0,0.0,0.0,0.0,2.0,,18.0,,0.0,,0.0,,0.0,,0.0,,10.0,,0.0,,0.0,,False,False,False,True,
2020/21,444884,45,43,0,0,0,0,0,0,0,0,0,0,0,0,0,0,0.0,0.0,0.0,0.0,0,0,0,0,0,0.0,0.0,0.0,0.0,383,383,Elliott,Liverpool,MID,5.5,4.5,4.3,-0.20000000000000018,0.0,0.0,0.0,0,0.0,0.0,0.0,0.0,0.0,0.0,0.0,0.0,2.0,2.0,7.0,18.0,0.0,0.0,0.0,0.0,0.0,0.0,0.0,0.0,25.714285714285715,10.0,0.0,0.0,0.0,0.0,False,False,False,True,
2021/22,444884,55,53,12,344,0,0,2,2,0,0,0,0,0,0,0,52,43.2,133.5,102.0,27.9,0,0,0,0,0,0.0,0.0,0.0,0.0,383,383,Elliott,Liverpool,MID,5.5,5.5,5.3,-0.20000000000000018,2.2641509433962264,3.13953488372093,9.052631578947368,0,0.0,0.0,0.0,0.0,0.0,0.0,0.05263157894736842,0.0,0.0,2.0,0.0,7.0,0.0,0.0,0.0,0.0,0.0,0.0,0.0,0.0,0.0,25.714285714285715,0.0,0.0,0.0,0.0,False,False,False,True,1.0
2022/23,444884,50,48,62,1600,1,2,5,20,0,0,0,2,0,0,2,286,269.0,406.1,378.0,105.5,0,0,0,0,18,2.12,4.31,6.43,26.07,383,383,Elliott,Liverpool,MID,5.5,5.0,4.8,-0.20000000000000018,12.916666666666668,3.4875,42.10526315789474,3,0.056249999999999994,0.11249999999999999,0.11925,0.24243749999999997,0.3616875,0.0,0.13157894736842105,0.11249999999999999,12.0,0.0,344.0,0.0,0.0,0.0,0.0,0.0,2.0,0.0,0.0,0.0,3.13953488372093,0.0,0.0,0.0,0.0,0.0,False,False,False,True,2.0
2023/24,444884,50,48,96,1330,3,9,4,13,0,0,0,2,0,0,8,402,417.2,570.0,391.0,137.5,0,0,0,0,11,2.72,4.68,7.4,19.29,383,383,Elliott,Liverpool,MID,5.5,5.0,4.8,-0.20000000000000018,20.0,6.496240601503759,35.0,12,0.20300751879699247,0.6090225563909775,0.18406015037593984,0.31669172932330825,0.5007518796992482,0.0,0.10526315789473684,0.5413533834586466,62.0,12.0,1600.0,344.0,1.0,0.0,2.0,0.0,5.0,2.0,2.0,0.0,3.4875,3.13953488372093,0.11925,0.0,0.24243749999999997,0.0,False,False,False,True,3.0
2024/25,444884,55,52,33,359,1,2,0,6,0,0,0,1,0,0,3,120,118.6,145.8,143.0,40.4,0,0,0,26,2,1.78,0.64,2.42,6.14,383,383,Elliott,Liverpool,MID,5.5,5.5,5.2,-0.2999999999999998,6.346153846153846,8.272980501392757,9.447368421052632,3,0.25069637883008355,0.5013927576601671,0.44623955431754875,0.16044568245125349,0.6066852367688021,0.0,0.0,0.7520891364902507,96.0,62.0,1330.0,1600.0,3.0,1.0,9.0,2.0,4.0,5.0,8.0,2.0,6.496240601503759,3.4875,0.18406015037593984,0.11925,0.31669172932330825,0.24243749999999997,False,False,False,True,4.0
2025/26,444884,55,51,5,110,0,0,0,2,0,0,0,0,0,0,0,17,11.8,31.7,31.0,7.4,2,4,0,6,1,0.29,0.08,0.37,1.74,383,383,Elliott,Liverpool,MID,5.5,5.5,5.1,-0.40000000000000036,0.9803921568627452,4.090909090909091,2.8947368421052633,0,0.0,0.0,0.23727272727272725,0.06545454545454545,0.3027272727272727,0.0,0.0,0.0,33.0,96.0,359.0,1330.0,1.0,3.0,2.0,9.0,0.0,4.0,3.0,8.0,8.272980501392757,6.496240601503759,0.44623955431754875,0.18406015037593984,0.16044568245125349,0.31669172932330825,False,False,False,True,5.0
2023/24,432720,45,44,70,2520,0,0,2,62,0,0,0,2,0,106,5,533,903.6,3.3,0.0,90.7,0,0,0,0,28,0.0,0.04,0.04,49.37,385,385,Trafford,Man City,GKP,5.0,4.5,4.4,-0.09999999999999964,15.909090909090908,2.5,66.3157894736842,0,0.0,0.0,0.0,0.0014285714285714286,0.0014285714285714286,3.7857142857142856,0.05263157894736842,0.17857142857142858,0.0,,0.0,,0.0,,0.0,,0.0,,0.0,,0.0,,0.0,,0.0,,False,False,True,False,3.0
2025/26,432720,50,45,13,360,0,0,1,6,0,0,0,0,0,14,0,67,118.0,0.0,0.0,11.9,6,35,2,0,4,0.0,0.0,0.0,5.74,385,385,Trafford,Man City,GKP,5.0,5.0,4.5,-0.5,2.888888888888889,3.25,9.473684210526315,0,0.0,0.0,0.0,0.0,0.0,3.5,0.02631578947368421,0.0,70.0,0.0,2520.0,0.0,0.0,0.0,0.0,0.0,2.0,0.0,5.0,0.0,2.5,0.0,0.0,0.0,0.0014285714285714286,0.0,False,False,True,False,5.0
2018/19,122074,45,42,15,630,0,0,0,20,0,1,0,1,0,20,0,114,195.0,0.0,0.0,19.4,0,0,0,0,0,0.0,0.0,0.0,0.0,386,386,Bettinelli,Man City,GKP,4.5,4.5,4.2,-0.2999999999999998,3.571428571428571,2.142857142857143,16.57894736842105,0,0.0,0.0,0.0,0.0,0.0,2.857142857142857,0.0,0.0,0.0,,0.0,,0.0,,0.0,,0.0,,0.0,,0.0,,0.0,,0.0,,False,False,True,False,
2020/21,122074,45,43,0,0,0,0,0,0,0,0,0,0,0,0,0,0,0.0,0.0,0.0,0.0,0,0,0,0,0,0.0,0.0,0.0,0.0,386,386,Bettinelli,Man City,GKP,4.5,4.5,4.3,-0.20000000000000018,0.0,0.0,0.0,0,0.0,0.0,0.0,0.0,0.0,0.0,0.0,0.0,15.0,0.0,630.0,0.0,0.0,0.0,0.0,0.0,0.0,0.0,0.0,0.0,2.142857142857143,0.0,0.0,0.0,0.0,0.0,False,False,True,False,
2021/22,122074,40,40,0,0,0,0,0,0,0,0,0,0,0,0,0,0,0.0,0.0,0.0,0.0,0,0,0,0,0,0.0,0.0,0.0,0.0,386,386,Bettinelli,Man City,GKP,4.5,4.0,4.0,0.0,0.0,0.0,0.0,0,0.0,0.0,0.0,0.0,0.0,0.0,0.0,0.0,0.0,15.0,0.0,630.0,0.0,0.0,0.0,0.0,0.0,0.0,0.0,0.0,0.0,2.142857142857143,0.0,0.0,0.0,0.0,False,False,True,False,1.0
2022/23,122074,40,40,0,0,0,0,0,0,0,0,0,0,0,0,0,0,0.0,0.0,0.0,0.0,0,0,0,0,0,0.0,0.0,0.0,0.0,386,386,Bettinelli,Man City,GKP,4.5,4.0,4.0,0.0,0.0,0.0,0.0,0,0.0,0.0,0.0,0.0,0.0,0.0,0.0,0.0,0.0,0.0,0.0,0.0,0.0,0.0,0.0,0.0,0.0,0.0,0.0,0.0,0.0,0.0,0.0,0.0,0.0,0.0,False,False,True,False,2.0
2023/24,122074,40,40,-1,0,0,0,0,0,0,0,0,1,0,0,0,-3,0.0,0.0,0.0,0.0,0,0,0,0,0,0.0,0.0,0.0,0.0,386,386,Bettinelli,Man City,GKP,4.5,4.0,4.0,0.0,-0.25,-90.0,0.0,0,0.0,0.0,0.0,0.0,0.0,0.0,0.0,0.0,0.0,0.0,0.0,0.0,0.0,0.0,0.0,0.0,0.0,0.0,0.0,0.0,0.0,0.0,0.0,0.0,0.0,0.0,False,False,True,False,3.0
2024/25,122074,40,39,0,0,0,0,0,0,0,0,0,0,0,0,0,0,0.0,0.0,0.0,0.0,0,0,0,0,0,0.0,0.0,0.0,0.0,386,386,Bettinelli,Man City,GKP,4.5,4.0,3.9,-0.10000000000000009,0.0,0.0,0.0,0,0.0,0.0,0.0,0.0,0.0,0.0,0.0,0.0,-1.0,0.0,0.0,0.0,0.0,0.0,0.0,0.0,0.0,0.0,0.0,0.0,-90.0,0.0,0.0,0.0,0.0,0.0,False,False,True,False,4.0
2025/26,122074,40,38,0,0,0,0,0,0,0,0,0,0,0,0,0,0,0.0,0.0,0.0,0.0,0,0,0,0,0,0.0,0.0,0.0,0.0,386,386,Bettinelli,Man City,GKP,4.5,4.0,3.8,-0.20000000000000018,0.0,0.0,0.0,0,0.0,0.0,0.0,0.0,0.0,0.0,0.0,0.0,0.0,-1.0,0.0,0.0,0.0,0.0,0.0,0.0,0.0,0.0,0.0,0.0,0.0,-90.0,0.0,0.0,0.0,0.0,False,False,True,False,5.0
2024/25,472769,50,49,31,525,2,0,3,3,0,0,0,0,0,0,4,118,133.4,76.2,112.0,32.2,0,0,0,24,6,1.28,0.68,1.96,5.49,387,387,O'Reilly,Man City,DEF,6.5,5.0,4.9,-0.09999999999999964,6.326530612244897,5.314285714285715,13.81578947368421,2,0.34285714285714286,0.0,0.21942857142857145,0.11657142857142859,0.336,0.0,0.07894736842105263,0.6857142857142857,0.0,,0.0,,0.0,,0.0,,0.0,,0.0,,0.0,,0.0,,0.0,,True,False,False,False,4.0
2025/26,472769,50,53,160,2643,5,4,14,25,0,0,0,5,0,0,10,567,653.8,413.9,573.0,164.1,105,108,67,172,29,6.12,2.67,8.79,34.97,387,387,O'Reilly,Man City,DEF,6.5,5.0,5.3,0.2999999999999998,30.18867924528302,5.448354143019296,69.55263157894737,9,0.170261066969353,0.1362088535754824,0.20839954597048807,0.0909194097616345,0.2993189557321225,0.0,0.3684210526315789,0.340522133938706,31.0,0.0,525.0,0.0,2.0,0.0,0.0,0.0,3.0,0.0,4.0,0.0,5.314285714285715,0.0,0.21942857142857145,0.0,0.11657142857142859,0.0,True,False,False,False,5.0
2019/20,209036,40,39,0,0,0,0,0,0,0,0,0,0,0,0,0,0,0.0,0.0,0.0,0.0,0,0,0,0,0,0.0,0.0,0.0,0.0,388,388,Guéhi,Man City,DEF,6.0,4.0,3.9,-0.10000000000000009,0.0,0.0,0.0,0,0.0,0.0,0.0,0.0,0.0,0.0,0.0,0.0,0.0,,0.0,,0.0,,0.0,,0.0,,0.0,,0.0,,0.0,,0.0,,True,False,False,False,
2021/22,209036,45,45,123,3222,2,1,11,43,0,0,0,4,0,0,8,676,720.6,98.5,290.0,111.1,0,0,0,0,0,0.0,0.0,0.0,0.0,388,388,Guéhi,Man City,DEF,6.0,4.5,4.5,0.0,27.333333333333332,3.4357541899441344,84.78947368421052,3,0.0558659217877095,0.02793296089385475,0.0,0.0,0.0,0.0,0.2894736842105263,0.223463687150838,0.0,0.0,0.0,0.0,0.0,0.0,0.0,0.0,0.0,0.0,0.0,0.0,0.0,0.0,0.0,0.0,0.0,0.0,True,False,False,False,1.0
2022/23,209036,45,45,95,3330,1,0,9,46,1,0,0,8,0,0,2,623,705.0,145.5,213.0,106.7,0,0,0,0,37,1.46,0.82,2.28,46.47,388,388,Guéhi,Man City,DEF,6.0,4.5,4.5,0.0,21.11111111111111,2.5675675675675675,87.63157894736842,1,0.02702702702702703,0.0,0.03945945945945946,0.02216216216216216,0.06162162162162162,0.0,0.23684210526315788,0.05405405405405406,123.0,0.0,3222.0,0.0,2.0,0.0,1.0,0.0,11.0,0.0,8.0,0.0,3.4357541899441344,0.0,0.0,0.0,0.0,0.0,True,False,False,False,2.0
2023/24,209036,45,42,66,2020,0,1,6,32,0,0,0,2,0,0,6,397,417.8,106.6,35.0,56.1,0,0,0,0,23,0.58,1.0,1.58,31.51,388,388,Guéhi,Man City,DEF,6.0,4.5,4.2,-0.2999999999999998,15.714285714285714,2.940594059405941,53.1578947368421,1,0.0,0.04455445544554456,0.02584158415841584,0.04455445544554456,0.0703960396039604,0.0,0.15789473684210525,0.26732673267326734,95.0,123.0,3330.0,3222.0,1.0,2.0,0.0,1.0,9.0,11.0,2.0,8.0,2.5675675675675675,3.4357541899441344,0.03945945945945946,0.0,0.02216216216216216,0.0,True,False,False,False,3.0
2024/25,209036,45,47,116,3059,3,2,11,42,3,0,0,7,1,0,11,492,827.0,237.6,247.0,131.0,0,0,0,268,34,1.87,2.01,3.88,41.55,388,388,Guéhi,Man City,DEF,6.0,4.5,4.7,0.20000000000000018,24.680851063829785,3.4128800261523375,80.5,5,0.08826413860738803,0.058842759071592025,0.055017979731938546,0.05913697286694998,0.11415495259888853,0.0,0.2894736842105263,0.32363517489375615,66.0,95.0,2020.0,3330.0,0.0,1.0,1.0,0.0,6.0,9.0,6.0,2.0,2.940594059405941,2.5675675675675675,0.02584158415841584,0.03945945945945946,0.04455445544554456,0.02216216216216216,True,False,False,False,4.0
2025/26,209036,45,51,179,3150,3,5,14,35,0,0,0,6,0,0,14,688,901.6,304.6,402.0,160.9,232,139,46,278,35,4.05,2.37,6.42,44.58,388,388,Guéhi,Man City,DEF,6.0,4.5,5.1,0.5999999999999996,35.09803921568628,5.114285714285714,82.89473684210526,8,0.08571428571428572,0.14285714285714285,0.11571428571428571,0.06771428571428571,0.1834285714285714,0.0,0.3684210526315789,0.4,116.0,66.0,3059.0,2020.0,3.0,0.0,2.0,1.0,11.0,6.0,11.0,6.0,3.4128800261523375,2.940594059405941,0.055017979731938546,0.02584158415841584,0.05913697286694998,0.04455445544554456,True,False,False,False,5.0
2023/24,465351,50,47,32,831,0,2,2,13,0,0,0,0,1,0,1,118,146.0,221.3,150.0,51.8,0,0,0,0,9,0.89,1.71,2.6,10.39,389,389,Matheus N.,Man City,DEF,6.0,5.0,4.7,-0.2999999999999998,6.808510638297872,3.465703971119134,21.86842105263158,2,0.0,0.21660649819494587,0.09638989169675091,0.18519855595667872,0.28158844765342966,0.0,0.05263157894736842,0.10830324909747294,80.0,,2467.0,,1.0,,1.0,,11.0,,5.0,,2.9185245237130117,,0.08792055127685448,,0.05034454803404945,,True,False,False,False,3.0
2024/25,465351,50,49,81,1670,1,7,9,19,0,0,0,4,0,0,6,373,370.4,422.4,206.0,99.9,0,0,0,84,19,1.11,3.32,4.43,24.87,389,389,Matheus N.,Man City,DEF,6.0,5.0,4.9,-0.09999999999999964,16.53061224489796,4.365269461077844,43.94736842105263,8,0.05389221556886227,0.3772455089820359,0.05982035928143713,0.17892215568862274,0.23874251497005985,0.0,0.23684210526315788,0.32335329341317365,32.0,80.0,831.0,2467.0,0.0,1.0,2.0,1.0,2.0,11.0,1.0,5.0,3.465703971119134,2.9185245237130117,0.09638989169675091,0.08792055127685448,0.18519855595667872,0.05034454803404945,True,False,False,False,4.0
2025/26,465351,55,53,154,2861,1,8,12,28,0,0,0,5,0,0,16,676,696.0,545.0,131.0,137.6,138,166,57,195,32,0.34,2.23,2.57,34.89,389,389,Matheus N.,Man City,DEF,6.0,5.5,5.3,-0.20000000000000018,29.056603773584907,4.844459979028312,75.28947368421052,9,0.03145753233135268,0.2516602586508214,0.01069556099265991,0.07015029709891646,0.08084585809157636,0.0,0.3157894736842105,0.5033205173016428,81.0,32.0,1670.0,831.0,1.0,0.0,7.0,2.0,9.0,2.0,6.0,1.0,4.365269461077844,3.465703971119134,0.05982035928143713,0.09638989169675091,0.17892215568862274,0.18519855595667872,True,False,False,False,5.0
2021/22,171314,60,62,141,2401,2,5,14,18,0,0,0,5,0,0,12,622,581.2,225.2,268.0,107.6,0,0,0,0,0,0.0,0.0,0.0,0.0,390,390,Rúben,Man City,DEF,5.5,6.0,6.2,0.20000000000000018,22.741935483870968,5.285297792586422,63.18421052631579,7,0.07496876301541025,0.1874219075385256,0.0,0.0,0.0,0.0,0.3684210526315789,0.4498125780924615,142.0,,2843.0,,1.0,,1.0,,17.0,,12.0,,4.495251494899754,,0.0,,0.0,,True,False,False,False,1.0
2022/23,171314,60,60,80,1997,0,0,9,16,0,0,0,3,0,0,1,432,416.8,83.7,124.0,62.5,0,0,0,0,22,1.36,0.34,1.7,17.36,390,390,Rúben,Man City,DEF,5.5,6.0,6.0,0.0,13.333333333333334,3.605408112168252,52.55263157894737,0,0.0,0.0,0.06129193790686029,0.015322984476715073,0.07661492238357535,0.0,0.23684210526315788,0.045067601402103155,141.0,142.0,2401.0,2843.0,2.0,1.0,5.0,1.0,14.0,17.0,12.0,12.0,5.285297792586422,4.495251494899754,0.0,0.0,0.0,0.0,True,False,False,False,2.0
2023/24,171314,55,55,88,2557,0,0,9,28,1,0,0,0,0,0,3,513,578.4,208.5,225.0,101.5,0,0,0,0,28,1.38,1.93,3.31,25.12,390,390,Rúben,Man City,DEF,5.5,5.5,5.5,0.0,16.0,3.0973797418850215,67.28947368421052,0,0.0,0.0,0.048572545952287834,0.06793116933906922,0.11650371529135706,0.0,0.23684210526315788,0.10559249120062573,80.0,141.0,1997.0,2401.0,0.0,2.0,0.0,5.0,9.0,14.0,1.0,12.0,3.605408112168252,5.285297792586422,0.06129193790686029,0.0,0.015322984476715073,0.0,True,False,False,False,3.0
2024/25,171314,55,55,90,2269,0,0,11,21,1,0,0,4,0,0,7,410,478.2,173.8,150.0,80.2,0,0,0,127,25,1.54,1.2,2.74,29.48,390,390,Rúben,Man City,DEF,5.5,5.5,5.5,0.0,16.363636363636363,3.5698545614808284,59.71052631578947,0,0.0,0.0,0.061084178052005285,0.047598060819744374,0.10868223887174967,0.0,0.2894736842105263,0.2776553547818422,88.0,80.0,2557.0,1997.0,0.0,0.0,0.0,0.0,9.0,9.0,3.0,1.0,3.0973797418850215,3.605408112168252,0.048572545952287834,0.06129193790686029,0.06793116933906922,0.015322984476715073,True,False,False,False,4.0
2025/26,171314,55,55,113,2139,2,0,12,22,0,0,0,3,0,0,4,453,560.8,152.2,96.0,81.0,154,74,13,167,24,0.57,0.65,1.22,26.07,390,390,Rúben,Man City,DEF,5.5,5.5,5.5,0.0,20.545454545454547,4.754558204768584,56.28947368421053,2,0.08415147265077139,0.0,0.023983169705469844,0.027349228611500704,0.05133239831697055,0.0,0.3157894736842105,0.16830294530154277,90.0,88.0,2269.0,2557.0,0.0,0.0,0.0,0.0,11.0,9.0,7.0,3.0,3.5698545614808284,3.0973797418850215,0.061084178052005285,0.048572545952287834,0.047598060819744374,0.06793116933906922,True,False,False,False,5.0
2024/25,477424,60,65,153,3278,5,0,13,41,0,0,0,2,0,0,15,623,847.0,501.7,497.0,185.0,0,0,0,233,36,4.6,2.92,7.52,44.27,391,391,Gvardiol,Man City,DEF,5.5,6.0,6.5,0.5,23.53846153846154,4.200732153752288,86.26315789473684,5,0.13727882855399634,0.0,0.1262965222696766,0.08017083587553385,0.20646735814521047,0.0,0.34210526315789475,0.411836485661989,123.0,,2327.0,,4.0,,2.0,,9.0,,12.0,,4.757198109153417,,0.12144391920928235,,0.08083369144821659,,True,False,False,False,4.0
2025/26,477424,60,58,79,1370,2,2,6,13,0,0,0,2,0,0,5,303,369.0,109.5,218.0,69.8,86,49,17,103,16,2.25,0.7,2.95,16.05,391,391,Gvardiol,Man City,DEF,5.5,6.0,5.8,-0.20000000000000018,13.620689655172415,5.189781021897811,36.05263157894737,4,0.13138686131386862,0.13138686131386862,0.1478102189781022,0.04598540145985401,0.19379562043795623,0.0,0.15789473684210525,0.3284671532846716,153.0,123.0,3278.0,2327.0,5.0,4.0,0.0,2.0,13.0,9.0,15.0,12.0,4.200732153752288,4.757198109153417,0.1262965222696766,0.12144391920928235,0.08017083587553385,0.08083369144821659,True,False,False,False,5.0
2021/22,448514,45,41,87,1826,1,4,7,26,0,0,0,4,0,0,10,367,390.8,323.2,174.0,89.1,0,0,0,0,0,0.0,0.0,0.0,0.0,392,392,Aït-Nouri,Man City,DEF,5.5,4.5,4.1,-0.40000000000000036,21.219512195121954,4.288061336254107,48.05263157894737,5,0.04928806133625411,0.19715224534501644,0.0,0.0,0.0,0.0,0.18421052631578946,0.4928806133625411,54.0,,1400.0,,1.0,,1.0,,3.0,,6.0,,3.4714285714285715,,0.0,,0.0,,True,False,False,False,1.0
2022/23,448514,45,41,41,1067,1,0,4,18,1,0,0,4,0,0,0,194,200.4,131.1,156.0,48.9,0,0,0,0,9,1.26,0.84,2.1,18.36,392,392,Aït-Nouri,Man City,DEF,5.5,4.5,4.1,-0.40000000000000036,10.0,3.458294283036551,28.07894736842105,1,0.08434864104967198,0.0,0.10627928772258668,0.07085285848172446,0.17713214620431114,0.0,0.10526315789473684,0.0,87.0,54.0,1826.0,1400.0,1.0,1.0,4.0,1.0,7.0,3.0,10.0,6.0,4.288061336254107,3.4714285714285715,0.0,0.0,0.0,0.0,True,False,False,False,2.0
2023/24,448514,45,46,77,2327,2,3,3,43,0,0,0,7,0,0,6,365,448.4,376.9,253.0,107.7,0,0,0,0,29,3.12,1.81,4.93,45.79,392,392,Aït-Nouri,Man City,DEF,5.5,4.5,4.6,0.09999999999999964,16.73913043478261,2.9780833691448216,61.23684210526316,5,0.07735281478298238,0.11602922217447358,0.12067039106145253,0.07000429737859906,0.19067468844005156,0.0,0.07894736842105263,0.23205844434894715,41.0,87.0,1067.0,1826.0,1.0,1.0,0.0,4.0,4.0,7.0,0.0,10.0,3.458294283036551,4.288061336254107,0.10627928772258668,0.0,0.07085285848172446,0.0,True,False,False,False,3.0
2024/25,448514,45,51,125,3112,4,7,7,67,0,0,0,5,1,0,13,447,778.4,694.3,435.0,191.0,0,0,0,187,37,2.69,3.98,6.67,53.27,392,392,Aït-Nouri,Man City,DEF,5.5,4.5,5.1,0.5999999999999996,24.50980392156863,3.6150385604113113,81.89473684210526,11,0.11568123393316196,0.20244215938303342,0.07779562982005142,0.11510282776349615,0.19289845758354757,0.0,0.18421052631578946,0.3759640102827764,77.0,41.0,2327.0,1067.0,2.0,1.0,3.0,0.0,3.0,4.0,6.0,0.0,2.9780833691448216,3.458294283036551,0.12067039106145253,0.10627928772258668,0.07000429737859906,0.07085285848172446,True,False,False,False,4.0
2025/26,448514,60,57,60,971,0,2,5,8,0,0,0,2,0,0,9,237,195.6,216.4,90.0,50.2,32,49,35,67,12,0.53,2.01,2.54,12.25,392,392,Aït-Nouri,Man City,DEF,5.5,6.0,5.7,-0.2999999999999998,10.526315789473683,5.561277033985582,25.55263157894737,2,0.0,0.1853759011328527,0.049124613800205975,0.18630278063851696,0.23542739443872296,0.0,0.13157894736842105,0.8341915550978373,125.0,77.0,3112.0,2327.0,4.0,2.0,7.0,3.0,7.0,3.0,13.0,6.0,3.6150385604113113,2.9780833691448216,0.07779562982005142,0.12067039106145253,0.11510282776349615,0.07000429737859906,True,False,False,False,5.0
2025/26,578153,55,54,67,1427,0,0,6,13,0,0,0,2,0,0,3,293,299.0,112.2,26.0,43.9,96,75,27,123,15,0.65,1.21,1.86,20.89,393,393,Khusanov,Man City,DEF,5.5,5.5,5.4,-0.09999999999999964,12.407407407407407,4.225648213034337,37.55263157894737,0,0.0,0.0,0.04099509460406447,0.07631394533987386,0.11730903994393833,0.0,0.15789473684210525,0.189208128941836,14.0,,503.0,,0.0,,0.0,,2.0,,0.0,,2.5049701789264414,,0.0035785288270377734,,0.01610337972166998,,True,False,False,False,5.0
2025/26,494307,45,39,5,135,0,0,0,1,0,0,0,0,0,0,0,27,34.0,14.8,26.0,7.5,8,4,3,11,2,0.26,0.06,0.32,1.54,394,394,Alleyne,Man City,DEF,5.0,4.5,3.9,-0.6000000000000001,1.2820512820512822,3.3333333333333335,3.5526315789473686,0,0.0,0.0,0.17333333333333334,0.04,0.21333333333333335,0.0,0.0,0.0,0.0,,0.0,,0.0,,0.0,,0.0,,0.0,,0.0,,0.0,,0.0,,True,False,False,False,5.0
2023/24,477064,45,42,52,804,2,0,4,9,0,0,0,1,0,0,2,215,148.0,195.9,114.0,45.8,0,0,0,0,8,0.63,1.25,1.88,8.73,395,395,Lewis,Man City,DEF,4.5,4.5,4.2,-0.2999999999999998,12.38095238095238,5.820895522388059,21.157894736842106,2,0.22388059701492538,0.0,0.07052238805970149,0.13992537313432835,0.21044776119402983,0.0,0.10526315789473684,0.22388059701492538,29.0,,900.0,,0.0,,0.0,,2.0,,0.0,,2.9,,0.020999999999999998,,0.16299999999999998,,True,False,False,False,3.0
2024/25,477064,45,43,66,1888,1,2,5,27,0,0,0,3,1,0,1,285,293.8,218.6,139.0,65.0,0,0,0,90,21,1.32,1.01,2.33,27.6,395,395,Lewis,Man City,DEF,4.5,4.5,4.3,-0.20000000000000018,15.348837209302326,3.1461864406779663,49.68421052631579,3,0.04766949152542373,0.09533898305084745,0.06292372881355933,0.04814618644067797,0.11106991525423729,0.0,0.13157894736842105,0.04766949152542373,52.0,29.0,804.0,900.0,2.0,0.0,0.0,0.0,4.0,2.0,2.0,0.0,5.820895522388059,2.9,0.07052238805970149,0.020999999999999998,0.13992537313432835,0.16299999999999998,True,False,False,False,4.0
2025/26,477064,50,46,19,401,0,1,1,7,0,0,0,2,0,0,2,72,70.8,112.5,55.0,23.8,14,15,5,19,4,0.19,1.39,1.58,6.81,395,395,Lewis,Man City,DEF,4.5,5.0,4.6,-0.40000000000000036,4.130434782608696,4.2643391521197005,10.552631578947368,1,0.0,0.22443890274314213,0.042643391521197005,0.31197007481296757,0.3546134663341646,0.0,0.02631578947368421,0.44887780548628425,66.0,52.0,1888.0,804.0,1.0,2.0,2.0,0.0,5.0,4.0,1.0,2.0,3.1461864406779663,5.820895522388059,0.06292372881355933,0.07052238805970149,0.04814618644067797,0.13992537313432835,True,False,False,False,5.0
2025/26,616222,50,50,0,0,0,0,0,0,0,0,0,0,0,0,0,0,0.0,0.0,0.0,0.0,0,0,0,0,0,0.0,0.0,0.0,0.0,396,396,Vitor Reis,Man City,DEF,4.5,5.0,5.0,0.0,0.0,0.0,0.0,0,0.0,0.0,0.0,0.0,0.0,0.0,0.0,0.0,1.0,,1.0,,0.0,,0.0,,0.0,,0.0,,90.0,,0.0,,0.0,,True,False,False,False,5.0
2023/24,437730,45,45,107,2099,8,4,8,33,0,0,0,6,0,0,14,363,506.8,411.2,748.0,166.8,0,0,0,0,25,4.69,2.19,6.87,34.41,397,397,Semenyo,Man City,MID,8.5,4.5,4.5,0.0,23.77777777777778,4.587898999523582,55.23684210526316,12,0.3430204859456884,0.1715102429728442,0.20109575988565984,0.0939018580276322,0.29456884230585995,0.0,0.21052631578947367,0.6002858504049547,18.0,,250.0,,1.0,,0.0,,0.0,,1.0,,6.48,,0.1296,,0.007200000000000001,,False,False,False,True,3.0
2024/25,437730,55,57,165,3202,11,7,11,41,0,0,0,9,0,0,14,571,792.2,688.9,1204.0,267.8,0,0,0,267,36,9.51,4.43,13.94,44.18,397,397,Semenyo,Man City,MID,8.5,5.5,5.7,0.20000000000000018,28.94736842105263,4.637726420986883,84.26315789473684,18,0.30918176139912557,0.19675202998126173,0.2673016864459713,0.12451592754528419,0.3918176139912555,0.0,0.2894736842105263,0.39350405996252347,107.0,18.0,2099.0,250.0,8.0,1.0,4.0,0.0,8.0,0.0,14.0,1.0,4.587898999523582,6.48,0.20109575988565984,0.1296,0.0939018580276322,0.007200000000000001,False,False,False,True,4.0
2025/26,437730,70,80,202,3200,17,6,12,52,0,0,1,7,0,0,18,678,923.2,607.4,1047.0,257.7,49,142,45,236,37,11.1,3.12,14.21,47.67,397,397,Semenyo,Man City,MID,8.5,7.0,8.0,1.0,25.25,5.6812499999999995,84.21052631578948,23,0.47812499999999997,0.16874999999999998,0.31218749999999995,0.08775,0.39965625,0.0,0.3157894736842105,0.50625,165.0,107.0,3202.0,2099.0,11.0,8.0,7.0,4.0,11.0,8.0,14.0,14.0,4.637726420986883,4.587898999523582,0.2673016864459713,0.20109575988565984,0.12451592754528419,0.0939018580276322,False,False,False,True,5.0
2018/19,209244,50,45,25,328,1,0,2,0,0,0,0,0,0,0,3,93,85.0,133.8,208.0,42.6,0,0,0,0,0,0.0,0.0,0.0,0.0,398,398,Foden,Man City,MID,7.0,5.0,4.5,-0.5,5.555555555555555,6.859756097560976,8.631578947368421,1,0.27439024390243905,0.0,0.0,0.0,0.0,0.0,0.05263157894736842,0.8231707317073171,8.0,,45.0,,0.0,,1.0,,0.0,,0.0,,16.0,,0.0,,0.0,,False,False,False,True,
2019/20,209244,55,55,69,888,5,2,4,7,0,0,0,0,0,0,4,261,312.2,301.6,466.0,108.1,0,0,0,0,0,0.0,0.0,0.0,0.0,398,398,Foden,Man City,MID,7.0,5.5,5.5,0.0,12.545454545454545,6.993243243243243,23.36842105263158,7,0.5067567567567567,0.2027027027027027,0.0,0.0,0.0,0.0,0.10526315789473684,0.4054054054054054,25.0,8.0,328.0,45.0,1.0,0.0,0.0,1.0,2.0,0.0,3.0,0.0,6.859756097560976,16.0,0.0,0.0,0.0,0.0,False,False,False,True,
2020/21,209244,65,61,135,1607,9,8,6,16,0,0,0,0,0,0,17,479,580.8,545.8,734.0,186.0,0,0,0,0,0,0.0,0.0,0.0,0.0,398,398,Foden,Man City,MID,7.0,6.5,6.1,-0.40000000000000036,22.13114754098361,7.560672059738644,42.28947368421053,17,0.5040448039825762,0.44803982576229,0.0,0.0,0.0,0.0,0.15789473684210525,0.9520846297448663,69.0,25.0,888.0,328.0,5.0,1.0,2.0,0.0,4.0,2.0,4.0,3.0,6.993243243243243,6.859756097560976,0.0,0.0,0.0,0.0,False,False,False,True,
2021/22,209244,80,79,137,2125,9,6,13,16,0,0,0,1,0,0,11,483,580.8,716.4,954.0,225.5,0,0,0,0,0,0.0,0.0,0.0,0.0,398,398,Foden,Man City,MID,7.0,8.0,7.9,-0.09999999999999964,17.341772151898734,5.802352941176471,55.921052631578945,15,0.3811764705882353,0.25411764705882356,0.0,0.0,0.0,0.0,0.34210526315789475,0.46588235294117647,135.0,69.0,1607.0,888.0,9.0,5.0,8.0,2.0,6.0,4.0,17.0,4.0,7.560672059738644,6.993243243243243,0.0,0.0,0.0,0.0,False,False,False,True,1.0
2022/23,209244,80,80,142,1832,11,7,5,16,0,0,0,1,0,0,15,517,684.8,707.4,717.0,210.9,0,0,0,0,22,5.75,4.73,10.48,17.62,398,398,Foden,Man City,MID,7.0,8.0,8.0,0.0,17.75,6.975982532751092,48.21052631578947,18,0.5403930131004367,0.34388646288209607,0.28247816593886466,0.2323689956331878,0.5148471615720525,0.0,0.13157894736842105,0.7368995633187774,137.0,135.0,2125.0,1607.0,9.0,9.0,6.0,8.0,13.0,6.0,11.0,17.0,5.802352941176471,7.560672059738644,0.0,0.0,0.0,0.0,False,False,False,True,2.0
2023/24,209244,75,85,230,2860,19,8,14,27,0,0,0,2,0,0,31,866,1154.8,1157.8,1172.0,348.8,0,0,0,0,33,10.17,6.95,17.12,28.51,398,398,Foden,Man City,MID,7.0,7.5,8.5,1.0,27.058823529411764,7.2377622377622375,75.26315789473684,27,0.5979020979020979,0.2517482517482517,0.32003496503496504,0.21870629370629371,0.5387412587412588,0.0,0.3684210526315789,0.9755244755244755,142.0,137.0,1832.0,2125.0,11.0,9.0,7.0,6.0,5.0,13.0,15.0,11.0,6.975982532751092,5.802352941176471,0.28247816593886466,0.0,0.2323689956331878,0.0,False,False,False,True,3.0
2024/25,209244,95,91,105,1771,7,3,6,24,0,0,0,2,0,0,10,454,448.0,749.0,449.0,164.2,0,0,0,91,20,5.17,5.33,10.49,29.11,398,398,Foden,Man City,MID,7.0,9.5,9.1,-0.40000000000000036,11.538461538461538,5.335968379446641,46.60526315789474,10,0.3557312252964427,0.15245623941276115,0.2627329192546584,0.27086391869000565,0.5330886504799549,0.0,0.15789473684210525,0.5081874647092038,230.0,142.0,2860.0,1832.0,19.0,11.0,8.0,7.0,14.0,5.0,31.0,15.0,7.2377622377622375,6.975982532751092,0.32003496503496504,0.28247816593886466,0.21870629370629371,0.2323689956331878,False,False,False,True,4.0
2025/26,209244,80,80,131,2078,7,5,11,19,0,0,0,4,0,0,13,563,583.2,918.8,520.0,201.9,24,102,34,160,23,6.03,4.76,10.79,27.38,398,398,Foden,Man City,MID,7.0,8.0,8.0,0.0,16.375,5.673724735322425,54.68421052631579,12,0.30317613089509143,0.2165543792107796,0.2611645813282002,0.20615976900866217,0.4673243503368623,0.0,0.2894736842105263,0.563041385948027,105.0,230.0,1771.0,2860.0,7.0,19.0,3.0,8.0,6.0,14.0,10.0,31.0,5.335968379446641,7.2377622377622375,0.2627329192546584,0.32003496503496504,0.27086391869000565,0.21870629370629371,False,False,False,True,5.0
2024/25,248875,65,62,88,1506,3,6,8,14,0,0,0,1,0,0,3,425,453.8,515.9,528.0,150.0,0,0,0,101,16,1.32,3.81,5.13,15.18,400,400,Doku,Man City,MID,7.5,6.5,6.2,-0.2999999999999998,14.193548387096774,5.258964143426295,39.63157894736842,9,0.1792828685258964,0.3585657370517928,0.07888446215139443,0.22768924302788843,0.30657370517928284,0.0,0.21052631578947367,0.1792828685258964,98.0,,1585.0,,3.0,,10.0,,1.0,,13.0,,5.564668769716088,,0.14593059936908517,,0.33217665615141956,,False,False,False,True,4.0
2025/26,248875,65,65,120,1773,5,8,8,18,0,0,0,0,0,0,15,526,540.2,841.6,645.0,202.5,15,88,23,126,19,2.87,5.86,8.73,23.2,400,400,Doku,Man City,MID,7.5,6.5,6.5,0.0,18.46153846153846,6.091370558375635,46.6578947368421,13,0.25380710659898476,0.40609137055837563,0.14568527918781726,0.2974619289340102,0.44314720812182745,0.0,0.21052631578947367,0.7614213197969544,88.0,98.0,1506.0,1585.0,3.0,3.0,6.0,10.0,8.0,1.0,3.0,13.0,5.258964143426295,5.564668769716088,0.07888446215139443,0.14593059936908517,0.22768924302788843,0.33217665615141956,False,False,False,True,5.0
2025/26,438234,85,83,56,691,3,3,4,5,0,0,0,3,0,0,5,182,203.2,159.8,284.0,64.4,6,20,13,39,8,2.78,0.77,3.55,7.92,401,401,Marmoush,Man City,FWD,7.0,8.5,8.3,-0.1999999999999993,6.746987951807228,7.293777134587554,18.18421052631579,6,0.3907380607814761,0.3907380607814761,0.36208393632416785,0.10028943560057887,0.4623733719247467,0.0,0.10526315789473684,0.6512301013024602,73.0,,1174.0,,7.0,,1.0,,8.0,,12.0,,5.596252129471891,,0.4147359454855196,,0.13109028960817717,,False,True,False,False,5.0
2020/21,220566,55,53,91,2747,2,2,13,27,0,0,0,6,0,0,5,531,640.6,546.3,335.0,152.4,0,0,0,0,0,0.0,0.0,0.0,0.0,402,402,Rodrigo,Man City,MID,6.5,5.5,5.3,-0.20000000000000018,17.169811320754718,2.98143429195486,72.28947368421052,4,0.0655260283946123,0.0655260283946123,0.0,0.0,0.0,0.0,0.34210526315789475,0.16381507098653075,92.0,,2480.0,,3.0,,2.0,,14.0,,5.0,,3.3387096774193545,,0.0,,0.0,,False,False,False,True,
2021/22,220566,55,55,127,2884,7,2,17,22,0,0,0,5,0,0,9,618,758.2,541.4,444.0,174.8,0,0,0,0,0,0.0,0.0,0.0,0.0,402,402,Rodrigo,Man City,MID,6.5,5.5,5.5,0.0,23.09090909090909,3.963245492371706,75.89473684210526,9,0.2184466019417476,0.06241331484049931,0.0,0.0,0.0,0.0,0.4473684210526316,0.28085991678224687,91.0,92.0,2747.0,2480.0,2.0,3.0,2.0,2.0,13.0,14.0,5.0,5.0,2.98143429195486,3.3387096774193545,0.0,0.0,0.0,0.0,False,False,False,True,1.0
2022/23,220566,60,56,108,2911,2,6,11,26,0,0,0,5,0,0,7,606,716.0,555.9,493.0,176.9,0,0,0,0,34,4.53,3.49,8.02,25.24,402,402,Rodrigo,Man City,MID,6.5,6.0,5.6,-0.40000000000000036,19.28571428571429,3.3390587427001033,76.60526315789474,8,0.061834421161113026,0.18550326348333906,0.140054963929921,0.10790106492614224,0.24795602885606322,0.0,0.2894736842105263,0.21642047406389558,127.0,91.0,2884.0,2747.0,7.0,2.0,2.0,2.0,17.0,13.0,9.0,5.0,3.963245492371706,2.98143429195486,0.0,0.0,0.0,0.0,False,False,False,True,2.0
2023/24,220566,55,56,159,2931,8,10,14,26,0,0,0,8,1,0,19,737,1043.8,894.8,484.0,242.3,0,0,0,0,34,3.99,6.15,10.14,29.89,402,402,Rodrigo,Man City,MID,6.5,5.5,5.6,0.09999999999999964,28.392857142857146,4.88229273285568,77.13157894736842,18,0.24564994882292732,0.3070624360286591,0.122517911975435,0.18884339815762538,0.3113613101330604,0.0,0.3684210526315789,0.5834186284544524,108.0,127.0,2911.0,2884.0,2.0,7.0,6.0,2.0,11.0,17.0,7.0,9.0,3.3390587427001033,3.963245492371706,0.140054963929921,0.0,0.10790106492614224,0.0,False,False,False,True,3.0
2024/25,220566,65,62,3,72,0,0,0,1,0,0,0,0,0,0,0,21,12.2,17.5,0.0,3.0,0,0,0,11,1,0.0,0.09,0.09,0.33,402,402,Rodrigo,Man City,MID,6.5,6.5,6.2,-0.2999999999999998,0.48387096774193544,3.75,1.894736842105263,0,0.0,0.0,0.0,0.11249999999999999,0.11249999999999999,0.0,0.0,0.0,159.0,108.0,2931.0,2911.0,8.0,2.0,10.0,6.0,14.0,11.0,19.0,7.0,4.88229273285568,3.3390587427001033,0.122517911975435,0.140054963929921,0.18884339815762538,0.10790106492614224,False,False,False,True,4.0
2025/26,220566,65,63,69,1510,1,1,5,15,0,0,0,3,0,0,6,350,358.0,421.5,122.0,90.3,57,107,42,206,17,1.15,2.45,3.6,20.74,402,402,Rodrigo,Man City,MID,6.5,6.5,6.3,-0.20000000000000018,10.952380952380953,4.112582781456953,39.73684210526316,2,0.059602649006622516,0.059602649006622516,0.06854304635761589,0.14602649006622517,0.21456953642384105,0.0,0.13157894736842105,0.3576158940397351,3.0,159.0,72.0,2931.0,0.0,8.0,0.0,10.0,0.0,14.0,0.0,19.0,3.75,4.88229273285568,0.0,0.122517911975435,0.11249999999999999,0.18884339815762538,False,False,False,True,5.0
2025/26,510281,70,69,43,817,1,2,3,7,0,0,0,2,0,0,1,140,138.6,198.4,321.0,65.8,11,39,9,59,7,2.5,1.59,4.09,11.24,403,403,Savinho,Man City,MID,6.5,7.0,6.9,-0.09999999999999964,6.231884057971014,4.736842105263158,21.5,3,0.11015911872705018,0.22031823745410037,0.27539779681762544,0.17515299877600982,0.45055079559363526,0.0,0.07894736842105263,0.11015911872705018,106.0,,1760.0,,1.0,,11.0,,8.0,,15.0,,5.420454545454545,,0.2567045454545454,,0.31193181818181814,,False,False,False,True,5.0
2025/26,465694,60,59,63,1561,1,0,7,18,0,0,0,6,0,0,1,337,309.8,234.1,72.0,61.5,74,90,42,206,17,0.68,1.12,1.8,20.35,405,405,N.Gonzalez,Man City,MID,5.5,6.0,5.9,-0.09999999999999964,10.677966101694915,3.632286995515695,41.078947368421055,1,0.05765534913516976,0.0,0.03920563741191544,0.06457399103139014,0.10377962844330557,0.0,0.18421052631578946,0.05765534913516976,31.0,,760.0,,1.0,,1.0,,6.0,,0.0,,3.6710526315789473,,0.053289473684210525,,0.05684210526315789,,False,False,False,True,5.0
2019/20,91651,55,53,68,2065,1,3,4,37,0,0,0,8,0,0,6,461,497.0,458.5,186.0,114.0,0,0,0,0,0,0.0,0.0,0.0,0.0,406,406,Kovačić,Man City,MID,5.5,5.5,5.3,-0.20000000000000018,12.830188679245284,2.9636803874092013,54.3421052631579,4,0.04358353510895884,0.13075060532687652,0.0,0.0,0.0,0.0,0.10526315789473684,0.26150121065375304,64.0,,1725.0,,0.0,,2.0,,9.0,,2.0,,3.3391304347826085,,0.0,,0.0,,False,False,False,True,
2020/21,91651,55,53,54,1809,0,1,9,26,0,0,0,4,0,0,0,332,332.4,384.8,153.0,87.0,0,0,0,0,0,0.0,0.0,0.0,0.0,406,406,Kovačić,Man City,MID,5.5,5.5,5.3,-0.20000000000000018,10.18867924528302,2.6865671641791042,47.60526315789474,1,0.0,0.04975124378109452,0.0,0.0,0.0,0.0,0.23684210526315788,0.0,68.0,64.0,2065.0,1725.0,1.0,0.0,3.0,2.0,4.0,9.0,6.0,2.0,2.9636803874092013,3.3391304347826085,0.0,0.0,0.0,0.0,False,False,False,True,
2021/22,91651,50,49,76,1552,2,5,8,11,0,0,0,4,0,0,7,348,409.6,407.4,198.0,101.5,0,0,0,0,0,0.0,0.0,0.0,0.0,406,406,Kovačić,Man City,MID,5.5,5.0,4.9,-0.09999999999999964,15.510204081632653,4.407216494845361,40.8421052631579,7,0.11597938144329897,0.28994845360824745,0.0,0.0,0.0,0.0,0.21052631578947367,0.4059278350515464,54.0,68.0,1809.0,2065.0,0.0,1.0,1.0,3.0,9.0,4.0,0.0,6.0,2.6865671641791042,2.9636803874092013,0.0,0.0,0.0,0.0,False,False,False,True,1.0
2022/23,91651,50,49,53,1699,1,2,4,25,0,0,0,8,0,0,2,289,295.8,365.8,114.0,77.9,0,0,0,0,17,1.79,2.04,3.83,24.0,406,406,Kovačić,Man City,MID,5.5,5.0,4.9,-0.09999999999999964,10.816326530612244,2.8075338434373163,44.71052631578947,3,0.052972336668628606,0.10594467333725721,0.09482048263684521,0.10806356680400236,0.20288404944084756,0.0,0.10526315789473684,0.10594467333725721,76.0,54.0,1552.0,1809.0,2.0,0.0,5.0,1.0,8.0,9.0,7.0,0.0,4.407216494845361,2.6865671641791042,0.0,0.0,0.0,0.0,False,False,False,True,2.0
2023/24,91651,50,46,59,1539,1,0,9,14,0,0,0,4,0,0,2,316,265.0,365.9,129.0,76.0,0,0,0,0,16,1.24,1.66,2.9,13.55,406,406,Kovačić,Man City,MID,5.5,5.0,4.6,-0.40000000000000036,12.82608695652174,3.4502923976608186,40.5,1,0.05847953216374269,0.0,0.07251461988304093,0.09707602339181286,0.1695906432748538,0.0,0.23684210526315788,0.11695906432748537,53.0,76.0,1699.0,1552.0,1.0,2.0,2.0,5.0,4.0,8.0,2.0,7.0,2.8075338434373163,4.407216494845361,0.09482048263684521,0.0,0.10806356680400236,0.0,False,False,False,True,3.0
2024/25,91651,55,54,109,2194,6,3,10,29,0,0,0,5,1,0,13,542,606.4,579.3,204.0,139.1,0,0,0,228,25,1.91,3.21,5.11,31.5,406,406,Kovačić,Man City,MID,5.5,5.5,5.4,-0.09999999999999964,20.185185185185183,4.4712853236098455,57.73684210526316,9,0.24612579762989975,0.12306289881494988,0.07835004557885142,0.13167730173199635,0.20961713764813128,0.0,0.2631578947368421,0.5332725615314494,59.0,53.0,1539.0,1699.0,1.0,1.0,0.0,2.0,9.0,4.0,2.0,2.0,3.4502923976608186,2.8075338434373163,0.07251461988304093,0.09482048263684521,0.09707602339181286,0.10806356680400236,False,False,False,True,4.0
2025/26,91651,60,58,9,125,0,1,0,3,0,0,0,0,0,0,0,41,46.0,65.5,3.0,11.5,6,10,2,18,1,0.13,0.42,0.55,4.0,406,406,Kovačić,Man City,MID,5.5,6.0,5.8,-0.20000000000000018,1.5517241379310345,6.48,3.289473684210526,1,0.0,0.72,0.0936,0.3024,0.396,0.0,0.0,0.0,109.0,59.0,2194.0,1539.0,6.0,1.0,3.0,0.0,10.0,9.0,13.0,2.0,4.4712853236098455,3.4502923976608186,0.07835004557885142,0.07251461988304093,0.13167730173199635,0.09707602339181286,False,False,False,True,5.0
2025/26,575204,55,54,0,0,0,0,0,0,0,0,0,0,0,0,0,0,0.0,0.0,0.0,0.0,0,0,0,0,0,0.0,0.0,0.0,0.0,407,407,Echeverri,Man City,MID,5.0,5.5,5.4,-0.09999999999999964,0.0,0.0,0.0,0,0.0,0.0,0.0,0.0,0.0,0.0,0.0,0.0,1.0,,5.0,,0.0,,0.0,,0.0,,0.0,,18.0,,0.0,,0.18000000000000002,,False,False,False,True,5.0
2021/22,155405,50,47,39,1594,0,1,3,25,0,0,0,4,0,0,1,209,270.8,151.0,99.0,52.4,0,0,0,0,0,0.0,0.0,0.0,0.0,408,408,Phillips,Man City,MID,5.0,5.0,4.7,-0.2999999999999998,8.297872340425531,2.2020075282308658,41.94736842105263,1,0.0,0.05646173149309912,0.0,0.0,0.0,0.0,0.07894736842105263,0.05646173149309912,67.0,,2428.0,,1.0,,2.0,,9.0,,2.0,,2.4835255354200987,,0.0,,0.0,,False,False,False,True,1.0
2022/23,155405,50,48,14,291,0,0,1,3,0,0,0,1,0,0,0,68,50.0,54.4,22.0,12.7,0,0,0,0,2,0.28,0.11,0.39,5.05,408,408,Phillips,Man City,MID,5.0,5.0,4.8,-0.20000000000000018,2.916666666666667,4.329896907216495,7.657894736842105,0,0.0,0.0,0.08659793814432991,0.03402061855670103,0.12061855670103093,0.0,0.02631578947368421,0.0,39.0,67.0,1594.0,2428.0,0.0,1.0,1.0,2.0,3.0,9.0,1.0,2.0,2.2020075282308658,2.4835255354200987,0.0,0.0,0.0,0.0,False,False,False,True,2.0
2023/24,155405,50,47,10,394,0,0,0,13,0,0,0,1,1,0,0,27,35.6,23.3,31.0,9.1,0,0,0,0,3,0.22,0.11,0.33,10.75,408,408,Phillips,Man City,MID,5.0,5.0,4.7,-0.2999999999999998,2.127659574468085,2.284263959390863,10.368421052631579,0,0.0,0.0,0.05025380710659898,0.02512690355329949,0.07538071065989847,0.0,0.0,0.0,14.0,39.0,291.0,1594.0,0.0,0.0,0.0,1.0,1.0,3.0,0.0,1.0,4.329896907216495,2.2020075282308658,0.08659793814432991,0.0,0.03402061855670103,0.0,False,False,False,True,3.0
2024/25,155405,50,48,27,1231,0,0,1,30,0,0,0,4,1,0,0,167,181.8,116.2,41.0,33.8,0,0,0,163,14,0.45,0.46,0.91,27.21,408,408,Phillips,Man City,MID,5.0,5.0,4.8,-0.20000000000000018,5.625,1.974004874086109,32.39473684210526,0,0.0,0.0,0.03290008123476848,0.03363119415109667,0.06653127538586516,0.0,0.02631578947368421,0.0,10.0,14.0,394.0,291.0,0.0,0.0,0.0,0.0,0.0,1.0,0.0,0.0,2.284263959390863,4.329896907216495,0.05025380710659898,0.08659793814432991,0.02512690355329949,0.03402061855670103,False,False,False,True,4.0
2025/26,155405,50,47,0,0,0,0,0,0,0,0,0,0,0,0,0,0,0.0,0.0,0.0,0.0,0,0,0,0,0,0.0,0.0,0.0,0.0,408,408,Phillips,Man City,MID,5.0,5.0,4.7,-0.2999999999999998,0.0,0.0,0.0,0,0.0,0.0,0.0,0.0,0.0,0.0,0.0,0.0,27.0,10.0,1231.0,394.0,0.0,0.0,0.0,0.0,1.0,0.0,0.0,0.0,1.974004874086109,2.284263959390863,0.03290008123476848,0.05025380710659898,0.03363119415109667,0.02512690355329949,False,False,False,True,5.0
2023/24,223094,140,143,217,2553,27,8,11,25,0,0,1,1,0,0,29,792,1094.6,367.2,1581.0,303.3,0,0,0,0,29,29.57,2.18,31.75,25.65,411,411,Haaland,Man City,FWD,15.5,14.0,14.3,0.3000000000000007,15.174825174825173,7.649823736780259,67.1842105263158,35,0.9518213866039953,0.282021151586369,1.0424206815511163,0.07685076380728555,1.1192714453584018,0.0,0.2894736842105263,1.0223266745005875,272.0,,2767.0,,36.0,,9.0,,13.0,,40.0,,8.847126852186484,,0.9282977954463317,,0.10115648717022045,,False,True,False,False,3.0
2024/25,223094,150,149,181,2736,22,3,10,38,0,0,1,2,0,0,26,795,946.0,359.4,1511.0,281.8,0,0,0,73,31,21.9,2.04,23.94,41.27,411,411,Haaland,Man City,FWD,15.5,15.0,14.9,-0.09999999999999964,12.14765100671141,5.953947368421053,72.0,25,0.7236842105263158,0.09868421052631579,0.7203947368421052,0.06710526315789474,0.7875000000000001,0.0,0.2631578947368421,0.8552631578947368,217.0,272.0,2553.0,2767.0,27.0,36.0,8.0,9.0,11.0,13.0,29.0,40.0,7.649823736780259,8.847126852186484,1.0424206815511163,0.9282977954463317,0.07685076380728555,0.10115648717022045,False,True,False,False,4.0
2025/26,223094,140,147,239,2953,27,8,13,32,0,0,1,2,0,0,43,952,1180.4,320.1,1520.0,302.3,48,41,15,104,34,25.5,2.67,28.17,38.6,411,411,Haaland,Man City,FWD,15.5,14.0,14.7,0.6999999999999993,16.258503401360546,7.2841178462580425,77.71052631578948,35,0.822891974263461,0.24381984422621064,0.7771757534710464,0.0813748730104978,0.8585506264815442,0.0,0.34210526315789475,1.3105316627158823,181.0,217.0,2736.0,2553.0,22.0,27.0,3.0,8.0,10.0,11.0,26.0,29.0,5.953947368421053,7.649823736780259,0.7203947368421052,1.0424206815511163,0.06710526315789474,0.07685076380728555,False,True,False,False,5.0
2024/25,451302,45,43,8,360,0,0,1,10,0,0,0,0,0,8,0,22,80.0,0.0,0.0,7.9,0,0,0,0,4,0.0,0.0,0.0,6.93,413,413,Bayindir,Man Utd,GKP,4.5,4.5,4.3,-0.20000000000000018,1.8604651162790697,2.0,9.473684210526315,0,0.0,0.0,0.0,0.0,0.0,2.0,0.02631578947368421,0.0,0.0,,0.0,,0.0,,0.0,,0.0,,0.0,,0.0,,0.0,,0.0,,False,False,True,False,4.0
2025/26,451302,50,47,11,540,0,0,0,11,0,0,0,0,0,13,0,49,118.4,10.0,0.0,12.8,7,39,0,0,6,0.0,0.05,0.05,9.24,413,413,Bayindir,Man Utd,GKP,4.5,5.0,4.7,-0.2999999999999998,2.3404255319148937,1.8333333333333333,14.210526315789474,0,0.0,0.0,0.0,0.008333333333333333,0.008333333333333333,2.1666666666666665,0.0,0.0,8.0,0.0,360.0,0.0,0.0,0.0,0.0,0.0,1.0,0.0,0.0,0.0,2.0,0.0,0.0,0.0,0.0,0.0,False,False,True,False,5.0
2007/08,21205,40,40,0,0,0,0,0,0,0,0,0,0,0,0,0,0,0.0,0.0,0.0,0.0,0,0,0,0,0,0.0,0.0,0.0,0.0,414,414,Heaton,Man Utd,GKP,4.0,4.0,4.0,0.0,0.0,0.0,0.0,0,0.0,0.0,0.0,0.0,0.0,0.0,0.0,0.0,0.0,,0.0,,0.0,,0.0,,0.0,,0.0,,0.0,,0.0,,0.0,,False,False,True,False,
2014/15,21205,45,47,150,3420,0,0,10,53,0,2,0,1,0,127,11,615,0.0,0.0,0.0,0.0,0,0,0,0,0,0.0,0.0,0.0,0.0,414,414,Heaton,Man Utd,GKP,4.0,4.5,4.7,0.20000000000000018,31.914893617021274,3.9473684210526314,90.0,0,0.0,0.0,0.0,0.0,0.0,3.3421052631578947,0.2631578947368421,0.2894736842105263,0.0,0.0,0.0,0.0,0.0,0.0,0.0,0.0,0.0,0.0,0.0,0.0,0.0,0.0,0.0,0.0,0.0,0.0,False,False,True,False,
2016/17,21205,45,51,149,3150,0,0,10,48,0,1,0,1,0,142,21,741,1001.6,30.3,0.0,103.2,0,0,0,0,0,0.0,0.0,0.0,0.0,414,414,Heaton,Man Utd,GKP,4.0,4.5,5.1,0.5999999999999996,29.215686274509807,4.257142857142857,82.89473684210526,0,0.0,0.0,0.0,0.0,0.0,4.057142857142857,0.2631578947368421,0.6,150.0,0.0,3420.0,0.0,0.0,0.0,0.0,0.0,10.0,0.0,11.0,0.0,3.9473684210526314,0.0,0.0,0.0,0.0,0.0,False,False,True,False,
2017/18,21205,50,47,8,305,0,0,0,4,0,0,0,0,0,8,0,48,53.4,0.0,0.0,5.3,0,0,0,0,0,0.0,0.0,0.0,0.0,414,414,Heaton,Man Utd,GKP,4.0,5.0,4.7,-0.2999999999999998,1.702127659574468,2.360655737704918,8.026315789473685,0,0.0,0.0,0.0,0.0,0.0,2.360655737704918,0.0,0.0,149.0,150.0,3150.0,3420.0,0.0,0.0,0.0,0.0,10.0,10.0,21.0,11.0,4.257142857142857,3.9473684210526314,0.0,0.0,0.0,0.0,False,False,True,False,
2018/19,21205,50,48,58,1710,0,0,4,27,0,0,0,3,0,63,4,323,442.8,20.1,4.0,46.6,0,0,0,0,0,0.0,0.0,0.0,0.0,414,414,Heaton,Man Utd,GKP,4.0,5.0,4.8,-0.20000000000000018,12.083333333333334,3.0526315789473686,45.0,0,0.0,0.0,0.0,0.0,0.0,3.3157894736842106,0.10526315789473684,0.21052631578947367,8.0,149.0,305.0,3150.0,0.0,0.0,0.0,0.0,0.0,10.0,0.0,21.0,2.360655737704918,4.257142857142857,0.0,0.0,0.0,0.0,False,False,True,False,
2019/20,21205,45,43,59,1794,0,0,4,35,1,0,0,0,0,67,3,346,507.4,0.3,0.0,50.7,0,0,0,0,0,0.0,0.0,0.0,0.0,414,414,Heaton,Man Utd,GKP,4.0,4.5,4.3,-0.20000000000000018,13.72093023255814,2.959866220735786,47.21052631578947,0,0.0,0.0,0.0,0.0,0.0,3.361204013377926,0.10526315789473684,0.1505016722408027,58.0,8.0,1710.0,305.0,0.0,0.0,0.0,0.0,4.0,0.0,4.0,0.0,3.0526315789473686,2.360655737704918,0.0,0.0,0.0,0.0,False,False,True,False,
2020/21,21205,45,45,0,0,0,0,0,0,0,0,0,0,0,0,0,0,0.0,0.0,0.0,0.0,0,0,0,0,0,0.0,0.0,0.0,0.0,414,414,Heaton,Man Utd,GKP,4.0,4.5,4.5,0.0,0.0,0.0,0.0,0,0.0,0.0,0.0,0.0,0.0,0.0,0.0,0.0,59.0,58.0,1794.0,1710.0,0.0,0.0,0.0,0.0,4.0,4.0,3.0,4.0,2.959866220735786,3.0526315789473686,0.0,0.0,0.0,0.0,False,False,True,False,
2021/22,21205,40,39,0,0,0,0,0,0,0,0,0,0,0,0,0,0,0.0,0.0,0.0,0.0,0,0,0,0,0,0.0,0.0,0.0,0.0,414,414,Heaton,Man Utd,GKP,4.0,4.0,3.9,-0.10000000000000009,0.0,0.0,0.0,0,0.0,0.0,0.0,0.0,0.0,0.0,0.0,0.0,0.0,59.0,0.0,1794.0,0.0,0.0,0.0,0.0,0.0,4.0,0.0,3.0,0.0,2.959866220735786,0.0,0.0,0.0,0.0,False,False,True,False,1.0
2022/23,21205,40,38,0,0,0,0,0,0,0,0,0,0,0,0,0,0,0.0,0.0,0.0,0.0,0,0,0,0,0,0.0,0.0,0.0,0.0,414,414,Heaton,Man Utd,GKP,4.0,4.0,3.8,-0.20000000000000018,0.0,0.0,0.0,0,0.0,0.0,0.0,0.0,0.0,0.0,0.0,0.0,0.0,0.0,0.0,0.0,0.0,0.0,0.0,0.0,0.0,0.0,0.0,0.0,0.0,0.0,0.0,0.0,0.0,0.0,False,False,True,False,2.0
2023/24,21205,40,39,0,0,0,0,0,0,0,0,0,0,0,0,0,0,0.0,0.0,0.0,0.0,0,0,0,0,0,0.0,0.0,0.0,0.0,414,414,Heaton,Man Utd,GKP,4.0,4.0,3.9,-0.10000000000000009,0.0,0.0,0.0,0,0.0,0.0,0.0,0.0,0.0,0.0,0.0,0.0,0.0,0.0,0.0,0.0,0.0,0.0,0.0,0.0,0.0,0.0,0.0,0.0,0.0,0.0,0.0,0.0,0.0,0.0,False,False,True,False,3.0
2024/25,21205,40,39,0,0,0,0,0,0,0,0,0,0,0,0,0,0,0.0,0.0,0.0,0.0,0,0,0,0,0,0.0,0.0,0.0,0.0,414,414,Heaton,Man Utd,GKP,4.0,4.0,3.9,-0.10000000000000009,0.0,0.0,0.0,0,0.0,0.0,0.0,0.0,0.0,0.0,0.0,0.0,0.0,0.0,0.0,0.0,0.0,0.0,0.0,0.0,0.0,0.0,0.0,0.0,0.0,0.0,0.0,0.0,0.0,0.0,False,False,True,False,4.0
2025/26,21205,40,38,0,0,0,0,0,0,0,0,0,0,0,0,0,0,0.0,0.0,0.0,0.0,0,0,0,0,0,0.0,0.0,0.0,0.0,414,414,Heaton,Man Utd,GKP,4.0,4.0,3.8,-0.20000000000000018,0.0,0.0,0.0,0,0.0,0.0,0.0,0.0,0.0,0.0,0.0,0.0,0.0,0.0,0.0,0.0,0.0,0.0,0.0,0.0,0.0,0.0,0.0,0.0,0.0,0.0,0.0,0.0,0.0,0.0,False,False,True,False,5.0
2025/26,596777,45,41,95,1440,4,4,4,20,0,0,0,5,0,0,11,321,469.0,394.2,341.0,120.3,50,77,48,98,15,2.39,1.84,4.23,19.61,415,415,Dorgu,Man Utd,MID,6.0,4.5,4.1,-0.40000000000000036,23.170731707317074,5.9375,37.89473684210526,8,0.25,0.25,0.149375,0.115,0.264375,0.0,0.10526315789473684,0.6875,18.0,,840.0,,0.0,,0.0,,2.0,,1.0,,1.9285714285714284,,0.04607142857142857,,0.13607142857142857,,False,False,False,True,5.0
2025/26,209365,50,49,43,1170,1,0,1,20,0,0,0,0,0,0,5,169,276.6,60.2,122.0,45.7,88,40,19,107,13,1.38,0.83,2.21,18.73,416,416,De Ligt,Man Utd,DEF,5.0,5.0,4.9,-0.09999999999999964,8.775510204081632,3.3076923076923075,30.789473684210527,1,0.07692307692307693,0.0,0.10615384615384614,0.06384615384615384,0.16999999999999998,0.0,0.02631578947368421,0.38461538461538464,68.0,,2119.0,,2.0,,0.0,,4.0,,3.0,,2.888154789995281,,0.10533270410571025,,0.010618216139688533,,True,False,False,False,5.0
2019/20,216051,50,49,4,65,0,0,0,1,0,0,0,0,0,0,0,10,10.4,4.3,6.0,1.9,0,0,0,0,0,0.0,0.0,0.0,0.0,417,417,Dalot,Man Utd,DEF,5.0,5.0,4.9,-0.09999999999999964,0.8163265306122448,5.538461538461538,1.7105263157894737,0,0.0,0.0,0.0,0.0,0.0,0.0,0.0,0.0,27.0,,1009.0,,0.0,,2.0,,1.0,,0.0,,2.408325074331021,,0.0,,0.0,,True,False,False,False,
2020/21,216051,50,48,0,0,0,0,0,0,0,0,0,0,0,0,0,0,0.0,0.0,0.0,0.0,0,0,0,0,0,0.0,0.0,0.0,0.0,417,417,Dalot,Man Utd,DEF,5.0,5.0,4.8,-0.20000000000000018,0.0,0.0,0.0,0,0.0,0.0,0.0,0.0,0.0,0.0,0.0,0.0,4.0,27.0,65.0,1009.0,0.0,0.0,0.0,2.0,0.0,1.0,0.0,0.0,5.538461538461538,2.408325074331021,0.0,0.0,0.0,0.0,True,False,False,False,
2021/22,216051,45,42,54,1797,0,0,5,29,0,0,0,4,0,0,5,382,411.0,286.1,126.0,82.2,0,0,0,0,0,0.0,0.0,0.0,0.0,417,417,Dalot,Man Utd,DEF,5.0,4.5,4.2,-0.2999999999999998,12.857142857142856,2.7045075125208684,47.28947368421053,0,0.0,0.0,0.0,0.0,0.0,0.0,0.13157894736842105,0.25041736227045075,0.0,4.0,0.0,65.0,0.0,0.0,0.0,0.0,0.0,0.0,0.0,0.0,0.0,5.538461538461538,0.0,0.0,0.0,0.0,True,False,False,False,1.0
2022/23,216051,45,48,102,2152,1,2,10,34,0,0,0,6,0,0,19,502,483.8,421.4,283.0,118.8,0,0,0,0,24,2.49,1.53,4.02,34.27,417,417,Dalot,Man Utd,DEF,5.0,4.5,4.8,0.2999999999999998,21.25,4.265799256505576,56.63157894736842,3,0.041821561338289966,0.08364312267657993,0.10413568773234201,0.06398698884758364,0.16812267657992563,0.0,0.2631578947368421,0.7946096654275093,54.0,0.0,1797.0,0.0,0.0,0.0,0.0,0.0,5.0,0.0,5.0,0.0,2.7045075125208684,0.0,0.0,0.0,0.0,0.0,True,False,False,False,2.0
2023/24,216051,50,52,111,3174,2,3,8,55,0,0,0,4,1,0,13,662,738.6,590.8,212.0,154.4,0,0,0,0,35,1.67,2.38,4.05,64.76,417,417,Dalot,Man Utd,DEF,5.0,5.0,5.2,0.20000000000000018,21.346153846153847,3.1474480151228734,83.52631578947368,5,0.05671077504725898,0.08506616257088848,0.047353497164461245,0.06748582230623819,0.11483931947069943,0.0,0.21052631578947367,0.3686200378071834,102.0,54.0,2152.0,1797.0,1.0,0.0,2.0,0.0,10.0,5.0,19.0,5.0,4.265799256505576,2.7045075125208684,0.10413568773234201,0.0,0.06398698884758364,0.0,True,False,False,False,3.0
2024/25,216051,50,50,95,2812,0,4,8,45,0,0,0,5,0,0,9,352,493.2,434.2,264.0,118.6,0,0,0,178,31,1.96,2.35,4.31,46.95,417,417,Dalot,Man Utd,DEF,5.0,5.0,5.0,0.0,19.0,3.040540540540541,74.0,4,0.0,0.12802275960170698,0.06273115220483641,0.07521337126600285,0.13794452347083924,0.0,0.21052631578947367,0.2880512091038407,111.0,102.0,3174.0,2152.0,2.0,1.0,3.0,2.0,8.0,10.0,13.0,19.0,3.1474480151228734,4.265799256505576,0.047353497164461245,0.10413568773234201,0.06748582230623819,0.06398698884758364,True,False,False,False,4.0
2025/26,216051,45,45,111,2609,1,6,7,40,0,0,0,5,0,0,9,414,535.8,458.5,202.0,119.6,127,135,53,180,29,1.93,2.57,4.5,36.57,417,417,Dalot,Man Utd,DEF,5.0,4.5,4.5,0.0,24.666666666666668,3.8290532771176697,68.65789473684211,7,0.03449597546952856,0.20697585281717135,0.06657723265619012,0.08865465695668838,0.1552318896128785,0.0,0.18421052631578946,0.310463779225757,95.0,111.0,2812.0,3174.0,0.0,2.0,4.0,3.0,8.0,8.0,9.0,13.0,3.040540540540541,3.1474480151228734,0.06273115220483641,0.047353497164461245,0.07521337126600285,0.06748582230623819,True,False,False,False,5.0
2016/17,95658,45,44,71,2307,2,3,4,53,0,0,0,5,0,0,5,483,707.6,157.2,439.0,130.6,0,0,0,0,0,0.0,0.0,0.0,0.0,418,418,Maguire,Man Utd,DEF,5.0,4.5,4.4,-0.09999999999999964,16.136363636363637,2.7698309492847857,60.71052631578947,5,0.07802340702210664,0.11703511053315994,0.0,0.0,0.0,0.0,0.10526315789473684,0.1950585175552666,1.0,,94.0,,0.0,,0.0,,0.0,,0.0,,0.9574468085106382,,0.0,,0.0,,True,False,False,False,
2017/18,95658,50,55,117,3420,2,4,9,60,0,0,0,7,0,0,10,716,955.8,254.3,478.0,168.8,0,0,0,0,0,0.0,0.0,0.0,0.0,418,418,Maguire,Man Utd,DEF,5.0,5.0,5.5,0.5,21.272727272727273,3.0789473684210527,90.0,6,0.05263157894736842,0.10526315789473684,0.0,0.0,0.0,0.0,0.23684210526315788,0.2631578947368421,71.0,1.0,2307.0,94.0,2.0,0.0,3.0,0.0,4.0,0.0,5.0,0.0,2.7698309492847857,0.9574468085106382,0.0,0.0,0.0,0.0,True,False,False,False,
2018/19,95658,55,54,92,2596,3,1,6,41,0,0,0,6,1,0,10,533,715.8,165.3,462.0,134.3,0,0,0,0,0,0.0,0.0,0.0,0.0,418,418,Maguire,Man Utd,DEF,5.0,5.5,5.4,-0.09999999999999964,17.037037037037035,3.189522342064715,68.3157894736842,4,0.10400616332819722,0.03466872110939907,0.0,0.0,0.0,0.0,0.15789473684210525,0.34668721109399075,117.0,71.0,3420.0,2307.0,2.0,2.0,4.0,3.0,9.0,4.0,10.0,5.0,3.0789473684210527,2.7698309492847857,0.0,0.0,0.0,0.0,True,False,False,False,
2019/20,95658,55,53,123,3420,1,0,13,36,0,0,0,6,0,0,5,681,772.0,214.6,371.0,136.2,0,0,0,0,0,0.0,0.0,0.0,0.0,418,418,Maguire,Man Utd,DEF,5.0,5.5,5.3,-0.20000000000000018,23.20754716981132,3.236842105263158,90.0,1,0.02631578947368421,0.0,0.0,0.0,0.0,0.0,0.34210526315789475,0.13157894736842105,92.0,117.0,2596.0,3420.0,3.0,2.0,1.0,4.0,6.0,9.0,10.0,10.0,3.189522342064715,3.0789473684210527,0.0,0.0,0.0,0.0,True,False,False,False,
2020/21,95658,55,55,124,3047,2,2,13,36,0,0,0,11,0,0,8,632,701.4,133.6,428.0,126.3,0,0,0,0,0,0.0,0.0,0.0,0.0,418,418,Maguire,Man Utd,DEF,5.0,5.5,5.5,0.0,22.545454545454547,3.6626189694781752,80.1842105263158,4,0.059074499507712507,0.059074499507712507,0.0,0.0,0.0,0.0,0.34210526315789475,0.23629799803085003,123.0,92.0,3420.0,2596.0,1.0,3.0,0.0,1.0,13.0,6.0,5.0,10.0,3.236842105263158,3.189522342064715,0.0,0.0,0.0,0.0,True,False,False,False,
2021/22,95658,55,54,69,2513,1,0,7,43,1,0,0,7,1,0,4,451,571.0,77.2,316.0,96.5,0,0,0,0,0,0.0,0.0,0.0,0.0,418,418,Maguire,Man Utd,DEF,5.0,5.5,5.4,-0.09999999999999964,12.777777777777777,2.471150019896538,66.13157894736842,1,0.035813768404297654,0.0,0.0,0.0,0.0,0.0,0.18421052631578946,0.14325507361719061,124.0,123.0,3047.0,3420.0,2.0,1.0,2.0,0.0,13.0,13.0,8.0,5.0,3.6626189694781752,3.236842105263158,0.0,0.0,0.0,0.0,True,False,False,False,1.0
2022/23,95658,50,47,39,762,0,0,5,7,0,0,0,4,0,0,2,201,193.0,20.8,55.0,26.9,0,0,0,0,8,0.34,0.04,0.38,10.79,418,418,Maguire,Man Utd,DEF,5.0,5.0,4.7,-0.2999999999999998,8.297872340425531,4.606299212598425,20.05263157894737,0,0.0,0.0,0.04015748031496063,0.004724409448818898,0.04488188976377953,0.0,0.13157894736842105,0.23622047244094488,69.0,124.0,2513.0,3047.0,1.0,2.0,0.0,2.0,7.0,13.0,4.0,8.0,2.471150019896538,3.6626189694781752,0.0,0.0,0.0,0.0,True,False,False,False,2.0
2023/24,95658,45,43,73,1650,2,4,4,29,0,0,0,3,0,0,6,351,493.4,90.9,192.0,77.7,0,0,0,0,18,1.94,0.97,2.91,36.68,418,418,Maguire,Man Utd,DEF,5.0,4.5,4.3,-0.20000000000000018,16.976744186046513,3.981818181818182,43.421052631578945,6,0.1090909090909091,0.2181818181818182,0.10581818181818183,0.05290909090909091,0.15872727272727274,0.0,0.10526315789473684,0.32727272727272727,39.0,69.0,762.0,2513.0,0.0,1.0,0.0,0.0,5.0,7.0,2.0,4.0,4.606299212598425,2.471150019896538,0.04015748031496063,0.0,0.004724409448818898,0.0,True,False,False,False,3.0
2024/25,95658,50,49,48,1751,1,0,3,27,0,0,0,7,0,0,3,217,411.4,111.5,237.0,76.1,0,0,0,159,19,1.82,0.25,2.07,26.83,418,418,Maguire,Man Utd,DEF,5.0,5.0,4.9,-0.09999999999999964,9.795918367346937,2.4671616219303254,46.078947368421055,1,0.05139920045688178,0.0,0.09354654483152484,0.012849800114220445,0.10639634494574528,0.0,0.07894736842105263,0.15419760137064534,73.0,39.0,1650.0,762.0,2.0,0.0,4.0,0.0,4.0,5.0,6.0,2.0,3.981818181818182,4.606299212598425,0.10581818181818183,0.04015748031496063,0.05290909090909091,0.004724409448818898,True,False,False,False,4.0
2025/26,95658,45,44,90,1649,1,2,7,20,0,0,0,3,1,0,5,315,381.6,62.5,184.0,63.0,129,62,22,151,19,1.12,0.5,1.62,22.95,418,418,Maguire,Man Utd,DEF,5.0,4.5,4.4,-0.09999999999999964,20.454545454545453,4.912067919951485,43.39473684210526,3,0.0545785324439054,0.1091570648878108,0.06112795633717405,0.0272892662219527,0.08841722255912675,0.0,0.18421052631578946,0.27289266221952696,48.0,73.0,1751.0,1650.0,1.0,2.0,0.0,4.0,3.0,4.0,3.0,6.0,2.4671616219303254,3.981818181818182,0.09354654483152484,0.10581818181818183,0.012849800114220445,0.05290909090909091,True,False,False,False,5.0
2023/24,221820,50,47,15,643,0,1,1,12,1,0,0,3,0,0,0,134,144.4,45.7,4.0,19.4,0,0,0,0,8,0.0,0.08,0.08,11.65,419,419,Martinez,Man Utd,DEF,5.0,5.0,4.7,-0.2999999999999998,3.1914893617021276,2.0995334370139966,16.92105263157895,1,0.0,0.1399688958009331,0.0,0.01119751166407465,0.01119751166407465,0.0,0.02631578947368421,0.0,81.0,,2113.0,,1.0,,0.0,,9.0,,6.0,,3.4500709891150025,,0.0195929957406531,,0.04344533838144818,,True,False,False,False,3.0
2024/25,221820,45,43,68,1751,2,1,6,27,0,0,0,7,0,0,5,293,426.6,153.9,158.0,73.8,0,0,0,134,20,1.33,1.21,2.54,30.17,419,419,Martinez,Man Utd,DEF,5.0,4.5,4.3,-0.20000000000000018,15.813953488372094,3.495145631067961,46.078947368421055,3,0.10279840091376356,0.05139920045688178,0.06836093660765277,0.06219303255282695,0.13055396916047973,0.0,0.15789473684210525,0.2569960022844089,15.0,81.0,643.0,2113.0,0.0,1.0,1.0,0.0,1.0,9.0,0.0,6.0,2.0995334370139966,3.4500709891150025,0.0,0.0195929957406531,0.01119751166407465,0.04344533838144818,True,False,False,False,4.0
2025/26,221820,50,48,51,1229,0,0,5,15,1,0,0,0,1,0,3,241,302.8,94.9,19.0,42.0,86,68,19,105,13,0.15,0.6,0.75,15.22,419,419,Martinez,Man Utd,DEF,5.0,5.0,4.8,-0.20000000000000018,10.625,3.734743694060212,32.3421052631579,0,0.0,0.0,0.010984540276647681,0.043938161106590726,0.05492270138323841,0.0,0.13157894736842105,0.21969080553295364,68.0,15.0,1751.0,643.0,2.0,0.0,1.0,1.0,6.0,1.0,5.0,0.0,3.495145631067961,2.0995334370139966,0.06836093660765277,0.0,0.06219303255282695,0.01119751166407465,True,False,False,False,5.0
2025/26,550864,45,41,56,1730,0,1,2,33,0,0,0,1,0,0,1,191,327.0,83.1,124.0,53.2,126,73,30,156,18,1.34,0.59,1.93,26.83,420,420,Yoro,Man Utd,DEF,5.0,4.5,4.1,-0.40000000000000036,13.658536585365855,2.9132947976878616,45.526315789473685,1,0.0,0.05202312138728324,0.06971098265895954,0.03069364161849711,0.10040462427745665,0.0,0.05263157894736842,0.05202312138728324,22.0,,1160.0,,0.0,,0.0,,1.0,,0.0,,1.706896551724138,,0.054310344827586204,,0.011637931034482758,,True,False,False,False,5.0
2025/26,606745,40,37,42,920,0,1,2,15,1,0,0,2,0,0,3,164,233.6,32.0,26.0,29.1,71,39,22,93,11,0.34,0.18,0.52,11.95,421,421,Heaven,Man Utd,DEF,4.5,4.0,3.7,-0.2999999999999998,11.35135135135135,4.108695652173913,24.210526315789473,1,0.0,0.09782608695652174,0.0332608695652174,0.017608695652173913,0.05086956521739131,0.0,0.05263157894736842,0.29347826086956524,10.0,,169.0,,0.0,,0.0,,1.0,,2.0,,5.325443786982248,,0.06390532544378698,,0.0053254437869822485,,True,False,False,False,5.0
2025/26,230001,50,49,53,977,0,0,5,10,0,0,0,3,0,0,6,233,209.0,122.4,37.0,36.8,66,46,28,94,11,0.19,0.35,0.53,12.99,422,422,Mazraoui,Man Utd,DEF,4.5,5.0,4.9,-0.09999999999999964,10.816326530612244,4.882292732855681,25.710526315789473,0,0.0,0.0,0.01750255885363357,0.03224155578300921,0.04882292732855681,0.0,0.13157894736842105,0.5527123848515865,88.0,,2836.0,,0.0,,1.0,,7.0,,5.0,,2.792665726375176,,0.021897038081805358,,0.0593441466854725,,True,False,False,False,5.0
2013/14,106760,45,51,123,2990,0,2,14,38,0,0,0,4,0,0,10,173,0.0,0.0,0.0,0.0,0,0,0,0,0,0.0,0.0,0.0,0.0,423,423,Shaw,Man Utd,DEF,4.5,4.5,5.1,0.5999999999999996,24.117647058823533,3.702341137123746,78.6842105263158,2,0.0,0.06020066889632107,0.0,0.0,0.0,0.0,0.3684210526315789,0.3010033444816054,66.0,,1949.0,,0.0,,0.0,,6.0,,2.0,,3.047716777834787,,0.0,,0.0,,True,False,False,False,
2014/15,106760,60,57,34,1121,0,0,2,14,0,0,0,1,1,0,4,217,0.0,0.0,0.0,0.0,0,0,0,0,0,0.0,0.0,0.0,0.0,423,423,Shaw,Man Utd,DEF,4.5,6.0,5.7,-0.2999999999999998,5.964912280701754,2.7297056199821585,29.5,0,0.0,0.0,0.0,0.0,0.0,0.0,0.05263157894736842,0.32114183764495985,123.0,66.0,2990.0,1949.0,0.0,0.0,2.0,0.0,14.0,6.0,10.0,2.0,3.702341137123746,3.047716777834787,0.0,0.0,0.0,0.0,True,False,False,False,
2015/16,106760,55,53,27,450,0,1,3,3,0,0,0,1,0,0,4,135,0.0,0.0,0.0,0.0,0,0,0,0,0,0.0,0.0,0.0,0.0,423,423,Shaw,Man Utd,DEF,4.5,5.5,5.3,-0.20000000000000018,5.09433962264151,5.4,11.842105263157896,1,0.0,0.2,0.0,0.0,0.0,0.0,0.07894736842105263,0.8,34.0,123.0,1121.0,2990.0,0.0,0.0,0.0,2.0,2.0,14.0,4.0,10.0,2.7297056199821585,3.702341137123746,0.0,0.0,0.0,0.0,True,False,False,False,
2016/17,106760,55,52,45,688,0,3,4,6,0,0,0,1,0,0,4,202,139.2,160.5,64.0,36.5,0,0,0,0,0,0.0,0.0,0.0,0.0,423,423,Shaw,Man Utd,DEF,4.5,5.5,5.2,-0.2999999999999998,8.653846153846153,5.886627906976744,18.105263157894736,3,0.0,0.39244186046511625,0.0,0.0,0.0,0.0,0.10526315789473684,0.5232558139534883,27.0,34.0,450.0,1121.0,0.0,0.0,1.0,0.0,3.0,2.0,4.0,4.0,5.4,2.7297056199821585,0.0,0.0,0.0,0.0,True,False,False,False,
2017/18,106760,50,48,48,787,0,0,7,2,0,0,0,2,0,0,4,216,142.6,127.0,144.0,41.5,0,0,0,0,0,0.0,0.0,0.0,0.0,423,423,Shaw,Man Utd,DEF,4.5,5.0,4.8,-0.20000000000000018,10.0,5.489199491740789,20.710526315789473,0,0.0,0.0,0.0,0.0,0.0,0.0,0.18421052631578946,0.457433290978399,45.0,27.0,688.0,450.0,0.0,0.0,3.0,1.0,4.0,3.0,4.0,4.0,5.886627906976744,5.4,0.0,0.0,0.0,0.0,True,False,False,False,
2018/19,106760,50,51,91,2591,1,5,6,39,0,0,0,11,0,0,11,489,586.2,505.6,287.0,138.1,0,0,0,0,0,0.0,0.0,0.0,0.0,423,423,Shaw,Man Utd,DEF,4.5,5.0,5.1,0.09999999999999964,17.84313725490196,3.160941721343111,68.1842105263158,6,0.03473562331146276,0.17367811655731377,0.0,0.0,0.0,0.0,0.15789473684210525,0.38209185642609034,48.0,45.0,787.0,688.0,0.0,0.0,0.0,3.0,7.0,4.0,4.0,4.0,5.489199491740789,5.886627906976744,0.0,0.0,0.0,0.0,True,False,False,False,
2019/20,106760,55,54,67,1730,0,0,8,15,0,0,0,7,0,0,2,381,344.2,321.2,187.0,85.1,0,0,0,0,0,0.0,0.0,0.0,0.0,423,423,Shaw,Man Utd,DEF,4.5,5.5,5.4,-0.09999999999999964,12.407407407407407,3.485549132947977,45.526315789473685,0,0.0,0.0,0.0,0.0,0.0,0.0,0.21052631578947367,0.10404624277456648,91.0,48.0,2591.0,787.0,1.0,0.0,5.0,0.0,6.0,7.0,11.0,4.0,3.160941721343111,5.489199491740789,0.0,0.0,0.0,0.0,True,False,False,False,
2020/21,106760,50,55,124,2653,1,5,10,33,1,0,0,8,0,0,22,640,596.0,1085.9,243.0,192.8,0,0,0,0,0,0.0,0.0,0.0,0.0,423,423,Shaw,Man Utd,DEF,4.5,5.0,5.5,0.5,22.545454545454547,4.206558612891067,69.8157894736842,6,0.03392385978137957,0.16961929890689786,0.0,0.0,0.0,0.0,0.2631578947368421,0.7463249151903505,67.0,91.0,1730.0,2591.0,0.0,1.0,0.0,5.0,8.0,6.0,2.0,11.0,3.485549132947977,3.160941721343111,0.0,0.0,0.0,0.0,True,False,False,False,
2021/22,106760,55,50,46,1600,0,3,3,24,0,0,0,8,0,0,3,276,292.0,586.1,54.0,93.3,0,0,0,0,0,0.0,0.0,0.0,0.0,423,423,Shaw,Man Utd,DEF,4.5,5.5,5.0,-0.5,9.2,2.5875,42.10526315789474,3,0.0,0.16874999999999998,0.0,0.0,0.0,0.0,0.07894736842105263,0.16874999999999998,124.0,67.0,2653.0,1730.0,1.0,0.0,5.0,0.0,10.0,8.0,22.0,2.0,4.206558612891067,3.485549132947977,0.0,0.0,0.0,0.0,True,False,False,False,1.0
2022/23,106760,50,53,124,2552,1,4,12,35,0,0,0,8,0,0,20,626,572.8,547.7,118.0,124.2,0,0,0,0,30,1.09,2.9,3.99,37.85,423,423,Shaw,Man Utd,DEF,4.5,5.0,5.3,0.2999999999999998,23.39622641509434,4.3730407523510975,67.15789473684211,5,0.03526645768025079,0.14106583072100315,0.03844043887147336,0.10227272727272728,0.14071316614420065,0.0,0.3157894736842105,0.7053291536050157,46.0,124.0,1600.0,2653.0,0.0,1.0,3.0,5.0,3.0,10.0,3.0,22.0,2.5875,4.206558612891067,0.0,0.0,0.0,0.0,True,False,False,False,2.0
2023/24,106760,55,52,31,960,0,1,4,13,0,0,0,6,0,0,0,195,197.2,199.3,29.0,42.6,0,0,0,0,12,0.05,0.89,0.94,20.17,423,423,Shaw,Man Utd,DEF,4.5,5.5,5.2,-0.2999999999999998,5.961538461538462,2.90625,25.263157894736842,1,0.0,0.09375,0.004687500000000001,0.08343750000000001,0.088125,0.0,0.10526315789473684,0.0,124.0,46.0,2552.0,1600.0,1.0,0.0,4.0,3.0,12.0,3.0,20.0,3.0,4.3730407523510975,2.5875,0.03844043887147336,0.0,0.10227272727272728,0.0,True,False,False,False,3.0
2024/25,106760,50,49,5,346,0,0,0,5,1,0,0,1,0,0,0,38,48.2,68.2,11.0,12.7,0,0,0,14,4,0.03,0.77,0.8,3.81,423,423,Shaw,Man Utd,DEF,4.5,5.0,4.9,-0.09999999999999964,1.0204081632653061,1.300578034682081,9.105263157894736,0,0.0,0.0,0.007803468208092485,0.20028901734104046,0.20809248554913296,0.0,0.0,0.0,31.0,124.0,960.0,2552.0,0.0,1.0,1.0,4.0,4.0,12.0,0.0,20.0,2.90625,4.3730407523510975,0.004687500000000001,0.03844043887147336,0.08343750000000001,0.10227272727272728,True,False,False,False,4.0
2025/26,106760,45,45,113,3220,1,1,10,45,0,0,0,9,0,0,3,449,560.2,314.8,97.0,97.4,149,105,75,224,38,0.72,1.98,2.69,44.9,423,423,Shaw,Man Utd,DEF,4.5,4.5,4.5,0.0,25.11111111111111,3.158385093167702,84.73684210526316,2,0.027950310559006212,0.027950310559006212,0.020124223602484472,0.055341614906832294,0.07518633540372671,0.0,0.2631578947368421,0.08385093167701863,5.0,31.0,346.0,960.0,0.0,0.0,0.0,1.0,0.0,4.0,0.0,0.0,1.300578034682081,2.90625,0.007803468208092485,0.004687500000000001,0.20028901734104046,0.08343750000000001,True,False,False,False,5.0
2024/25,577974,40,40,4,345,0,0,0,9,0,0,0,0,0,0,0,1,40.0,26.5,15.0,8.2,0,0,0,18,4,0.07,0.07,0.14,6.3,424,424,Amass,Man Utd,DEF,4.0,4.0,4.0,0.0,1.0,1.0434782608695652,9.078947368421053,0,0.0,0.0,0.018260869565217393,0.018260869565217393,0.036521739130434785,0.0,0.0,0.0,0.0,,0.0,,0.0,,0.0,,0.0,,0.0,,0.0,,0.0,,0.0,,True,False,False,False,4.0
2025/26,577974,40,40,0,0,0,0,0,0,0,0,0,0,0,0,0,0,0.0,0.0,0.0,0.0,0,0,0,0,0,0.0,0.0,0.0,0.0,424,424,Amass,Man Utd,DEF,4.0,4.0,4.0,0.0,0.0,0.0,0.0,0,0.0,0.0,0.0,0.0,0.0,0.0,0.0,0.0,4.0,0.0,345.0,0.0,0.0,0.0,0.0,0.0,0.0,0.0,0.0,0.0,1.0434782608695652,0.0,0.018260869565217393,0.0,0.018260869565217393,0.0,True,False,False,False,5.0
2025/26,547676,40,37,1,2,0,0,0,0,0,0,0,0,0,0,0,4,4.0,0.0,0.0,0.4,2,0,0,2,0,0.0,0.0,0.0,0.3,425,425,Fredricson,Man Utd,DEF,4.0,4.0,3.7,-0.2999999999999998,0.27027027027027023,45.0,0.05263157894736842,0,0.0,0.0,0.0,0.0,0.0,0.0,0.0,0.0,2.0,,166.0,,0.0,,0.0,,0.0,,0.0,,1.0843373493975903,,0.0,,0.010843373493975903,,True,False,False,False,5.0
2020/21,141746,105,113,244,3101,18,14,13,36,0,0,1,6,0,0,36,870,1292.6,1414.9,1253.0,396.2,0,0,0,0,0,0.0,0.0,0.0,0.0,426,426,B.Fernandes,Man Utd,MID,12.0,10.5,11.3,0.8000000000000007,21.5929203539823,7.081586584972589,81.60526315789474,32,0.5224121251209287,0.40632054176072235,0.0,0.0,0.0,0.0,0.34210526315789475,1.0448242502418574,117.0,,1187.0,,8.0,,8.0,,9.0,,18.0,,8.871103622577929,,0.0,,0.0,,False,False,False,True,
2021/22,141746,120,116,151,3110,10,7,8,54,0,0,2,10,0,0,15,626,906.6,1291.9,910.0,311.2,0,0,0,0,0,0.0,0.0,0.0,0.0,426,426,B.Fernandes,Man Utd,MID,12.0,12.0,11.6,-0.40000000000000036,13.017241379310345,4.369774919614148,81.84210526315789,17,0.28938906752411575,0.20257234726688103,0.0,0.0,0.0,0.0,0.21052631578947367,0.4340836012861736,244.0,117.0,3101.0,1187.0,18.0,8.0,14.0,8.0,13.0,9.0,36.0,18.0,7.081586584972589,8.871103622577929,0.0,0.0,0.0,0.0,False,False,False,True,1.0
2022/23,141746,100,95,176,3317,8,9,18,39,0,0,0,6,0,0,23,748,1004.2,1603.7,982.0,359.3,0,0,0,0,37,9.33,10.7,20.03,49.13,426,426,B.Fernandes,Man Utd,MID,12.0,10.0,9.5,-0.5,18.526315789473685,4.775399457340971,87.28947368421052,17,0.21706361169731686,0.24419656315948146,0.2531504371419958,0.29032258064516125,0.5434730177871571,0.0,0.47368421052631576,0.624057883629786,151.0,244.0,3110.0,3101.0,10.0,18.0,7.0,14.0,8.0,13.0,15.0,36.0,4.369774919614148,7.081586584972589,0.0,0.0,0.0,0.0,False,False,False,True,2.0
2023/24,141746,85,85,166,3118,10,9,7,52,0,0,1,9,0,0,24,729,1101.6,1663.0,748.0,351.3,0,0,0,0,35,9.73,10.23,19.96,63.99,426,426,B.Fernandes,Man Utd,MID,12.0,8.5,8.5,0.0,19.529411764705884,4.791533033996151,82.05263157894737,19,0.28864656831302116,0.25978191148171903,0.2808531109685696,0.29528543938422064,0.5761385503527903,0.0,0.18421052631578946,0.6927517639512508,176.0,151.0,3317.0,3110.0,8.0,10.0,9.0,7.0,18.0,8.0,23.0,15.0,4.775399457340971,4.369774919614148,0.2531504371419958,0.0,0.29032258064516125,0.0,False,False,False,True,3.0
2024/25,141746,85,84,174,3017,8,12,10,47,0,0,0,3,2,0,28,810,1017.8,1407.7,587.0,300.8,0,0,0,359,35,9.93,7.89,17.82,45.85,426,426,B.Fernandes,Man Utd,MID,12.0,8.5,8.4,-0.09999999999999964,20.71428571428571,5.190586675505468,79.39473684210526,20,0.23864766324163073,0.3579714948624461,0.29622141199867413,0.2353662578720583,0.5315876698707325,0.0,0.2631578947368421,0.8352668213457076,166.0,176.0,3118.0,3317.0,10.0,8.0,9.0,9.0,7.0,18.0,24.0,23.0,4.791533033996151,4.775399457340971,0.2808531109685696,0.2531504371419958,0.29528543938422064,0.29032258064516125,False,False,False,True,4.0
2025/26,141746,90,104,235,3065,9,24,7,46,0,0,2,5,0,0,41,1008,1258.0,1938.5,614.0,381.4,67,167,53,287,35,10.79,12.28,23.07,44.42,426,426,B.Fernandes,Man Utd,MID,12.0,9.0,10.4,1.4000000000000004,22.596153846153847,6.900489396411093,80.65789473684211,33,0.2642740619902121,0.7047308319738989,0.3168352365415987,0.36058727569331156,0.6774225122349102,0.0,0.18421052631578946,1.203915171288744,174.0,166.0,3017.0,3118.0,8.0,10.0,12.0,9.0,10.0,7.0,28.0,24.0,5.190586675505468,4.791533033996151,0.29622141199867413,0.2808531109685696,0.2353662578720583,0.29528543938422064,False,False,False,True,5.0
2022/23,446008,60,57,150,2905,9,9,10,39,0,0,0,5,0,0,19,556,692.6,808.6,895.0,239.5,0,0,0,0,36,9.48,5.53,15.01,41.96,427,427,Mbeumo,Man Utd,MID,8.0,6.0,5.7,-0.2999999999999998,26.31578947368421,4.647160068846816,76.44736842105263,18,0.27882960413080893,0.27882960413080893,0.29370051635111877,0.17132530120481929,0.465025817555938,0.0,0.2631578947368421,0.5886402753872634,119.0,,2905.0,,4.0,,7.0,,9.0,,6.0,,3.6867469879518073,,0.0,,0.0,,False,False,False,True,2.0
2023/24,446008,65,68,127,1957,9,7,5,31,0,0,0,2,0,0,12,364,554.2,572.1,576.0,170.1,0,0,0,0,22,9.7,5.67,15.37,28.31,427,427,Mbeumo,Man Utd,MID,8.0,6.5,6.8,0.2999999999999998,18.676470588235293,5.840572304547777,51.5,16,0.4138988247317323,0.32192130812468067,0.4460909555442003,0.2607562595809913,0.7068472151251917,0.0,0.13157894736842105,0.5518650996423097,150.0,119.0,2905.0,2905.0,9.0,4.0,9.0,7.0,10.0,9.0,19.0,6.0,4.647160068846816,3.6867469879518073,0.29370051635111877,0.0,0.17132530120481929,0.0,False,False,False,True,3.0
2024/25,446008,70,83,236,3415,20,9,9,55,0,0,1,3,0,0,29,948,1236.8,1107.5,1060.0,340.8,0,0,0,273,38,12.52,9.24,21.75,55.4,427,427,Mbeumo,Man Utd,MID,8.0,7.0,8.3,1.3000000000000007,28.433734939759034,6.219619326500732,89.86842105263158,29,0.527086383601757,0.23718887262079064,0.32995607613469985,0.24351390922401173,0.5732064421669107,0.0,0.23684210526315788,0.7642752562225477,127.0,150.0,1957.0,2905.0,9.0,9.0,7.0,9.0,5.0,10.0,12.0,19.0,5.840572304547777,4.647160068846816,0.4460909555442003,0.29370051635111877,0.2607562595809913,0.17132530120481929,False,False,False,True,4.0
2025/26,446008,80,83,148,2611,11,3,8,37,0,0,0,4,0,0,16,528,628.8,803.1,882.0,231.4,23,91,25,139,31,11.98,4.99,16.97,35.87,427,427,Mbeumo,Man Utd,MID,8.0,8.0,8.3,0.3000000000000007,17.831325301204817,5.101493680582152,68.71052631578948,14,0.37916507085407886,0.10340865568747605,0.4129452317119877,0.1720030639601685,0.5849482956721562,0.0,0.21052631578947367,0.5515128303332056,236.0,127.0,3415.0,1957.0,20.0,9.0,9.0,7.0,9.0,5.0,29.0,12.0,6.219619326500732,5.840572304547777,0.32995607613469985,0.4460909555442003,0.24351390922401173,0.2607562595809913,False,False,False,True,5.0
2023/24,430871,55,55,135,2438,12,7,6,46,0,0,0,9,0,0,15,520,786.0,409.8,872.0,206.4,0,0,0,0,29,9.49,2.97,12.46,48.51,428,428,Cunha,Man Utd,MID,8.0,5.5,5.5,0.0,24.545454545454547,4.983593109105825,64.15789473684211,19,0.44298605414273995,0.258408531583265,0.3503281378178835,0.10963904840032815,0.4599671862182117,0.0,0.15789473684210525,0.5537325676784249,39.0,,961.0,,2.0,,0.0,,5.0,,6.0,,3.652445369406868,,0.16108220603537982,,0.01592091571279917,,False,False,False,True,3.0
2024/25,430871,65,70,178,2596,15,7,7,54,0,0,0,4,0,0,41,838,936.2,847.8,940.0,272.2,0,0,0,200,29,8.73,5.29,14.02,44.53,428,428,Cunha,Man Utd,MID,8.0,6.5,7.0,0.5,25.428571428571427,6.1710323574730355,68.3157894736842,22,0.5200308166409862,0.24268104776579352,0.3026579352850539,0.1833975346687211,0.486055469953775,0.0,0.18421052631578946,1.421417565485362,135.0,39.0,2438.0,961.0,12.0,2.0,7.0,0.0,6.0,5.0,15.0,6.0,4.983593109105825,3.652445369406868,0.3503281378178835,0.16108220603537982,0.10963904840032815,0.01592091571279917,False,False,False,True,4.0
2025/26,430871,80,81,143,2493,10,4,8,35,0,0,0,4,0,0,14,591,675.8,545.4,801.0,202.5,46,126,39,211,29,6.9,3.36,10.26,35.75,428,428,Cunha,Man Utd,MID,8.0,8.0,8.1,0.09999999999999964,17.654320987654323,5.16245487364621,65.60526315789474,14,0.36101083032490977,0.1444043321299639,0.24909747292418774,0.12129963898916968,0.3703971119133574,0.0,0.21052631578947367,0.5054151624548736,178.0,135.0,2596.0,2438.0,15.0,12.0,7.0,7.0,7.0,6.0,41.0,15.0,6.1710323574730355,4.983593109105825,0.3026579352850539,0.3503281378178835,0.1833975346687211,0.10963904840032815,False,False,False,True,5.0
2016/17,176297,70,64,76,1712,5,3,7,15,0,0,0,3,0,0,2,287,316.2,411.4,734.0,145.5,0,0,0,0,0,0.0,0.0,0.0,0.0,429,429,Rashford,Man Utd,MID,7.0,7.0,6.4,-0.5999999999999996,11.875,3.9953271028037385,45.05263157894737,8,0.2628504672897196,0.15771028037383178,0.0,0.0,0.0,0.0,0.18421052631578946,0.10514018691588785,55.0,,855.0,,5.0,,2.0,,6.0,,8.0,,5.7894736842105265,,0.0,,0.0,,False,False,False,True,
2017/18,176297,75,73,104,1799,7,5,10,16,0,0,0,3,0,0,11,387,470.8,412.1,838.0,171.7,0,0,0,0,0,0.0,0.0,0.0,0.0,429,429,Rashford,Man Utd,MID,7.0,7.5,7.3,-0.20000000000000018,14.246575342465754,5.202890494719289,47.3421052631579,12,0.3501945525291829,0.2501389660922735,0.0,0.0,0.0,0.0,0.2631578947368421,0.5503057254030017,76.0,55.0,1712.0,855.0,5.0,5.0,3.0,2.0,7.0,6.0,2.0,8.0,3.9953271028037385,5.7894736842105265,0.0,0.0,0.0,0.0,False,False,False,True,
2018/19,176297,70,73,128,2331,10,7,6,35,0,0,0,3,1,0,14,425,650.0,542.3,1064.0,224.6,0,0,0,0,0,0.0,0.0,0.0,0.0,429,429,Rashford,Man Utd,MID,7.0,7.0,7.3,0.2999999999999998,17.534246575342465,4.942084942084942,61.3421052631579,17,0.3861003861003861,0.2702702702702703,0.0,0.0,0.0,0.0,0.15789473684210525,0.5405405405405406,104.0,76.0,1799.0,1712.0,7.0,5.0,5.0,3.0,10.0,7.0,11.0,2.0,5.202890494719289,3.9953271028037385,0.0,0.0,0.0,0.0,False,False,False,True,
2019/20,176297,85,89,177,2645,17,8,9,29,0,0,2,3,0,0,31,665,887.0,563.7,1265.0,271.7,0,0,0,0,0,0.0,0.0,0.0,0.0,429,429,Rashford,Man Utd,MID,7.0,8.5,8.9,0.40000000000000036,19.8876404494382,6.022684310018904,69.60526315789474,25,0.5784499054820416,0.2722117202268431,0.0,0.0,0.0,0.0,0.23684210526315788,1.054820415879017,128.0,104.0,2331.0,1799.0,10.0,7.0,7.0,5.0,6.0,10.0,14.0,11.0,4.942084942084942,5.202890494719289,0.0,0.0,0.0,0.0,False,False,False,True,
2020/21,176297,95,96,174,2917,11,11,12,39,0,0,0,4,0,0,9,535,793.2,682.1,1127.0,260.3,0,0,0,0,0,0.0,0.0,0.0,0.0,429,429,Rashford,Man Utd,MID,7.0,9.5,9.6,0.09999999999999964,18.125,5.368529310935893,76.76315789473684,22,0.3393897840246829,0.3393897840246829,0.0,0.0,0.0,0.0,0.3157894736842105,0.2776825505656496,177.0,128.0,2645.0,2331.0,17.0,10.0,8.0,7.0,9.0,6.0,31.0,14.0,6.022684310018904,4.942084942084942,0.0,0.0,0.0,0.0,False,False,False,True,
2021/22,176297,95,94,63,1224,4,2,2,28,0,0,0,2,0,0,0,171,233.8,155.4,406.0,79.4,0,0,0,0,0,0.0,0.0,0.0,0.0,429,429,Rashford,Man Utd,MID,7.0,9.5,9.4,-0.09999999999999964,6.702127659574468,4.632352941176471,32.21052631578947,6,0.29411764705882354,0.14705882352941177,0.0,0.0,0.0,0.0,0.05263157894736842,0.0,174.0,177.0,2917.0,2645.0,11.0,17.0,11.0,8.0,12.0,9.0,9.0,31.0,5.368529310935893,6.022684310018904,0.0,0.0,0.0,0.0,False,False,False,True,1.0
2022/23,176297,65,72,205,2880,17,7,13,39,0,0,0,2,0,0,21,530,892.2,462.5,1466.0,282.2,0,0,0,0,32,15.27,2.86,18.13,43.46,429,429,Rashford,Man Utd,MID,7.0,6.5,7.2,0.7000000000000002,28.47222222222222,6.40625,75.78947368421052,24,0.53125,0.21875,0.4771875,0.089375,0.5665625,0.0,0.34210526315789475,0.65625,63.0,174.0,1224.0,2917.0,4.0,11.0,2.0,11.0,2.0,12.0,0.0,9.0,4.632352941176471,5.368529310935893,0.0,0.0,0.0,0.0,False,False,False,True,2.0
2023/24,176297,90,84,108,2264,7,3,7,37,0,0,0,2,0,0,0,330,453.2,358.6,672.0,148.3,0,0,0,0,26,7.13,2.8,9.93,48.29,429,429,Rashford,Man Utd,MID,7.0,9.0,8.4,-0.5999999999999996,12.857142857142856,4.293286219081272,59.578947368421055,10,0.2782685512367491,0.11925795053003534,0.2834363957597173,0.11130742049469965,0.39474381625441696,0.0,0.18421052631578946,0.0,205.0,63.0,2880.0,1224.0,17.0,4.0,7.0,2.0,13.0,2.0,21.0,0.0,6.40625,4.632352941176471,0.4771875,0.0,0.089375,0.0,False,False,False,True,3.0
2024/25,176297,70,66,95,1414,6,4,7,15,0,0,0,2,0,0,9,333,398.4,451.1,369.0,122.1,0,0,0,69,16,4.67,3.43,8.1,21.68,429,429,Rashford,Man Utd,MID,7.0,7.0,6.6,-0.40000000000000036,14.393939393939394,6.046676096181047,37.21052631578947,10,0.3818953323903819,0.2545968882602546,0.29724186704384725,0.21831683168316834,0.5155586987270155,0.0,0.18421052631578946,0.5728429985855729,108.0,205.0,2264.0,2880.0,7.0,17.0,3.0,7.0,7.0,13.0,0.0,21.0,4.293286219081272,6.40625,0.2834363957597173,0.4771875,0.11130742049469965,0.089375,False,False,False,True,4.0
2025/26,176297,70,70,0,0,0,0,0,0,0,0,0,0,0,0,0,0,0.0,0.0,0.0,0.0,0,0,0,0,0,0.0,0.0,0.0,0.0,429,429,Rashford,Man Utd,MID,7.0,7.0,7.0,0.0,0.0,0.0,0.0,0,0.0,0.0,0.0,0.0,0.0,0.0,0.0,0.0,95.0,108.0,1414.0,2264.0,6.0,7.0,4.0,3.0,7.0,7.0,9.0,0.0,6.046676096181047,4.293286219081272,0.29724186704384725,0.2834363957597173,0.21831683168316834,0.11130742049469965,False,False,False,True,5.0
2020/21,184341,70,73,147,2887,6,7,14,32,0,0,0,2,0,0,16,599,770.4,1336.9,954.0,306.3,0,0,0,0,0,0.0,0.0,0.0,0.0,430,430,Mount,Man Utd,MID,5.5,7.0,7.3,0.2999999999999998,20.136986301369863,4.582611707655006,75.97368421052632,13,0.1870453758226533,0.21821960512642882,0.0,0.0,0.0,0.0,0.3684210526315789,0.49878766886040876,137.0,,2865.0,,7.0,,6.0,,9.0,,11.0,,4.303664921465969,,0.0,,0.0,,False,False,False,True,
2021/22,184341,75,77,169,2358,11,11,11,25,0,0,0,4,0,0,16,597,823.8,944.9,995.0,276.3,0,0,0,0,0,0.0,0.0,0.0,0.0,430,430,Mount,Man Utd,MID,5.5,7.5,7.7,0.20000000000000018,21.948051948051948,6.450381679389313,62.05263157894737,22,0.41984732824427484,0.41984732824427484,0.0,0.0,0.0,0.0,0.2894736842105263,0.6106870229007634,147.0,137.0,2887.0,2865.0,6.0,7.0,7.0,6.0,14.0,9.0,16.0,11.0,4.582611707655006,4.303664921465969,0.0,0.0,0.0,0.0,False,False,False,True,1.0
2022/23,184341,80,72,82,1644,3,4,8,21,0,0,0,4,0,0,8,277,331.4,463.1,376.0,117.2,0,0,0,0,20,1.97,2.81,4.78,23.53,430,430,Mount,Man Utd,MID,5.5,8.0,7.2,-0.7999999999999998,11.38888888888889,4.489051094890511,43.26315789473684,7,0.1642335766423358,0.21897810218978103,0.10784671532846715,0.15383211678832118,0.26167883211678833,0.0,0.21052631578947367,0.43795620437956206,169.0,147.0,2358.0,2887.0,11.0,6.0,11.0,7.0,11.0,14.0,16.0,16.0,6.450381679389313,4.582611707655006,0.0,0.0,0.0,0.0,False,False,False,True,2.0
2023/24,184341,70,68,23,509,1,0,1,13,0,0,0,2,0,0,0,93,105.8,107.6,64.0,27.9,0,0,0,0,5,0.37,0.37,0.74,9.95,430,430,Mount,Man Utd,MID,5.5,7.0,6.8,-0.20000000000000018,3.3823529411764706,4.066797642436149,13.394736842105264,1,0.1768172888015717,0.0,0.06542239685658152,0.06542239685658152,0.13084479371316304,0.0,0.02631578947368421,0.0,82.0,169.0,1644.0,2358.0,3.0,11.0,4.0,11.0,8.0,11.0,8.0,16.0,4.489051094890511,6.450381679389313,0.10784671532846715,0.0,0.15383211678832118,0.0,False,False,False,True,3.0
2024/25,184341,65,63,25,613,1,0,3,11,0,0,0,3,0,0,0,74,104.0,140.0,218.0,45.6,0,0,0,42,8,3.37,0.57,3.94,8.24,430,430,Mount,Man Utd,MID,5.5,6.5,6.3,-0.20000000000000018,3.9682539682539684,3.67047308319739,16.13157894736842,1,0.1468189233278956,0.0,0.4947797716150082,0.08368678629690049,0.5784665579119087,0.0,0.07894736842105263,0.0,23.0,82.0,509.0,1644.0,1.0,3.0,0.0,4.0,1.0,8.0,0.0,8.0,4.066797642436149,4.489051094890511,0.06542239685658152,0.10784671532846715,0.06542239685658152,0.15383211678832118,False,False,False,True,4.0
2025/26,184341,60,59,58,1010,3,0,5,15,0,0,0,2,0,0,3,201,201.2,214.1,165.0,58.0,19,59,24,102,12,1.56,1.62,3.18,12.46,430,430,Mount,Man Utd,MID,5.5,6.0,5.9,-0.09999999999999964,9.83050847457627,5.1683168316831685,26.57894736842105,3,0.26732673267326734,0.0,0.13900990099009902,0.14435643564356437,0.2833663366336634,0.0,0.13157894736842105,0.26732673267326734,25.0,23.0,613.0,509.0,1.0,1.0,0.0,0.0,3.0,1.0,0.0,0.0,3.67047308319739,4.066797642436149,0.4947797716150082,0.06542239685658152,0.08368678629690049,0.06542239685658152,False,False,False,True,5.0
2021/22,493250,50,50,0,0,0,0,0,0,0,0,0,0,0,0,0,0,0.0,0.0,0.0,0.0,0,0,0,0,0,0.0,0.0,0.0,0.0,431,431,Amad,Man Utd,MID,6.0,5.0,5.0,0.0,0.0,0.0,0.0,0,0.0,0.0,0.0,0.0,0.0,0.0,0.0,0.0,8.0,,165.0,,0.0,,1.0,,0.0,,0.0,,4.363636363636364,,0.0,,0.0,,False,False,False,True,1.0
2022/23,493250,45,44,0,0,0,0,0,0,0,0,0,0,0,0,0,0,0.0,0.0,0.0,0.0,0,0,0,0,0,0.0,0.0,0.0,0.0,431,431,Amad,Man Utd,MID,6.0,4.5,4.4,-0.09999999999999964,0.0,0.0,0.0,0,0.0,0.0,0.0,0.0,0.0,0.0,0.0,0.0,0.0,8.0,0.0,165.0,0.0,0.0,0.0,1.0,0.0,0.0,0.0,0.0,0.0,4.363636363636364,0.0,0.0,0.0,0.0,False,False,False,True,2.0
2023/24,493250,45,44,23,385,1,1,1,6,0,0,0,1,0,0,3,68,117.0,123.8,114.0,35.2,0,0,0,0,3,0.53,0.47,1.0,7.66,431,431,Amad,Man Utd,MID,6.0,4.5,4.4,-0.09999999999999964,5.227272727272727,5.376623376623376,10.131578947368421,2,0.23376623376623376,0.23376623376623376,0.1238961038961039,0.10987012987012987,0.23376623376623376,0.0,0.02631578947368421,0.7012987012987013,0.0,0.0,0.0,0.0,0.0,0.0,0.0,0.0,0.0,0.0,0.0,0.0,0.0,0.0,0.0,0.0,0.0,0.0,False,False,False,True,3.0
2024/25,493250,50,53,129,1898,8,8,7,30,0,0,0,5,0,0,17,569,634.0,687.2,615.0,193.8,0,0,0,176,20,4.71,3.98,8.69,31.71,431,431,Amad,Man Utd,MID,6.0,5.0,5.3,0.2999999999999998,24.339622641509436,6.116965226554267,49.94736842105263,16,0.37934668071654376,0.37934668071654376,0.22334035827186513,0.1887249736564805,0.4120653319283456,0.0,0.18421052631578946,0.8061116965226555,23.0,0.0,385.0,0.0,1.0,0.0,1.0,0.0,1.0,0.0,3.0,0.0,5.376623376623376,0.0,0.1238961038961039,0.0,0.10987012987012987,0.0,False,False,False,True,4.0
2025/26,493250,65,62,91,2339,2,5,6,33,0,0,0,2,0,0,7,463,436.6,596.1,600.0,163.5,48,112,38,198,27,5.46,4.74,10.2,31.69,431,431,Amad,Man Utd,MID,6.0,6.5,6.2,-0.2999999999999998,14.67741935483871,3.5014963659683627,61.55263157894737,7,0.07695596408721676,0.19238991021804192,0.21008978195810177,0.18238563488670373,0.39247541684480547,0.0,0.15789473684210525,0.2693458743052587,129.0,23.0,1898.0,385.0,8.0,1.0,8.0,1.0,7.0,1.0,17.0,3.0,6.116965226554267,5.376623376623376,0.22334035827186513,0.1238961038961039,0.1887249736564805,0.10987012987012987,False,False,False,True,5.0
2023/24,516895,45,44,77,1927,3,1,7,31,0,0,0,3,0,0,8,327,413.4,256.7,134.0,80.6,0,0,0,0,24,0.87,1.35,2.22,42.97,432,432,Mainoo,Man Utd,MID,5.5,4.5,4.4,-0.09999999999999964,17.5,3.59626362221069,50.71052631578947,4,0.1401141670991178,0.046704722366372596,0.04063310845874416,0.06305137519460301,0.10368448365334718,0.0,0.18421052631578946,0.37363777893098077,1.0,,10.0,,0.0,,0.0,,0.0,,0.0,,9.0,,0.0,,0.6300000000000001,,False,False,False,True,3.0
2024/25,516895,55,52,42,1646,0,0,5,27,0,0,0,5,0,0,0,229,196.6,250.8,137.0,58.8,0,0,0,167,19,0.84,1.78,2.62,25.23,432,432,Mainoo,Man Utd,MID,5.5,5.5,5.2,-0.2999999999999998,8.076923076923077,2.296476306196841,43.31578947368421,0,0.0,0.0,0.04592952612393682,0.09732685297691374,0.14325637910085057,0.0,0.13157894736842105,0.0,77.0,1.0,1927.0,10.0,3.0,0.0,1.0,0.0,7.0,0.0,8.0,0.0,3.59626362221069,9.0,0.04063310845874416,0.0,0.06305137519460301,0.6300000000000001,False,False,False,True,4.0
2025/26,516895,50,47,73,1653,1,2,6,22,0,0,0,2,0,0,2,340,365.0,360.1,94.0,82.1,56,95,36,187,16,0.48,1.27,1.75,22.88,432,432,Mainoo,Man Utd,MID,5.5,5.0,4.7,-0.2999999999999998,15.53191489361702,3.97459165154265,43.5,3,0.0544464609800363,0.1088929219600726,0.02613430127041742,0.0691470054446461,0.09528130671506352,0.0,0.15789473684210525,0.1088929219600726,42.0,77.0,1646.0,1927.0,0.0,3.0,0.0,1.0,5.0,7.0,0.0,8.0,2.296476306196841,3.59626362221069,0.04592952612393682,0.04063310845874416,0.09732685297691374,0.06305137519460301,False,False,False,True,5.0
2025/26,232112,50,47,38,876,0,0,1,23,0,0,0,1,0,0,0,183,167.2,83.6,48.0,29.8,45,51,46,142,8,0.72,0.16,0.88,18.22,433,433,Ugarte,Man Utd,MID,5.0,5.0,4.7,-0.2999999999999998,8.085106382978724,3.9041095890410964,23.05263157894737,0,0.0,0.0,0.07397260273972603,0.016438356164383564,0.09041095890410959,0.0,0.02631578947368421,0.0,49.0,,1777.0,,1.0,,2.0,,4.0,,1.0,,2.481710748452448,,0.050647158131682614,,0.033933595948227355,,False,False,False,True,5.0
2025/26,547037,45,43,3,107,0,0,0,0,0,0,0,0,0,0,0,10,18.6,24.4,5.0,4.8,2,4,5,11,0,0.03,0.02,0.05,1.86,434,434,J.Fletcher,Man Utd,MID,5.0,4.5,4.3,-0.20000000000000018,0.6976744186046512,2.5233644859813085,2.8157894736842106,0,0.0,0.0,0.025233644859813085,0.016822429906542057,0.042056074766355145,0.0,0.0,0.0,0.0,,0.0,,0.0,,0.0,,0.0,,0.0,,0.0,,0.0,,0.0,,False,False,False,True,5.0
2024/25,490881,45,45,6,174,0,0,0,2,0,0,0,0,0,0,0,40,40.4,29.9,8.0,7.9,0,0,0,35,0,0.08,0.37,0.45,3.09,436,436,Collyer,Man Utd,MID,5.0,4.5,4.5,0.0,1.3333333333333333,3.103448275862069,4.578947368421052,0,0.0,0.0,0.041379310344827586,0.19137931034482758,0.23275862068965517,0.0,0.0,0.0,0.0,,0.0,,0.0,,0.0,,0.0,,0.0,,0.0,,0.0,,0.0,,False,False,False,True,4.0
2025/26,490881,45,45,0,0,0,0,0,0,0,0,0,0,0,0,0,0,0.0,0.0,0.0,0.0,0,0,0,0,0,0.0,0.0,0.0,0.0,436,436,Collyer,Man Utd,MID,5.0,4.5,4.5,0.0,0.0,0.0,0.0,0,0.0,0.0,0.0,0.0,0.0,0.0,0.0,0.0,6.0,0.0,174.0,0.0,0.0,0.0,0.0,0.0,0.0,0.0,0.0,0.0,3.103448275862069,0.0,0.041379310344827586,0.0,0.19137931034482758,0.0,False,False,False,True,5.0
2025/26,458249,60,58,42,607,2,1,2,8,0,0,0,3,0,0,6,146,164.4,177.7,245.0,58.3,14,21,9,44,5,2.74,0.34,3.08,9.41,440,440,Zirkzee,Man Utd,FWD,5.5,6.0,5.8,-0.20000000000000018,7.241379310344827,6.227347611202636,15.973684210526315,3,0.29654036243822074,0.14827018121911037,0.40626029654036244,0.05041186161449753,0.45667215815485995,0.0,0.05263157894736842,0.8896210873146623,64.0,,1385.0,,3.0,,2.0,,3.0,,6.0,,4.15884476534296,,0.3015162454873646,,0.0675812274368231,,False,True,False,False,5.0
2025/26,596047,45,42,0,0,0,0,0,0,0,0,0,0,0,0,0,0,0.0,0.0,0.0,0.0,0,0,0,0,0,0.0,0.0,0.0,0.0,441,441,Obi,Man Utd,FWD,4.5,4.5,4.2,-0.2999999999999998,0.0,0.0,0.0,0,0.0,0.0,0.0,0.0,0.0,0.0,0.0,0.0,7.0,,160.0,,0.0,,0.0,,0.0,,0.0,,3.9375,,0.37125,,0.016875,,False,True,False,False,5.0
2017/18,98747,45,50,152,3114,0,0,11,35,0,1,0,3,0,113,19,701,862.4,40.0,0.0,90.1,0,0,0,0,0,0.0,0.0,0.0,0.0,442,442,Pope,Newcastle,GKP,5.0,4.5,5.0,0.5,30.4,4.393063583815029,81.94736842105263,0,0.0,0.0,0.0,0.0,0.0,3.265895953757225,0.2894736842105263,0.5491329479768786,0.0,,0.0,,0.0,,0.0,,0.0,,0.0,,0.0,,0.0,,0.0,,False,False,True,False,
2018/19,98747,50,48,0,0,0,0,0,0,0,0,0,0,0,0,0,0,0.0,0.0,0.0,0.0,0,0,0,0,0,0.0,0.0,0.0,0.0,442,442,Pope,Newcastle,GKP,5.0,5.0,4.8,-0.20000000000000018,0.0,0.0,0.0,0,0.0,0.0,0.0,0.0,0.0,0.0,0.0,0.0,152.0,0.0,3114.0,0.0,0.0,0.0,0.0,0.0,11.0,0.0,19.0,0.0,4.393063583815029,0.0,0.0,0.0,0.0,0.0,False,False,True,False,
2019/20,98747,45,52,170,3420,0,0,15,50,0,1,0,1,0,120,23,789,900.0,30.3,2.0,93.1,0,0,0,0,0,0.0,0.0,0.0,0.0,442,442,Pope,Newcastle,GKP,5.0,4.5,5.2,0.7000000000000002,32.69230769230769,4.473684210526316,90.0,0,0.0,0.0,0.0,0.0,0.0,3.1578947368421053,0.39473684210526316,0.6052631578947368,0.0,152.0,0.0,3114.0,0.0,0.0,0.0,0.0,0.0,11.0,0.0,19.0,0.0,4.393063583815029,0.0,0.0,0.0,0.0,False,False,True,False,
2020/21,98747,55,55,144,2880,0,0,11,37,0,0,0,1,0,114,20,652,846.6,20.0,2.0,86.8,0,0,0,0,0,0.0,0.0,0.0,0.0,442,442,Pope,Newcastle,GKP,5.0,5.5,5.5,0.0,26.181818181818183,4.5,75.78947368421052,0,0.0,0.0,0.0,0.0,0.0,3.5625,0.2894736842105263,0.625,170.0,0.0,3420.0,0.0,0.0,0.0,0.0,0.0,15.0,0.0,23.0,0.0,4.473684210526316,0.0,0.0,0.0,0.0,0.0,False,False,True,False,
2021/22,98747,55,53,130,3240,0,0,9,47,0,0,0,1,0,120,12,683,902.8,20.0,0.0,92.4,0,0,0,0,0,0.0,0.0,0.0,0.0,442,442,Pope,Newcastle,GKP,5.0,5.5,5.3,-0.20000000000000018,24.528301886792455,3.611111111111111,85.26315789473684,0,0.0,0.0,0.0,0.0,0.0,3.3333333333333335,0.23684210526315788,0.3333333333333333,144.0,170.0,2880.0,3420.0,0.0,0.0,0.0,0.0,11.0,15.0,20.0,23.0,4.5,4.473684210526316,0.0,0.0,0.0,0.0,False,False,True,False,1.0
2022/23,98747,50,54,157,3261,0,0,14,32,0,2,0,3,1,87,14,678,709.6,20.0,0.0,72.9,0,0,0,0,37,0.0,0.01,0.01,39.44,442,442,Pope,Newcastle,GKP,5.0,5.0,5.4,0.40000000000000036,29.074074074074073,4.333026678932843,85.8157894736842,0,0.0,0.0,0.0,0.00027598896044158235,0.00027598896044158235,2.401103955841766,0.3684210526315789,0.38638454461821525,130.0,144.0,3240.0,2880.0,0.0,0.0,0.0,0.0,9.0,11.0,12.0,20.0,3.611111111111111,4.5,0.0,0.0,0.0,0.0,False,False,True,False,2.0
2023/24,98747,55,53,57,1345,0,0,6,16,0,0,0,1,0,43,1,279,323.0,0.0,4.0,32.7,0,0,0,0,15,0.02,0.0,0.02,15.92,442,442,Pope,Newcastle,GKP,5.0,5.5,5.3,-0.20000000000000018,10.754716981132075,3.8141263940520447,35.39473684210526,0,0.0,0.0,0.0013382899628252788,0.0,0.0013382899628252788,2.8773234200743496,0.15789473684210525,0.06691449814126393,157.0,130.0,3261.0,3240.0,0.0,0.0,0.0,0.0,14.0,9.0,14.0,12.0,4.333026678932843,3.611111111111111,0.0,0.0,0.00027598896044158235,0.0,False,False,True,False,3.0
2024/25,98747,50,50,102,2520,0,0,8,35,0,1,0,2,0,88,2,384,666.0,10.0,0.0,67.4,0,0,0,0,28,0.0,0.0,0.0,34.94,442,442,Pope,Newcastle,GKP,5.0,5.0,5.0,0.0,20.4,3.642857142857143,66.3157894736842,0,0.0,0.0,0.0,0.0,0.0,3.142857142857143,0.21052631578947367,0.07142857142857142,57.0,157.0,1345.0,3261.0,0.0,0.0,0.0,0.0,6.0,14.0,1.0,14.0,3.8141263940520447,4.333026678932843,0.0013382899628252788,0.0,0.0,0.00027598896044158235,False,False,True,False,4.0
2025/26,98747,50,50,96,2416,0,1,7,38,0,0,0,2,0,89,3,414,671.0,0.0,35.0,70.7,35,254,1,0,27,0.16,0.0,0.16,32.89,442,442,Pope,Newcastle,GKP,5.0,5.0,5.0,0.0,19.2,3.576158940397351,63.578947368421055,1,0.0,0.03725165562913907,0.005960264900662252,0.0,0.005960264900662252,3.3153973509933774,0.18421052631578946,0.11175496688741722,102.0,57.0,2520.0,1345.0,0.0,0.0,0.0,0.0,8.0,6.0,2.0,1.0,3.642857142857143,3.8141263940520447,0.0,0.0013382899628252788,0.0,0.0,False,False,True,False,5.0
2021/22,81441,40,39,0,0,0,0,0,0,0,0,0,0,0,0,0,0,0.0,0.0,0.0,0.0,0,0,0,0,0,0.0,0.0,0.0,0.0,443,443,Gillespie,Newcastle,GKP,4.5,4.0,3.9,-0.10000000000000009,0.0,0.0,0.0,0,0.0,0.0,0.0,0.0,0.0,0.0,0.0,0.0,0.0,,0.0,,0.0,,0.0,,0.0,,0.0,,0.0,,0.0,,0.0,,False,False,True,False,1.0
2022/23,81441,40,40,0,0,0,0,0,0,0,0,0,0,0,0,0,0,0.0,0.0,0.0,0.0,0,0,0,0,0,0.0,0.0,0.0,0.0,443,443,Gillespie,Newcastle,GKP,4.5,4.0,4.0,0.0,0.0,0.0,0.0,0,0.0,0.0,0.0,0.0,0.0,0.0,0.0,0.0,0.0,0.0,0.0,0.0,0.0,0.0,0.0,0.0,0.0,0.0,0.0,0.0,0.0,0.0,0.0,0.0,0.0,0.0,False,False,True,False,2.0
2023/24,81441,40,39,0,0,0,0,0,0,0,0,0,0,0,0,0,0,0.0,0.0,0.0,0.0,0,0,0,0,0,0.0,0.0,0.0,0.0,443,443,Gillespie,Newcastle,GKP,4.5,4.0,3.9,-0.10000000000000009,0.0,0.0,0.0,0,0.0,0.0,0.0,0.0,0.0,0.0,0.0,0.0,0.0,0.0,0.0,0.0,0.0,0.0,0.0,0.0,0.0,0.0,0.0,0.0,0.0,0.0,0.0,0.0,0.0,0.0,False,False,True,False,3.0
2025/26,81441,40,39,0,0,0,0,0,0,0,0,0,0,0,0,0,0,0.0,0.0,0.0,0.0,0,0,0,0,0,0.0,0.0,0.0,0.0,443,443,Gillespie,Newcastle,GKP,4.5,4.0,3.9,-0.10000000000000009,0.0,0.0,0.0,0,0.0,0.0,0.0,0.0,0.0,0.0,0.0,0.0,0.0,0.0,0.0,0.0,0.0,0.0,0.0,0.0,0.0,0.0,0.0,0.0,0.0,0.0,0.0,0.0,0.0,0.0,False,False,True,False,5.0
2019/20,119471,50,50,55,1669,2,1,4,38,0,0,0,5,0,0,2,297,440.6,58.3,179.0,67.8,0,0,0,0,0,0.0,0.0,0.0,0.0,446,446,Schär,Newcastle,DEF,5.0,5.0,5.0,0.0,11.0,2.9658478130617136,43.921052631578945,3,0.10784901138406232,0.05392450569203116,0.0,0.0,0.0,0.0,0.10526315789473684,0.10784901138406232,93.0,,2000.0,,4.0,,1.0,,7.0,,9.0,,4.1850000000000005,,0.0,,0.0,,True,False,False,False,
2020/21,119471,50,48,30,1255,1,0,2,21,0,0,0,4,1,0,1,160,251.0,9.0,116.0,37.6,0,0,0,0,0,0.0,0.0,0.0,0.0,446,446,Schär,Newcastle,DEF,5.0,5.0,4.8,-0.20000000000000018,6.25,2.151394422310757,33.026315789473685,1,0.07171314741035857,0.0,0.0,0.0,0.0,0.0,0.05263157894736842,0.07171314741035857,55.0,93.0,1669.0,2000.0,2.0,4.0,1.0,1.0,4.0,7.0,2.0,9.0,2.9658478130617136,4.1850000000000005,0.0,0.0,0.0,0.0,True,False,False,False,
2021/22,119471,45,41,88,2158,2,2,6,32,0,0,0,4,0,0,10,383,465.2,115.9,234.0,81.7,0,0,0,0,0,0.0,0.0,0.0,0.0,446,446,Schär,Newcastle,DEF,5.0,4.5,4.1,-0.40000000000000036,21.463414634146343,3.670064874884152,56.78947368421053,4,0.08341056533827618,0.08341056533827618,0.0,0.0,0.0,0.0,0.15789473684210525,0.4170528266913809,30.0,55.0,1255.0,1669.0,1.0,2.0,0.0,1.0,2.0,4.0,1.0,2.0,2.151394422310757,2.9658478130617136,0.0,0.0,0.0,0.0,True,False,False,False,1.0
2022/23,119471,45,51,139,3207,1,3,15,28,1,0,0,7,0,0,6,617,680.8,264.7,523.0,147.1,0,0,0,0,36,4.63,2.05,6.68,36.65,446,446,Schär,Newcastle,DEF,5.0,4.5,5.1,0.5999999999999996,27.254901960784316,3.900841908325538,84.39473684210526,4,0.02806361085126286,0.08419083255378859,0.12993451824134705,0.05753040224508887,0.18746492048643593,0.0,0.39473684210526316,0.16838166510757718,88.0,30.0,2158.0,1255.0,2.0,1.0,2.0,0.0,6.0,2.0,10.0,1.0,3.670064874884152,2.151394422310757,0.0,0.0,0.0,0.0,True,False,False,False,2.0
2023/24,119471,50,56,123,3055,4,3,9,58,0,0,0,5,0,0,12,629,826.6,166.7,278.0,127.4,0,0,0,0,35,2.47,1.41,3.87,58.64,446,446,Schär,Newcastle,DEF,5.0,5.0,5.6,0.5999999999999996,21.964285714285715,3.623567921440262,80.39473684210526,7,0.11783960720130933,0.088379705400982,0.07276595744680851,0.04153846153846154,0.11400981996726678,0.0,0.23684210526315788,0.353518821603928,139.0,88.0,3207.0,2158.0,1.0,2.0,3.0,2.0,15.0,6.0,6.0,10.0,3.900841908325538,3.670064874884152,0.12993451824134705,0.0,0.05753040224508887,0.0,True,False,False,False,3.0
2024/25,119471,55,55,118,2935,4,2,11,42,0,0,0,9,1,0,4,440,743.2,111.5,346.0,119.6,0,0,0,239,33,3.94,1.01,4.95,37.26,446,446,Schär,Newcastle,DEF,5.0,5.5,5.5,0.0,21.454545454545453,3.6183986371379895,77.23684210526316,6,0.12265758091993184,0.06132879045996592,0.12081771720613287,0.030971039182282792,0.15178875638841566,0.0,0.2894736842105263,0.12265758091993184,123.0,139.0,3055.0,3207.0,4.0,1.0,3.0,3.0,9.0,15.0,12.0,6.0,3.623567921440262,3.900841908325538,0.07276595744680851,0.12993451824134705,0.04153846153846154,0.05753040224508887,True,False,False,False,4.0
2025/26,119471,55,52,51,1089,0,0,4,13,0,0,0,1,0,0,0,186,291.2,63.6,108.0,46.4,101,42,14,115,11,0.97,0.6,1.57,13.85,446,446,Schär,Newcastle,DEF,5.0,5.5,5.2,-0.2999999999999998,9.807692307692307,4.214876033057851,28.657894736842106,0,0.0,0.0,0.08016528925619834,0.049586776859504134,0.12975206611570247,0.0,0.10526315789473684,0.0,118.0,123.0,2935.0,3055.0,4.0,4.0,2.0,3.0,11.0,9.0,4.0,12.0,3.6183986371379895,3.623567921440262,0.12081771720613287,0.07276595744680851,0.030971039182282792,0.04153846153846154,True,False,False,False,5.0
2023/24,220237,45,45,51,1375,2,2,3,29,1,0,0,2,0,0,4,298,386.8,62.9,104.0,55.5,0,0,0,0,15,0.62,0.54,1.16,31.58,447,447,Botman,Newcastle,DEF,5.0,4.5,4.5,0.0,11.333333333333334,3.338181818181818,36.18421052631579,4,0.1309090909090909,0.1309090909090909,0.04058181818181818,0.03534545454545455,0.07592727272727272,0.0,0.07894736842105263,0.2618181818181818,129.0,,3127.0,,0.0,,2.0,,13.0,,8.0,,3.712823792772625,,0.07914934441957147,,0.03137192196993924,,True,False,False,False,3.0
2024/25,220237,45,44,18,412,0,0,2,4,0,0,0,1,0,0,0,95,110.4,28.4,96.0,23.6,0,0,0,46,6,0.59,0.22,0.81,5.07,447,447,Botman,Newcastle,DEF,5.0,4.5,4.4,-0.09999999999999964,4.090909090909091,3.9320388349514563,10.842105263157896,0,0.0,0.0,0.12888349514563108,0.04805825242718447,0.17694174757281556,0.0,0.05263157894736842,0.0,51.0,129.0,1375.0,3127.0,2.0,0.0,2.0,2.0,3.0,13.0,4.0,8.0,3.338181818181818,3.712823792772625,0.04058181818181818,0.07914934441957147,0.03534545454545455,0.03137192196993924,True,False,False,False,4.0
2025/26,220237,50,49,89,1834,1,1,5,27,1,0,0,2,0,0,6,332,597.0,85.8,190.0,87.4,195,89,21,216,21,1.73,0.86,2.59,27.58,447,447,Botman,Newcastle,DEF,5.0,5.0,4.9,-0.09999999999999964,18.163265306122447,4.367502726281352,48.26315789473684,2,0.04907306434023992,0.04907306434023992,0.08489640130861506,0.042202835332606325,0.12709923664122139,0.0,0.13157894736842105,0.2944383860414395,18.0,51.0,412.0,1375.0,0.0,2.0,0.0,2.0,2.0,3.0,0.0,4.0,3.9320388349514563,3.338181818181818,0.12888349514563108,0.04058181818181818,0.04805825242718447,0.03534545454545455,True,False,False,False,5.0
2018/19,78916,45,45,0,0,0,0,0,0,0,0,0,0,0,0,0,0,0.0,0.0,0.0,0.0,0,0,0,0,0,0.0,0.0,0.0,0.0,448,448,Burn,Newcastle,DEF,5.0,4.5,4.5,0.0,0.0,0.0,0.0,0,0.0,0.0,0.0,0.0,0.0,0.0,0.0,0.0,8.0,,607.0,,0.0,,0.0,,0.0,,0.0,,1.186161449752883,,0.0,,0.0,,True,False,False,False,
2019/20,78916,45,45,86,2879,0,0,9,42,0,0,0,5,0,0,3,480,602.8,311.9,128.0,104.2,0,0,0,0,0,0.0,0.0,0.0,0.0,448,448,Burn,Newcastle,DEF,5.0,4.5,4.5,0.0,19.11111111111111,2.688433483848559,75.76315789473684,0,0.0,0.0,0.0,0.0,0.0,0.0,0.23684210526315788,0.093782563390066,0.0,8.0,0.0,607.0,0.0,0.0,0.0,0.0,0.0,0.0,0.0,0.0,0.0,1.186161449752883,0.0,0.0,0.0,0.0,True,False,False,False,
2020/21,78916,45,42,64,2057,1,0,6,28,1,0,0,5,0,0,1,330,389.0,183.1,214.0,78.2,0,0,0,0,0,0.0,0.0,0.0,0.0,448,448,Burn,Newcastle,DEF,5.0,4.5,4.2,-0.2999999999999998,15.238095238095237,2.8001944579484688,54.13157894736842,1,0.043753038405444825,0.0,0.0,0.0,0.0,0.0,0.15789473684210525,0.043753038405444825,86.0,0.0,2879.0,0.0,0.0,0.0,0.0,0.0,9.0,0.0,3.0,0.0,2.688433483848559,0.0,0.0,0.0,0.0,0.0,True,False,False,False,
2021/22,78916,45,44,92,2461,1,1,9,30,0,0,0,8,0,0,6,454,594.0,83.8,264.0,94.0,0,0,0,0,0,0.0,0.0,0.0,0.0,448,448,Burn,Newcastle,DEF,5.0,4.5,4.4,-0.09999999999999964,20.909090909090907,3.364485981308411,64.76315789473684,2,0.03657049979683056,0.03657049979683056,0.0,0.0,0.0,0.0,0.23684210526315788,0.21942299878098334,64.0,86.0,2057.0,2879.0,1.0,0.0,0.0,0.0,6.0,9.0,1.0,3.0,2.8001944579484688,2.688433483848559,0.0,0.0,0.0,0.0,True,False,False,False,1.0
2022/23,78916,45,45,129,3109,1,0,14,30,0,0,0,5,0,0,6,584,555.0,230.4,265.0,105.3,0,0,0,0,35,2.12,1.28,3.4,36.33,448,448,Burn,Newcastle,DEF,5.0,4.5,4.5,0.0,28.666666666666668,3.7343197169507882,81.8157894736842,1,0.02894821486008363,0.0,0.0613702155033773,0.03705371502090705,0.09842393052428433,0.0,0.3684210526315789,0.17368928916050178,92.0,64.0,2461.0,2057.0,1.0,1.0,1.0,0.0,9.0,6.0,6.0,1.0,3.364485981308411,2.8001944579484688,0.0,0.0,0.0,0.0,True,False,False,False,2.0
2023/24,78916,45,47,97,2725,2,2,8,45,0,0,0,4,0,0,4,493,656.4,153.8,286.0,109.7,0,0,0,0,32,3.35,1.12,4.47,46.22,448,448,Burn,Newcastle,DEF,5.0,4.5,4.7,0.20000000000000018,20.638297872340424,3.2036697247706423,71.71052631578948,4,0.06605504587155964,0.06605504587155964,0.11064220183486238,0.036990825688073395,0.14763302752293578,0.0,0.21052631578947367,0.13211009174311927,129.0,92.0,3109.0,2461.0,1.0,1.0,0.0,1.0,14.0,9.0,6.0,6.0,3.7343197169507882,3.364485981308411,0.0613702155033773,0.0,0.03705371502090705,0.0,True,False,False,False,3.0
2024/25,78916,45,46,115,3330,1,1,13,45,2,0,0,11,0,0,9,476,736.6,123.6,297.0,115.8,0,0,0,286,37,1.97,1.09,3.06,45.22,448,448,Burn,Newcastle,DEF,5.0,4.5,4.6,0.09999999999999964,25.000000000000004,3.108108108108108,87.63157894736842,2,0.02702702702702703,0.02702702702702703,0.05324324324324324,0.02945945945945946,0.0827027027027027,0.0,0.34210526315789475,0.24324324324324326,97.0,129.0,2725.0,3109.0,2.0,1.0,2.0,0.0,8.0,14.0,4.0,6.0,3.2036697247706423,3.7343197169507882,0.11064220183486238,0.0613702155033773,0.036990825688073395,0.03705371502090705,True,False,False,False,4.0
2025/26,78916,50,50,93,2195,1,3,6,36,0,0,0,9,1,0,5,286,525.8,107.3,186.0,82.1,185,76,40,225,25,1.08,0.36,1.44,30.15,448,448,Burn,Newcastle,DEF,5.0,5.0,5.0,0.0,18.6,3.8132118451025057,57.76315789473684,4,0.04100227790432802,0.12300683371298406,0.044282460136674265,0.014760820045558086,0.059043280182232344,0.0,0.15789473684210525,0.20501138952164008,115.0,97.0,3330.0,2725.0,1.0,2.0,1.0,2.0,13.0,8.0,9.0,4.0,3.108108108108108,3.2036697247706423,0.05324324324324324,0.11064220183486238,0.02945945945945946,0.036990825688073395,True,False,False,False,5.0
2022/23,487838,45,43,19,653,0,0,1,11,0,0,0,1,0,0,3,118,134.4,225.8,127.0,48.8,0,0,0,0,8,0.83,1.46,2.29,13.29,449,449,Hall,Newcastle,DEF,5.0,4.5,4.3,-0.20000000000000018,4.4186046511627906,2.6186830015313936,17.18421052631579,0,0.0,0.0,0.11439509954058193,0.2012251148545176,0.3156202143950995,0.0,0.02631578947368421,0.41347626339969373,0.0,,0.0,,0.0,,0.0,,0.0,,0.0,,0.0,,0.0,,0.0,,True,False,False,False,2.0
2023/24,487838,45,42,38,773,1,0,2,12,0,0,0,2,0,0,3,171,194.8,69.1,85.0,34.9,0,0,0,0,8,0.35,0.72,1.07,13.1,449,449,Hall,Newcastle,DEF,5.0,4.5,4.2,-0.2999999999999998,9.047619047619047,4.424320827943079,20.342105263157894,1,0.1164294954721863,0.0,0.0407503234152652,0.08382923673997413,0.12457956015523934,0.0,0.05263157894736842,0.34928848641655885,19.0,0.0,653.0,0.0,0.0,0.0,0.0,0.0,1.0,0.0,3.0,0.0,2.6186830015313936,0.0,0.11439509954058193,0.0,0.2012251148545176,0.0,True,False,False,False,3.0
2024/25,487838,45,47,102,2188,0,7,8,31,0,0,0,3,0,0,11,443,561.6,561.2,128.0,125.3,0,0,0,145,24,0.43,3.73,4.16,29.73,449,449,Hall,Newcastle,DEF,5.0,4.5,4.7,0.20000000000000018,21.70212765957447,4.195612431444242,57.578947368421055,7,0.0,0.28793418647166363,0.017687385740402194,0.1534277879341865,0.17111517367458867,0.0,0.21052631578947367,0.4524680073126143,38.0,19.0,773.0,653.0,1.0,0.0,0.0,0.0,2.0,1.0,3.0,3.0,4.424320827943079,2.6186830015313936,0.0407503234152652,0.11439509954058193,0.08382923673997413,0.2012251148545176,True,False,False,False,4.0
2025/26,487838,55,53,79,2176,1,2,4,39,0,0,0,4,0,0,4,347,550.2,433.6,196.0,118.0,119,134,54,173,24,1.01,2.78,3.79,37.72,449,449,Hall,Newcastle,DEF,5.0,5.5,5.3,-0.20000000000000018,14.90566037735849,3.2674632352941178,57.26315789473684,3,0.04136029411764706,0.08272058823529412,0.041773897058823534,0.11498161764705882,0.15675551470588237,0.0,0.10526315789473684,0.16544117647058823,102.0,38.0,2188.0,773.0,0.0,1.0,7.0,0.0,8.0,2.0,11.0,3.0,4.195612431444242,4.424320827943079,0.017687385740402194,0.0407503234152652,0.1534277879341865,0.08382923673997413,True,False,False,False,5.0
2021/22,441191,40,42,80,2200,1,2,7,42,0,0,0,2,0,0,7,440,437.2,327.4,221.0,98.8,0,0,0,0,0,0.0,0.0,0.0,0.0,450,450,Livramento,Newcastle,DEF,5.0,4.0,4.2,0.20000000000000018,19.047619047619047,3.272727272727273,57.89473684210526,3,0.04090909090909091,0.08181818181818182,0.0,0.0,0.0,0.0,0.18421052631578946,0.2863636363636364,0.0,,0.0,,0.0,,0.0,,0.0,,0.0,,0.0,,0.0,,0.0,,True,False,False,False,1.0
2022/23,441191,45,44,2,26,0,0,0,0,0,0,0,0,0,0,0,13,14.2,0.3,0.0,1.5,0,0,0,0,0,0.0,0.0,0.0,1.41,450,450,Livramento,Newcastle,DEF,5.0,4.5,4.4,-0.09999999999999964,0.45454545454545453,6.923076923076923,0.6842105263157895,0,0.0,0.0,0.0,0.0,0.0,0.0,0.0,0.0,80.0,0.0,2200.0,0.0,1.0,0.0,2.0,0.0,7.0,0.0,7.0,0.0,3.272727272727273,0.0,0.0,0.0,0.0,0.0,True,False,False,False,2.0
2023/24,441191,45,40,45,1302,1,0,2,27,0,0,0,1,0,0,4,253,292.0,193.9,96.0,58.4,0,0,0,0,12,0.38,0.83,1.21,28.63,450,450,Livramento,Newcastle,DEF,5.0,4.5,4.0,-0.5,11.25,3.110599078341014,34.26315789473684,1,0.06912442396313365,0.0,0.026267281105990782,0.05737327188940092,0.0836405529953917,0.0,0.05263157894736842,0.2764976958525346,2.0,80.0,26.0,2200.0,0.0,1.0,0.0,2.0,0.0,7.0,0.0,7.0,6.923076923076923,3.272727272727273,0.0,0.0,0.0,0.0,True,False,False,False,3.0
2024/25,441191,45,46,105,2835,0,1,10,40,0,0,0,1,0,0,6,476,567.4,406.2,127.0,110.1,0,0,0,182,32,0.33,2.7,3.03,37.83,450,450,Livramento,Newcastle,DEF,5.0,4.5,4.6,0.09999999999999964,22.826086956521742,3.3333333333333335,74.60526315789474,1,0.0,0.031746031746031744,0.010476190476190477,0.08571428571428572,0.09619047619047619,0.0,0.2631578947368421,0.19047619047619047,45.0,2.0,1302.0,26.0,1.0,0.0,0.0,0.0,2.0,0.0,4.0,0.0,3.110599078341014,6.923076923076923,0.026267281105990782,0.0,0.05737327188940092,0.0,True,False,False,False,4.0
2025/26,441191,50,49,59,1326,0,1,6,14,0,0,0,1,0,0,3,252,219.4,199.7,42.0,46.1,46,81,22,68,14,0.13,0.89,1.02,18.62,450,450,Livramento,Newcastle,DEF,5.0,5.0,4.9,-0.09999999999999964,12.040816326530612,4.004524886877828,34.89473684210526,1,0.0,0.06787330316742082,0.008823529411764707,0.06040723981900453,0.06923076923076923,0.0,0.15789473684210525,0.20361990950226244,105.0,45.0,2835.0,1302.0,0.0,1.0,1.0,0.0,10.0,2.0,6.0,4.0,3.3333333333333335,3.110599078341014,0.010476190476190477,0.026267281105990782,0.08571428571428572,0.05737327188940092,True,False,False,False,5.0
2024/25,545477,40,40,0,0,0,0,0,0,0,0,0,0,0,0,0,0,0.0,0.0,0.0,0.0,0,0,0,0,0,0.0,0.0,0.0,0.0,451,451,A.Murphy,Newcastle,DEF,4.0,4.0,4.0,0.0,0.0,0.0,0.0,0,0.0,0.0,0.0,0.0,0.0,0.0,0.0,0.0,2.0,,11.0,,0.0,,0.0,,0.0,,0.0,,16.363636363636363,,0.0,,0.0,,True,False,False,False,4.0
2025/26,545477,40,38,2,7,0,0,0,1,0,0,0,0,0,0,0,3,10.2,0.6,2.0,1.3,4,0,0,4,0,0.0,0.0,0.0,0.49,451,451,A.Murphy,Newcastle,DEF,4.0,4.0,3.8,-0.20000000000000018,0.5263157894736842,25.714285714285715,0.18421052631578946,0,0.0,0.0,0.0,0.0,0.0,0.0,0.0,0.0,0.0,2.0,0.0,11.0,0.0,0.0,0.0,0.0,0.0,0.0,0.0,0.0,0.0,16.363636363636363,0.0,0.0,0.0,0.0,True,False,False,False,5.0
2022/23,208706,60,55,107,2727,4,5,12,25,0,0,0,7,0,0,5,438,630.8,646.1,286.0,156.6,0,0,0,0,32,2.82,3.72,6.54,29.82,452,452,Bruno G.,Newcastle,MID,7.0,6.0,5.5,-0.5,19.454545454545453,3.5313531353135312,71.76315789473684,9,0.132013201320132,0.16501650165016502,0.09306930693069307,0.12277227722772277,0.21584158415841584,0.0,0.3157894736842105,0.16501650165016502,67.0,,1031.0,,5.0,,1.0,,4.0,,11.0,,5.848690591658584,,0.0,,0.0,,False,False,False,True,2.0
2023/24,208706,60,58,153,3264,7,9,10,60,0,0,0,8,0,0,15,691,968.4,948.7,489.0,241.0,0,0,0,0,37,4.91,6.2,11.11,58.64,452,452,Bruno G.,Newcastle,MID,7.0,6.0,5.8,-0.20000000000000018,26.379310344827587,4.21875,85.89473684210526,16,0.19301470588235295,0.24816176470588236,0.13538602941176472,0.17095588235294118,0.3063419117647059,0.0,0.2631578947368421,0.4136029411764706,107.0,67.0,2727.0,1031.0,4.0,5.0,5.0,1.0,12.0,4.0,5.0,11.0,3.5313531353135312,5.848690591658584,0.09306930693069307,0.0,0.12277227722772277,0.0,False,False,False,True,3.0
2024/25,208706,65,62,135,3273,5,6,13,44,0,0,0,7,0,0,10,661,723.0,796.0,454.0,197.5,0,0,0,350,38,4.34,5.32,9.66,43.41,452,452,Bruno G.,Newcastle,MID,7.0,6.5,6.2,-0.2999999999999998,21.774193548387096,3.712190650779102,86.13157894736842,11,0.13748854262144822,0.16498625114573787,0.11934005499541704,0.1462878093492209,0.2656278643446379,0.0,0.34210526315789475,0.27497708524289644,153.0,107.0,3264.0,2727.0,7.0,4.0,9.0,5.0,10.0,12.0,15.0,5.0,4.21875,3.5313531353135312,0.13538602941176472,0.09306930693069307,0.17095588235294118,0.12277227722772277,False,False,False,True,4.0
2025/26,208706,65,69,154,2456,9,7,6,37,0,0,0,6,0,0,22,681,782.4,756.7,488.0,202.9,55,134,62,251,27,5.59,4.96,10.55,31.99,452,452,Bruno G.,Newcastle,MID,7.0,6.5,6.9,0.40000000000000036,22.318840579710145,5.643322475570033,64.63157894736842,16,0.32980456026058635,0.25651465798045603,0.20484527687296417,0.18175895765472314,0.38660423452768733,0.0,0.15789473684210525,0.8061889250814332,135.0,153.0,3273.0,3264.0,5.0,7.0,6.0,9.0,13.0,10.0,10.0,15.0,3.712190650779102,4.21875,0.11934005499541704,0.13538602941176472,0.1462878093492209,0.17095588235294118,False,False,False,True,5.0
2018/19,201666,55,55,43,1001,1,3,1,16,0,0,0,0,0,0,1,139,172.8,242.0,534.0,94.8,0,0,0,0,0,0.0,0.0,0.0,0.0,453,453,Barnes,Newcastle,MID,6.0,5.5,5.5,0.0,7.818181818181818,3.8661338661338664,26.342105263157894,4,0.08991008991008992,0.26973026973026976,0.0,0.0,0.0,0.0,0.02631578947368421,0.08991008991008992,3.0,,8.0,,0.0,,0.0,,0.0,,0.0,,33.75,,0.0,,0.0,,False,False,False,True,
2019/20,201666,60,58,133,2075,6,10,9,24,0,0,0,0,0,0,9,394,525.0,517.4,893.0,193.7,0,0,0,0,0,0.0,0.0,0.0,0.0,453,453,Barnes,Newcastle,MID,6.0,6.0,5.8,-0.20000000000000018,22.931034482758623,5.768674698795181,54.60526315789474,16,0.26024096385542167,0.4337349397590361,0.0,0.0,0.0,0.0,0.23684210526315788,0.3903614457831325,43.0,3.0,1001.0,8.0,1.0,0.0,3.0,0.0,1.0,0.0,1.0,0.0,3.8661338661338664,33.75,0.0,0.0,0.0,0.0,False,False,False,True,
2020/21,201666,70,66,126,1944,9,5,7,25,0,0,0,0,0,0,13,348,556.4,359.0,810.0,172.7,0,0,0,0,0,0.0,0.0,0.0,0.0,453,453,Barnes,Newcastle,MID,6.0,7.0,6.6,-0.40000000000000036,19.090909090909093,5.833333333333333,51.1578947368421,14,0.41666666666666663,0.23148148148148145,0.0,0.0,0.0,0.0,0.18421052631578946,0.6018518518518519,133.0,43.0,2075.0,1001.0,6.0,1.0,10.0,3.0,9.0,1.0,9.0,1.0,5.768674698795181,3.8661338661338664,0.0,0.0,0.0,0.0,False,False,False,True,
2021/22,201666,70,65,137,2095,6,12,8,30,0,0,0,2,0,0,10,377,546.2,425.3,1000.0,196.8,0,0,0,0,0,0.0,0.0,0.0,0.0,453,453,Barnes,Newcastle,MID,6.0,7.0,6.5,-0.5,21.076923076923077,5.8854415274463,55.13157894736842,18,0.25775656324582336,0.5155131264916467,0.0,0.0,0.0,0.0,0.21052631578947367,0.4295942720763723,126.0,133.0,1944.0,2075.0,9.0,6.0,5.0,10.0,7.0,9.0,13.0,9.0,5.833333333333333,5.768674698795181,0.0,0.0,0.0,0.0,False,False,False,True,1.0
2022/23,201666,70,66,138,2709,13,2,6,51,0,0,0,3,0,0,0,379,612.8,322.9,942.0,187.7,0,0,0,0,32,9.07,2.33,11.4,50.76,453,453,Barnes,Newcastle,MID,6.0,7.0,6.6,-0.40000000000000036,20.90909090909091,4.584717607973421,71.28947368421052,15,0.4318936877076412,0.06644518272425248,0.30132890365448506,0.07740863787375415,0.3787375415282392,0.0,0.15789473684210525,0.0,137.0,126.0,2095.0,1944.0,6.0,9.0,12.0,5.0,8.0,7.0,10.0,13.0,5.8854415274463,5.833333333333333,0.0,0.0,0.0,0.0,False,False,False,True,2.0
2023/24,201666,65,62,64,788,5,3,2,10,0,0,0,2,0,0,3,205,279.2,181.5,334.0,79.5,0,0,0,0,7,3.78,1.9,5.68,10.48,453,453,Barnes,Newcastle,MID,6.0,6.5,6.2,-0.2999999999999998,10.32258064516129,7.309644670050761,20.736842105263158,8,0.5710659898477157,0.3426395939086294,0.431725888324873,0.21700507614213194,0.648730964467005,0.0,0.05263157894736842,0.3426395939086294,138.0,137.0,2709.0,2095.0,13.0,6.0,2.0,12.0,6.0,8.0,0.0,10.0,4.584717607973421,5.8854415274463,0.30132890365448506,0.0,0.07740863787375415,0.0,False,False,False,True,3.0
2024/25,201666,65,59,130,1746,9,5,6,23,0,0,0,0,0,0,13,442,522.2,407.1,701.0,163.1,0,0,0,90,17,6.45,4.4,10.85,24.32,453,453,Barnes,Newcastle,MID,6.0,6.5,5.9,-0.5999999999999996,22.033898305084744,6.701030927835052,45.94736842105263,14,0.4639175257731959,0.2577319587628866,0.33247422680412375,0.22680412371134023,0.5592783505154639,0.0,0.15789473684210525,0.6701030927835052,64.0,138.0,788.0,2709.0,5.0,13.0,3.0,2.0,2.0,6.0,3.0,0.0,7.309644670050761,4.584717607973421,0.431725888324873,0.30132890365448506,0.21700507614213194,0.07740863787375415,False,False,False,True,4.0
2025/26,201666,65,61,106,1951,7,1,5,31,0,0,0,1,0,0,9,349,404.0,387.5,682.0,147.0,20,67,13,100,19,6.84,2.72,9.56,30.3,453,453,Barnes,Newcastle,MID,6.0,6.5,6.1,-0.40000000000000036,17.37704918032787,4.889800102511533,51.3421052631579,8,0.3229113275243465,0.046130189646335217,0.31553049718093285,0.12547411583803178,0.44100461301896465,0.0,0.13157894736842105,0.41517170681701693,130.0,64.0,1746.0,788.0,9.0,5.0,5.0,3.0,6.0,2.0,13.0,3.0,6.701030927835052,7.309644670050761,0.33247422680412375,0.431725888324873,0.22680412371134023,0.21700507614213194,False,False,False,True,5.0
2021/22,449434,50,48,59,1208,2,3,4,17,0,0,0,0,0,0,2,193,206.2,172.1,303.0,68.2,0,0,0,0,0,0.0,0.0,0.0,0.0,454,454,Elanga,Newcastle,MID,6.0,5.0,4.8,-0.20000000000000018,12.291666666666668,4.395695364238411,31.789473684210527,5,0.14900662251655628,0.22350993377483444,0.0,0.0,0.0,0.0,0.10526315789473684,0.14900662251655628,11.0,,155.0,,1.0,,0.0,,0.0,,2.0,,6.387096774193548,,0.0,,0.0,,False,False,False,True,1.0
2022/23,449434,50,46,23,417,0,1,2,2,0,0,0,0,0,0,0,53,52.4,78.8,162.0,28.7,0,0,0,0,5,0.65,0.98,1.63,4.79,454,454,Elanga,Newcastle,MID,6.0,5.0,4.6,-0.40000000000000036,5.0,4.964028776978417,10.973684210526315,1,0.0,0.2158273381294964,0.14028776978417265,0.21151079136690645,0.3517985611510791,0.0,0.05263157894736842,0.0,59.0,11.0,1208.0,155.0,2.0,1.0,3.0,0.0,4.0,0.0,2.0,2.0,4.395695364238411,6.387096774193548,0.0,0.0,0.0,0.0,False,False,False,True,2.0
2023/24,449434,50,49,119,2424,5,9,2,47,0,0,0,1,0,0,5,386,536.4,441.6,618.0,159.2,0,0,0,0,25,6.2,4.04,10.24,39.39,454,454,Elanga,Newcastle,MID,6.0,5.0,4.9,-0.09999999999999964,24.285714285714285,4.4183168316831685,63.78947368421053,14,0.18564356435643564,0.3341584158415842,0.2301980198019802,0.15,0.3801980198019802,0.0,0.05263157894736842,0.18564356435643564,23.0,59.0,417.0,1208.0,0.0,2.0,1.0,3.0,2.0,4.0,0.0,2.0,4.964028776978417,4.395695364238411,0.14028776978417265,0.0,0.21151079136690645,0.0,False,False,False,True,3.0
2024/25,449434,55,55,153,2496,6,11,12,35,0,0,0,1,0,0,15,535,627.0,785.4,582.0,199.8,0,0,0,135,31,4.81,5.12,9.93,38.74,454,454,Elanga,Newcastle,MID,6.0,5.5,5.5,0.0,27.818181818181817,5.5168269230769225,65.6842105263158,17,0.21634615384615383,0.39663461538461536,0.17343749999999997,0.18461538461538463,0.3580528846153846,0.0,0.3157894736842105,0.5408653846153846,119.0,23.0,2424.0,417.0,5.0,0.0,9.0,1.0,2.0,2.0,5.0,0.0,4.4183168316831685,4.964028776978417,0.2301980198019802,0.14028776978417265,0.15,0.21151079136690645,False,False,False,True,4.0
2025/26,449434,70,65,48,1302,0,1,2,28,0,0,0,0,0,0,0,179,130.4,266.7,185.0,57.8,9,32,14,55,14,1.65,1.74,3.39,21.11,454,454,Elanga,Newcastle,MID,6.0,7.0,6.5,-0.5,7.384615384615385,3.3179723502304146,34.26315789473684,1,0.0,0.06912442396313365,0.1140552995391705,0.12027649769585254,0.23433179723502304,0.0,0.05263157894736842,0.0,153.0,119.0,2496.0,2424.0,6.0,5.0,11.0,9.0,12.0,2.0,15.0,5.0,5.5168269230769225,4.4183168316831685,0.17343749999999997,0.2301980198019802,0.18461538461538463,0.15,False,False,False,True,5.0
2024/25,432422,55,55,106,2625,4,2,11,34,0,0,0,5,0,0,10,536,539.4,496.3,299.0,133.5,0,0,0,303,28,4.46,2.77,7.23,33.18,455,455,Tonali,Spurs,MID,5.5,5.5,5.5,0.0,19.272727272727273,3.6342857142857143,69.07894736842105,6,0.13714285714285715,0.06857142857142857,0.1529142857142857,0.09497142857142857,0.2478857142857143,0.0,0.2894736842105263,0.34285714285714286,16.0,,437.0,,1.0,,0.0,,1.0,,0.0,,3.2951945080091534,,0.1276887871853547,,0.09679633867276888,,False,False,False,True,4.0
2025/26,432422,55,53,81,2534,0,2,7,38,0,0,0,4,0,0,2,477,398.0,534.1,198.0,113.4,75,147,35,257,31,1.75,2.87,4.62,36.19,455,455,Tonali,Spurs,MID,5.5,5.5,5.3,-0.20000000000000018,15.283018867924529,2.876874506708761,66.6842105263158,2,0.0,0.07103393843725335,0.062154696132596686,0.10193370165745858,0.16408839779005527,0.0,0.18421052631578946,0.07103393843725335,106.0,16.0,2625.0,437.0,4.0,1.0,2.0,0.0,11.0,1.0,10.0,0.0,3.6342857142857143,3.2951945080091534,0.1529142857142857,0.1276887871853547,0.09497142857142857,0.09679633867276888,False,False,False,True,5.0
2021/22,232653,45,47,109,2465,6,1,12,35,0,0,0,6,0,0,9,402,538.2,334.0,432.0,130.7,0,0,0,0,0,0.0,0.0,0.0,0.0,456,456,J.Ramsey,Newcastle,MID,5.0,4.5,4.7,0.20000000000000018,23.19148936170213,3.9797160243407705,64.86842105263158,7,0.21906693711967545,0.036511156186612576,0.0,0.0,0.0,0.0,0.3157894736842105,0.32860040567951315,28.0,,611.0,,0.0,,0.0,,2.0,,0.0,,4.124386252045826,,0.0,,0.0,,False,False,False,True,1.0
2022/23,232653,55,51,135,2634,6,8,11,33,1,0,0,5,0,0,13,470,653.4,537.8,456.0,164.7,0,0,0,0,31,5.07,2.89,7.96,40.5,456,456,J.Ramsey,Newcastle,MID,5.0,5.5,5.1,-0.40000000000000036,26.47058823529412,4.612756264236902,69.3157894736842,14,0.2050113895216401,0.2733485193621868,0.1732346241457859,0.09874715261958998,0.2719817767653759,0.0,0.2894736842105263,0.44419134396355353,109.0,28.0,2465.0,611.0,6.0,0.0,1.0,0.0,12.0,2.0,9.0,0.0,3.9797160243407705,4.124386252045826,0.0,0.0,0.0,0.0,False,False,False,True,2.0
2023/24,232653,60,59,29,848,1,1,0,12,0,0,0,2,0,0,0,101,124.0,159.3,182.0,46.7,0,0,0,0,8,2.09,1.38,3.47,12.85,456,456,J.Ramsey,Newcastle,MID,5.0,6.0,5.9,-0.09999999999999964,4.915254237288135,3.077830188679245,22.31578947368421,2,0.1061320754716981,0.1061320754716981,0.22181603773584904,0.14646226415094338,0.36827830188679245,0.0,0.0,0.0,135.0,109.0,2634.0,2465.0,6.0,6.0,8.0,1.0,11.0,12.0,13.0,9.0,4.612756264236902,3.9797160243407705,0.1732346241457859,0.0,0.09874715261958998,0.0,False,False,False,True,3.0
2024/25,232653,55,54,66,1616,1,4,5,26,0,0,0,2,1,0,3,265,235.4,307.9,245.0,78.7,0,0,0,133,19,1.59,2.18,3.77,23.99,456,456,J.Ramsey,Newcastle,MID,5.0,5.5,5.4,-0.09999999999999964,12.222222222222221,3.6757425742574257,42.526315789473685,5,0.055693069306930694,0.22277227722772278,0.08855198019801981,0.12141089108910892,0.2099628712871287,0.0,0.13157894736842105,0.1670792079207921,29.0,135.0,848.0,2634.0,1.0,6.0,1.0,8.0,0.0,11.0,0.0,13.0,3.077830188679245,4.612756264236902,0.22181603773584904,0.1732346241457859,0.14646226415094338,0.09874715261958998,False,False,False,True,4.0
2025/26,232653,55,53,62,1441,2,3,1,31,0,0,0,3,1,0,3,303,304.4,330.3,165.0,79.9,23,85,41,149,15,1.2,1.45,2.65,27.24,456,456,J.Ramsey,Newcastle,MID,5.0,5.5,5.3,-0.20000000000000018,11.69811320754717,3.8723108952116583,37.921052631578945,5,0.12491325468424704,0.18736988202637056,0.07494795281054822,0.0905621096460791,0.1655100624566273,0.0,0.02631578947368421,0.18736988202637056,66.0,29.0,1616.0,848.0,1.0,1.0,4.0,1.0,5.0,0.0,3.0,0.0,3.6757425742574257,3.077830188679245,0.08855198019801981,0.22181603773584904,0.12141089108910892,0.14646226415094338,False,False,False,True,5.0
2018/19,114243,50,47,16,296,0,1,1,8,0,0,0,0,0,0,0,50,53.6,31.1,22.0,10.7,0,0,0,0,0,0.0,0.0,0.0,0.0,457,457,J.Murphy,Newcastle,MID,6.0,5.0,4.7,-0.2999999999999998,3.404255319148936,4.864864864864865,7.7894736842105265,1,0.0,0.30405405405405406,0.0,0.0,0.0,0.0,0.02631578947368421,0.0,51.0,,1137.0,,1.0,,2.0,,2.0,,2.0,,4.036939313984169,,0.0,,0.0,,False,False,False,True,
2019/20,114243,50,47,0,0,0,0,0,0,0,0,0,0,0,0,0,0,0.0,0.0,0.0,0.0,0,0,0,0,0,0.0,0.0,0.0,0.0,457,457,J.Murphy,Newcastle,MID,6.0,5.0,4.7,-0.2999999999999998,0.0,0.0,0.0,0,0.0,0.0,0.0,0.0,0.0,0.0,0.0,0.0,16.0,51.0,296.0,1137.0,0.0,1.0,1.0,2.0,1.0,2.0,0.0,2.0,4.864864864864865,4.036939313984169,0.0,0.0,0.0,0.0,False,False,False,True,
2020/21,114243,50,49,69,1617,2,3,3,33,0,0,0,3,0,0,7,252,363.4,280.8,289.0,93.2,0,0,0,0,0,0.0,0.0,0.0,0.0,457,457,J.Murphy,Newcastle,MID,6.0,5.0,4.9,-0.09999999999999964,14.081632653061224,3.840445269016698,42.55263157894737,5,0.11131725417439704,0.16697588126159557,0.0,0.0,0.0,0.0,0.07894736842105263,0.38961038961038963,0.0,16.0,0.0,296.0,0.0,0.0,0.0,1.0,0.0,1.0,0.0,0.0,0.0,4.864864864864865,0.0,0.0,0.0,0.0,False,False,False,True,
2021/22,114243,50,46,62,1457,1,4,2,35,0,0,0,4,0,0,0,215,267.8,282.0,281.0,82.8,0,0,0,0,0,0.0,0.0,0.0,0.0,457,457,J.Murphy,Newcastle,MID,6.0,5.0,4.6,-0.40000000000000036,13.478260869565219,3.829787234042553,38.3421052631579,5,0.06177076183939602,0.24708304735758407,0.0,0.0,0.0,0.0,0.05263157894736842,0.0,69.0,0.0,1617.0,0.0,2.0,0.0,3.0,0.0,3.0,0.0,7.0,0.0,3.840445269016698,0.0,0.0,0.0,0.0,0.0,False,False,False,True,1.0
2022/23,114243,45,42,78,1230,4,2,3,12,0,0,0,0,0,0,2,240,275.0,302.5,410.0,98.9,0,0,0,0,14,3.46,2.95,6.41,16.13,457,457,J.Murphy,Newcastle,MID,6.0,4.5,4.2,-0.2999999999999998,18.57142857142857,5.707317073170732,32.36842105263158,6,0.29268292682926833,0.14634146341463417,0.2531707317073171,0.2158536585365854,0.46902439024390247,0.0,0.07894736842105263,0.14634146341463417,62.0,69.0,1457.0,1617.0,1.0,2.0,4.0,3.0,2.0,3.0,0.0,7.0,3.829787234042553,3.840445269016698,0.0,0.0,0.0,0.0,False,False,False,True,2.0
2023/24,114243,50,48,82,1184,3,8,5,21,0,0,0,1,0,0,4,312,377.8,453.4,270.0,110.0,0,0,0,0,14,2.23,3.35,5.58,18.42,457,457,J.Murphy,Newcastle,MID,6.0,5.0,4.8,-0.20000000000000018,17.083333333333336,6.233108108108109,31.157894736842106,11,0.22804054054054054,0.6081081081081081,0.16951013513513513,0.2546452702702703,0.4241554054054054,0.0,0.13157894736842105,0.30405405405405406,78.0,62.0,1230.0,1457.0,4.0,1.0,2.0,4.0,3.0,2.0,2.0,0.0,5.707317073170732,3.829787234042553,0.2531707317073171,0.0,0.2158536585365854,0.0,False,False,False,True,3.0
2024/25,114243,55,52,159,2356,8,13,11,31,0,0,0,4,0,0,11,601,713.4,625.2,519.0,185.6,0,0,0,168,31,5.89,6.14,12.03,28.19,457,457,J.Murphy,Newcastle,MID,6.0,5.5,5.2,-0.2999999999999998,30.576923076923077,6.073853989813243,62.0,21,0.30560271646859083,0.4966044142614601,0.225,0.23455008488964346,0.45955008488964344,0.0,0.2894736842105263,0.4202037351443124,82.0,78.0,1184.0,1230.0,3.0,4.0,8.0,2.0,5.0,3.0,4.0,2.0,6.233108108108109,5.707317073170732,0.16951013513513513,0.2531707317073171,0.2546452702702703,0.2158536585365854,False,False,False,True,4.0
2025/26,114243,65,59,82,1606,3,2,8,20,0,0,0,2,0,0,5,314,330.8,393.7,346.0,106.0,27,47,16,90,19,3.07,2.66,5.73,24.35,457,457,J.Murphy,Newcastle,MID,6.0,6.5,5.9,-0.5999999999999996,13.898305084745761,4.595267745952677,42.26315789473684,5,0.16811955168119552,0.112079701120797,0.1720423412204234,0.14906600249066002,0.32110834371108343,0.0,0.21052631578947367,0.28019925280199254,159.0,82.0,2356.0,1184.0,8.0,3.0,13.0,8.0,11.0,5.0,11.0,4.0,6.073853989813243,6.233108108108109,0.225,0.16951013513513513,0.23455008488964346,0.2546452702702703,False,False,False,True,5.0
2020/21,180974,60,57,74,1979,4,2,3,36,0,0,0,3,0,0,5,258,357.0,250.1,612.0,122.2,0,0,0,0,0,0.0,0.0,0.0,0.0,458,458,Joelinton,Newcastle,MID,5.5,6.0,5.7,-0.2999999999999998,12.982456140350877,3.36533602829712,52.078947368421055,6,0.1819100555836281,0.09095502779181405,0.0,0.0,0.0,0.0,0.07894736842105263,0.22738756947953515,78.0,,2678.0,,2.0,,2.0,,9.0,,3.0,,2.6213592233009706,,0.0,,0.0,,False,False,False,True,
2021/22,180974,60,59,83,2554,4,2,7,46,0,0,0,8,0,0,7,323,529.6,386.6,583.0,149.5,0,0,0,0,0,0.0,0.0,0.0,0.0,458,458,Joelinton,Newcastle,MID,5.5,6.0,5.9,-0.09999999999999964,14.067796610169491,2.9248238057948317,67.21052631578948,6,0.14095536413469067,0.07047768206734534,0.0,0.0,0.0,0.0,0.18421052631578946,0.2466718872357087,74.0,78.0,1979.0,2678.0,4.0,2.0,2.0,2.0,3.0,9.0,5.0,3.0,3.36533602829712,2.6213592233009706,0.0,0.0,0.0,0.0,False,False,False,True,1.0
2022/23,180974,60,60,115,2660,6,5,11,26,0,0,0,12,0,0,10,458,603.4,413.1,655.0,167.3,0,0,0,0,30,7.11,1.9,9.01,32.27,458,458,Joelinton,Newcastle,MID,5.5,6.0,6.0,0.0,19.166666666666668,3.8909774436090223,70.0,11,0.20300751879699247,0.16917293233082706,0.2405639097744361,0.06428571428571428,0.30484962406015037,0.0,0.2894736842105263,0.3383458646616541,83.0,74.0,2554.0,1979.0,4.0,4.0,2.0,2.0,7.0,3.0,7.0,5.0,2.9248238057948317,3.36533602829712,0.0,0.0,0.0,0.0,False,False,False,True,2.0
2023/24,180974,60,58,45,1276,2,1,3,23,0,0,0,6,0,0,3,209,295.2,314.9,206.0,81.6,0,0,0,0,15,2.82,1.09,3.91,25.3,458,458,Joelinton,Newcastle,MID,5.5,6.0,5.8,-0.20000000000000018,7.758620689655173,3.1739811912225706,33.578947368421055,3,0.14106583072100315,0.07053291536050157,0.1989028213166144,0.07688087774294672,0.2757836990595611,0.0,0.07894736842105263,0.21159874608150472,115.0,83.0,2660.0,2554.0,6.0,4.0,5.0,2.0,11.0,7.0,10.0,7.0,3.8909774436090223,2.9248238057948317,0.2405639097744361,0.0,0.06428571428571428,0.0,False,False,False,True,3.0
2024/25,180974,60,60,99,2394,4,4,10,32,0,0,0,10,0,0,11,374,469.8,389.3,465.0,132.7,0,0,0,282,29,3.74,2.17,5.91,31.79,458,458,Joelinton,Newcastle,MID,5.5,6.0,6.0,0.0,16.5,3.7218045112781954,63.0,8,0.15037593984962405,0.15037593984962405,0.1406015037593985,0.08157894736842104,0.22218045112781953,0.0,0.2631578947368421,0.41353383458646614,45.0,115.0,1276.0,2660.0,2.0,6.0,1.0,5.0,3.0,11.0,3.0,10.0,3.1739811912225706,3.8909774436090223,0.1989028213166144,0.2405639097744361,0.07688087774294672,0.06428571428571428,False,False,False,True,4.0
2025/26,180974,60,59,73,1950,2,1,5,27,0,0,0,10,0,0,2,304,324.4,296.3,329.0,95.0,73,122,43,238,23,2.36,1.35,3.71,28.75,458,458,Joelinton,Newcastle,MID,5.5,6.0,5.9,-0.09999999999999964,12.372881355932202,3.3692307692307693,51.31578947368421,3,0.0923076923076923,0.04615384615384615,0.10892307692307691,0.06230769230769231,0.17123076923076921,0.0,0.13157894736842105,0.0923076923076923,99.0,45.0,2394.0,1276.0,4.0,2.0,4.0,1.0,10.0,3.0,11.0,3.0,3.7218045112781954,3.1739811912225706,0.1406015037593985,0.1989028213166144,0.08157894736842104,0.07688087774294672,False,False,False,True,5.0
2023/24,547719,45,45,44,1203,1,3,1,29,0,0,0,1,0,0,1,232,237.4,192.8,136.0,56.7,0,0,0,0,14,1.22,1.08,2.3,30.2,459,459,L.Miley,Newcastle,MID,5.5,4.5,4.5,0.0,9.777777777777779,3.2917705735660845,31.657894736842106,4,0.07481296758104738,0.22443890274314213,0.0912718204488778,0.08079800498753117,0.17206982543640895,0.0,0.02631578947368421,0.07481296758104738,1.0,,14.0,,0.0,,0.0,,0.0,,0.0,,6.428571428571429,,0.5142857142857142,,0.0,,False,False,False,True,3.0
2024/25,547719,50,50,21,304,1,0,0,4,0,0,0,0,0,0,1,88,87.4,33.5,45.0,16.7,0,0,0,38,1,0.57,0.3,0.87,5.68,459,459,L.Miley,Newcastle,MID,5.5,5.0,5.0,0.0,4.2,6.217105263157895,8.0,1,0.29605263157894735,0.0,0.16874999999999998,0.08881578947368421,0.2575657894736842,0.0,0.0,0.29605263157894735,44.0,1.0,1203.0,14.0,1.0,0.0,3.0,0.0,1.0,0.0,1.0,0.0,3.2917705735660845,6.428571428571429,0.0912718204488778,0.5142857142857142,0.08079800498753117,0.0,False,False,False,True,4.0
2025/26,547719,45,44,72,1493,1,4,2,22,0,0,0,0,0,0,5,334,342.6,251.4,136.0,73.0,57,69,29,155,15,1.36,2.1,3.46,21.22,459,459,L.Miley,Newcastle,MID,5.5,4.5,4.4,-0.09999999999999964,16.363636363636363,4.340254521098459,39.28947368421053,5,0.06028131279303416,0.24112525117213665,0.08198258539852646,0.12659075686537175,0.2085733422638982,0.0,0.05263157894736842,0.3014065639651708,21.0,44.0,304.0,1203.0,1.0,1.0,0.0,3.0,0.0,1.0,1.0,1.0,6.217105263157895,3.2917705735660845,0.16874999999999998,0.0912718204488778,0.08881578947368421,0.08079800498753117,False,False,False,True,5.0
2018/19,200089,45,45,4,63,0,0,1,1,0,0,0,0,0,0,0,4,1.0,2.5,23.0,2.7,0,0,0,0,0,0.0,0.0,0.0,0.0,460,460,Willock,Newcastle,MID,5.0,4.5,4.5,0.0,0.8888888888888888,5.714285714285714,1.6578947368421053,0,0.0,0.0,0.0,0.0,0.0,0.0,0.02631578947368421,0.0,3.0,,81.0,,0.0,,0.0,,0.0,,0.0,,3.333333333333333,,0.0,,0.0,,False,False,False,True,
2019/20,200089,50,47,41,838,1,1,1,16,0,0,0,2,0,0,0,150,176.8,165.9,212.0,55.2,0,0,0,0,0,0.0,0.0,0.0,0.0,460,460,Willock,Newcastle,MID,5.0,5.0,4.7,-0.2999999999999998,8.72340425531915,4.403341288782816,22.05263157894737,2,0.10739856801909307,0.10739856801909307,0.0,0.0,0.0,0.0,0.02631578947368421,0.0,4.0,3.0,63.0,81.0,0.0,0.0,0.0,0.0,1.0,0.0,0.0,0.0,5.714285714285714,3.333333333333333,0.0,0.0,0.0,0.0,False,False,False,True,
2020/21,200089,50,49,79,1210,8,0,4,18,0,0,1,1,0,0,5,254,436.6,137.2,401.0,97.3,0,0,0,0,0,0.0,0.0,0.0,0.0,460,460,Willock,Newcastle,MID,5.0,5.0,4.9,-0.09999999999999964,16.122448979591837,5.87603305785124,31.842105263157894,8,0.5950413223140496,0.0,0.0,0.0,0.0,0.0,0.10526315789473684,0.371900826446281,41.0,4.0,838.0,63.0,1.0,0.0,1.0,0.0,1.0,1.0,0.0,0.0,4.403341288782816,5.714285714285714,0.0,0.0,0.0,0.0,False,False,False,True,
2021/22,200089,60,53,79,2037,2,3,6,37,0,0,0,0,0,0,3,248,320.4,243.2,449.0,101.3,0,0,0,0,0,0.0,0.0,0.0,0.0,460,460,Willock,Newcastle,MID,5.0,6.0,5.3,-0.7000000000000002,14.90566037735849,3.4904270986745214,53.60526315789474,5,0.08836524300441827,0.1325478645066274,0.0,0.0,0.0,0.0,0.15789473684210525,0.1325478645066274,79.0,41.0,1210.0,838.0,8.0,1.0,0.0,1.0,4.0,1.0,5.0,0.0,5.87603305785124,4.403341288782816,0.0,0.0,0.0,0.0,False,False,False,True,1.0
2022/23,200089,50,47,123,2556,3,7,12,26,0,0,0,1,0,0,11,415,520.8,547.0,680.0,174.9,0,0,0,0,31,7.3,4.29,11.59,29.62,460,460,Willock,Newcastle,MID,5.0,5.0,4.7,-0.2999999999999998,26.170212765957444,4.330985915492958,67.26315789473684,10,0.10563380281690142,0.24647887323943662,0.25704225352112675,0.15105633802816903,0.4080985915492958,0.0,0.3157894736842105,0.38732394366197187,79.0,79.0,2037.0,1210.0,2.0,8.0,3.0,0.0,6.0,4.0,3.0,5.0,3.4904270986745214,5.87603305785124,0.0,0.0,0.0,0.0,False,False,False,True,2.0
2023/24,200089,55,53,18,415,1,0,1,9,0,0,0,0,0,0,0,60,89.8,92.5,106.0,28.8,0,0,0,0,5,0.88,0.57,1.45,8.03,460,460,Willock,Newcastle,MID,5.0,5.5,5.3,-0.20000000000000018,3.3962264150943398,3.9036144578313254,10.921052631578947,1,0.2168674698795181,0.0,0.19084337349397593,0.1236144578313253,0.3144578313253012,0.0,0.02631578947368421,0.0,123.0,79.0,2556.0,2037.0,3.0,2.0,7.0,3.0,12.0,6.0,11.0,3.0,4.330985915492958,3.4904270986745214,0.25704225352112675,0.0,0.15105633802816903,0.0,False,False,False,True,3.0
2024/25,200089,50,47,46,1065,0,2,4,16,0,0,0,4,0,0,0,139,172.8,273.8,197.0,63.9,0,0,0,87,11,1.65,0.93,2.58,15.01,460,460,Willock,Newcastle,MID,5.0,5.0,4.7,-0.2999999999999998,9.787234042553191,3.8873239436619715,28.026315789473685,2,0.0,0.16901408450704225,0.13943661971830984,0.07859154929577465,0.2180281690140845,0.0,0.10526315789473684,0.0,18.0,123.0,415.0,2556.0,1.0,3.0,0.0,7.0,1.0,12.0,0.0,11.0,3.9036144578313254,4.330985915492958,0.19084337349397593,0.25704225352112675,0.1236144578313253,0.15105633802816903,False,False,False,True,4.0
2025/26,200089,50,50,38,972,0,2,3,18,0,0,0,3,0,0,0,166,145.4,205.8,204.0,55.5,17,52,20,89,10,1.26,1.07,2.33,17.83,460,460,Willock,Newcastle,MID,5.0,5.0,5.0,0.0,7.6,3.518518518518518,25.57894736842105,2,0.0,0.18518518518518517,0.11666666666666665,0.09907407407407408,0.21574074074074073,0.0,0.07894736842105263,0.0,46.0,18.0,1065.0,415.0,0.0,1.0,2.0,0.0,4.0,1.0,0.0,0.0,3.8873239436619715,3.9036144578313254,0.13943661971830984,0.19084337349397593,0.07859154929577465,0.1236144578313253,False,False,False,True,5.0
2022/23,216646,55,53,111,1587,7,4,7,17,0,0,0,3,0,0,6,292,366.2,185.3,424.0,96.8,0,0,0,0,16,5.65,1.08,6.73,21.64,464,464,Wissa,Newcastle,FWD,6.0,5.5,5.3,-0.20000000000000018,20.943396226415096,6.294896030245747,41.76315789473684,11,0.39697542533081287,0.22684310018903592,0.32041587901701324,0.0612476370510397,0.381663516068053,0.0,0.18421052631578946,0.3402646502835539,92.0,,1268.0,,7.0,,2.0,,3.0,,6.0,,6.529968454258675,,0.0,,0.0,,False,True,False,False,2.0
2023/24,216646,60,57,131,2488,12,4,11,40,0,0,0,7,0,0,15,457,592.8,384.0,769.0,173.2,0,0,0,0,29,10.54,1.82,12.36,37.55,464,464,Wissa,Newcastle,FWD,6.0,6.0,5.7,-0.2999999999999998,22.982456140350877,4.738745980707395,65.47368421052632,16,0.4340836012861736,0.14469453376205788,0.38127009646302246,0.06583601286173633,0.4471061093247588,0.0,0.2894736842105263,0.542604501607717,111.0,92.0,1587.0,1268.0,7.0,7.0,4.0,2.0,7.0,3.0,6.0,6.0,6.294896030245747,6.529968454258675,0.32041587901701324,0.0,0.0612476370510397,0.0,False,True,False,False,3.0
2024/25,216646,60,69,185,2921,18,6,9,45,0,0,0,5,0,0,32,739,849.4,400.0,1181.0,242.4,0,0,0,138,34,18.58,2.2,20.77,45.12,464,464,Wissa,Newcastle,FWD,6.0,6.0,6.9,0.9000000000000004,26.81159420289855,5.7001027045532355,76.86842105263158,24,0.5546045874700445,0.18486819582334818,0.5724751797329681,0.06778500513522767,0.6399520712084902,0.0,0.23684210526315788,0.9859637110578569,131.0,111.0,2488.0,1587.0,12.0,7.0,4.0,4.0,11.0,7.0,15.0,6.0,4.738745980707395,6.294896030245747,0.38127009646302246,0.32041587901701324,0.06583601286173633,0.0612476370510397,False,True,False,False,4.0
2025/26,216646,75,73,27,517,1,1,1,11,0,0,0,3,0,0,0,70,58.0,46.7,163.0,25.5,3,14,5,22,4,3.13,0.54,3.67,9.97,464,464,Wissa,Newcastle,FWD,6.0,7.5,7.3,-0.20000000000000018,3.6986301369863015,4.700193423597679,13.605263157894736,2,0.17408123791102514,0.17408123791102514,0.5448742746615087,0.09400386847195358,0.6388781431334623,0.0,0.02631578947368421,0.0,185.0,131.0,2921.0,2488.0,18.0,12.0,6.0,4.0,9.0,11.0,32.0,15.0,5.7001027045532355,4.738745980707395,0.5724751797329681,0.38127009646302246,0.06778500513522767,0.06583601286173633,False,True,False,False,5.0
2023/24,538207,45,42,25,778,0,1,0,23,0,0,0,4,0,0,0,27,27.0,24.9,200.0,24.4,0,0,0,0,9,1.64,0.15,1.79,20.19,465,465,Osula,Newcastle,FWD,6.0,4.5,4.2,-0.2999999999999998,5.9523809523809526,2.892030848329049,20.473684210526315,1,0.0,0.11568123393316196,0.1897172236503856,0.017352185089974295,0.20706940874035992,0.0,0.0,0.0,0.0,,0.0,,0.0,,0.0,,0.0,,0.0,,0.0,,0.0,,0.0,,False,True,False,False,3.0
2024/25,538207,50,49,19,124,1,0,0,3,0,0,0,0,0,0,1,59,42.4,25.1,37.0,10.5,0,0,0,9,0,0.16,0.05,0.21,3.18,465,465,Osula,Newcastle,FWD,6.0,5.0,4.9,-0.09999999999999964,3.877551020408163,13.790322580645162,3.263157894736842,1,0.7258064516129032,0.0,0.11612903225806452,0.036290322580645164,0.15241935483870966,0.0,0.0,0.7258064516129032,25.0,0.0,778.0,0.0,0.0,0.0,1.0,0.0,0.0,0.0,0.0,0.0,2.892030848329049,0.0,0.1897172236503856,0.0,0.017352185089974295,0.0,False,True,False,False,4.0
2025/26,538207,55,55,76,805,7,1,2,14,0,0,0,0,0,0,13,284,256.6,82.6,284.0,62.2,2,23,6,31,8,4.28,0.62,4.9,14.48,465,465,Osula,Newcastle,FWD,6.0,5.5,5.5,0.0,13.818181818181818,8.496894409937887,21.18421052631579,8,0.782608695652174,0.11180124223602485,0.4785093167701864,0.0693167701863354,0.5478260869565218,0.0,0.05263157894736842,1.453416149068323,19.0,25.0,124.0,778.0,1.0,0.0,0.0,1.0,0.0,0.0,1.0,0.0,13.790322580645162,2.892030848329049,0.11612903225806452,0.1897172236503856,0.036290322580645164,0.017352185089974295,False,True,False,False,5.0
2025/26,599303,45,43,1,13,0,0,0,1,0,0,0,0,0,0,0,2,0.0,0.0,5.0,0.5,0,0,0,0,0,0.03,0.0,0.03,0.37,466,466,Neave,Newcastle,FWD,4.5,4.5,4.3,-0.20000000000000018,0.23255813953488372,6.923076923076923,0.34210526315789475,0,0.0,0.0,0.2076923076923077,0.0,0.2076923076923077,0.0,0.0,0.0,0.0,,0.0,,0.0,,0.0,,0.0,,0.0,,0.0,,0.0,,0.0,,False,True,False,False,5.0
2024/25,85633,45,52,150,3420,0,1,13,46,0,0,0,4,0,120,11,521,942.2,20.2,0.0,96.7,0,0,0,0,38,0.0,0.26,0.26,50.17,467,467,Sels,Nott'm Forest,GKP,5.0,4.5,5.2,0.7000000000000002,28.846153846153847,3.9473684210526314,90.0,1,0.0,0.02631578947368421,0.0,0.006842105263157895,0.006842105263157895,3.1578947368421053,0.34210526315789475,0.2894736842105263,34.0,,1440.0,,0.0,,0.0,,1.0,,1.0,,2.125,,0.0,,0.005625,,False,False,True,False,4.0
2025/26,85633,50,46,105,2667,0,0,7,39,0,1,0,2,0,95,3,431,730.0,10.0,0.0,74.0,26,197,1,0,30,0.0,0.06,0.06,45.12,467,467,Sels,Nott'm Forest,GKP,5.0,5.0,4.6,-0.40000000000000036,22.826086956521742,3.543307086614173,70.1842105263158,0,0.0,0.0,0.0,0.0020247469066366703,0.0020247469066366703,3.205849268841395,0.18421052631578946,0.10123734533183353,150.0,34.0,3420.0,1440.0,0.0,0.0,1.0,0.0,13.0,1.0,11.0,1.0,3.9473684210526314,2.125,0.0,0.0,0.006842105263157895,0.005625,False,False,True,False,5.0
2020/21,215136,40,38,11,247,0,0,1,1,0,0,0,1,0,0,0,51,42.0,47.8,34.0,12.2,0,0,0,0,0,0.0,0.0,0.0,0.0,469,469,N.Williams,Nott'm Forest,DEF,5.0,4.0,3.8,-0.20000000000000018,2.8947368421052633,4.008097165991903,6.5,0,0.0,0.0,0.0,0.0,0.0,0.0,0.02631578947368421,0.0,14.0,,228.0,,0.0,,0.0,,1.0,,3.0,,5.526315789473684,,0.0,,0.0,,True,False,False,False,
2021/22,215136,40,38,4,7,0,1,0,0,0,0,0,0,0,0,0,17,18.2,11.1,2.0,3.1,0,0,0,0,0,0.0,0.0,0.0,0.0,469,469,N.Williams,Nott'm Forest,DEF,5.0,4.0,3.8,-0.20000000000000018,1.0526315789473684,51.42857142857143,0.18421052631578946,1,0.0,12.857142857142858,0.0,0.0,0.0,0.0,0.0,0.0,11.0,14.0,247.0,228.0,0.0,0.0,0.0,0.0,1.0,1.0,0.0,3.0,4.008097165991903,5.526315789473684,0.0,0.0,0.0,0.0,True,False,False,False,1.0
2022/23,215136,40,38,54,1872,1,1,4,41,0,0,0,7,0,0,1,284,372.2,257.3,209.0,84.0,0,0,0,0,20,1.24,1.22,2.46,39.55,469,469,N.Williams,Nott'm Forest,DEF,5.0,4.0,3.8,-0.20000000000000018,14.210526315789474,2.5961538461538463,49.26315789473684,2,0.04807692307692307,0.04807692307692307,0.05961538461538461,0.058653846153846154,0.11826923076923077,0.0,0.10526315789473684,0.04807692307692307,4.0,11.0,7.0,247.0,0.0,0.0,1.0,0.0,0.0,1.0,0.0,0.0,51.42857142857143,4.008097165991903,0.0,0.0,0.0,0.0,True,False,False,False,2.0
2023/24,215136,45,43,39,1630,0,1,1,33,0,0,0,4,0,0,2,224,393.4,195.2,139.0,72.8,0,0,0,0,18,0.74,1.54,2.28,23.05,469,469,N.Williams,Nott'm Forest,DEF,5.0,4.5,4.3,-0.20000000000000018,9.069767441860465,2.1533742331288344,42.89473684210526,1,0.0,0.05521472392638037,0.040858895705521474,0.08503067484662577,0.12588957055214722,0.0,0.02631578947368421,0.11042944785276074,54.0,4.0,1872.0,7.0,1.0,0.0,1.0,1.0,4.0,0.0,1.0,0.0,2.5961538461538463,51.42857142857143,0.05961538461538461,0.0,0.058653846153846154,0.0,True,False,False,False,3.0
2024/25,215136,45,45,109,2588,1,3,10,31,0,0,0,7,0,0,8,435,628.4,305.3,244.0,118.0,0,0,0,251,28,2.29,1.54,3.83,38.5,469,469,N.Williams,Nott'm Forest,DEF,5.0,4.5,4.5,0.0,24.22222222222222,3.7905718701700155,68.10526315789474,4,0.0347758887171561,0.10432766615146831,0.07963678516228748,0.0535548686244204,0.1331916537867079,0.0,0.2631578947368421,0.2782071097372488,39.0,54.0,1630.0,1872.0,0.0,1.0,1.0,1.0,1.0,4.0,2.0,1.0,2.1533742331288344,2.5961538461538463,0.040858895705521474,0.05961538461538461,0.08503067484662577,0.058653846153846154,True,False,False,False,4.0
2025/26,215136,50,48,128,3203,2,3,9,48,0,0,0,6,1,0,15,531,804.0,572.3,380.0,175.6,151,164,96,247,36,2.01,3.97,5.98,51.36,469,469,N.Williams,Nott'm Forest,DEF,5.0,5.0,4.8,-0.20000000000000018,26.666666666666668,3.5966281610989697,84.28947368421052,5,0.0561973150171714,0.0842959725257571,0.05647830159225725,0.11155167030908524,0.1680299719013425,0.0,0.23684210526315788,0.4214798626287855,109.0,39.0,2588.0,1630.0,1.0,0.0,3.0,1.0,10.0,1.0,8.0,2.0,3.7905718701700155,2.1533742331288344,0.07963678516228748,0.040858895705521474,0.0535548686244204,0.08503067484662577,True,False,False,False,5.0
2025/26,485047,45,43,53,1340,1,0,2,23,0,0,0,5,0,0,1,190,371.2,37.6,96.0,50.5,114,52,30,144,14,1.32,0.15,1.47,24.34,470,470,Morato,Nott'm Forest,DEF,5.0,4.5,4.3,-0.20000000000000018,12.325581395348838,3.559701492537313,35.26315789473684,1,0.06716417910447761,0.0,0.08865671641791045,0.010074626865671642,0.09873134328358209,0.0,0.05263157894736842,0.06716417910447761,36.0,,891.0,,0.0,,0.0,,3.0,,2.0,,3.6363636363636362,,0.01818181818181818,,0.00303030303030303,,True,False,False,False,5.0
2025/26,227444,55,51,119,3375,0,1,9,51,1,0,0,6,0,0,2,401,680.4,66.9,120.0,86.9,281,107,30,311,37,0.83,0.68,1.51,54.98,471,471,Milenković,Nott'm Forest,DEF,5.5,5.5,5.1,-0.40000000000000036,23.333333333333336,3.1733333333333333,88.8157894736842,1,0.0,0.02666666666666667,0.02213333333333333,0.018133333333333335,0.040266666666666666,0.0,0.23684210526315788,0.05333333333333334,145.0,,3330.0,,5.0,,2.0,,13.0,,2.0,,3.918918918918919,,0.10945945945945945,,0.01972972972972973,,True,False,False,False,5.0
2024/25,575476,45,47,130,3188,2,0,12,44,0,0,0,6,0,0,18,541,927.2,211.2,201.0,134.0,0,0,0,376,36,1.47,1.15,2.62,47.42,472,472,Murillo,Nott'm Forest,DEF,5.5,4.5,4.7,0.20000000000000018,27.659574468085104,3.6700125470514426,83.89473684210526,2,0.05646173149309912,0.0,0.041499372647427854,0.03246549560853199,0.07396486825595985,0.0,0.3157894736842105,0.508155583437892,58.0,,2790.0,,0.0,,2.0,,3.0,,1.0,,1.8709677419354838,,0.05741935483870968,,0.02064516129032258,,True,False,False,False,4.0
2025/26,575476,55,52,83,2130,1,0,6,29,2,0,0,5,0,0,3,333,542.2,115.5,82.0,74.0,188,102,35,223,25,0.73,0.47,1.2,32.99,472,472,Murillo,Nott'm Forest,DEF,5.5,5.5,5.2,-0.2999999999999998,15.961538461538462,3.5070422535211265,56.05263157894737,1,0.04225352112676056,0.0,0.03084507042253521,0.019859154929577464,0.05070422535211267,0.0,0.15789473684210525,0.1267605633802817,130.0,58.0,3188.0,2790.0,2.0,0.0,0.0,2.0,12.0,3.0,18.0,1.0,3.6700125470514426,1.8709677419354838,0.041499372647427854,0.05741935483870968,0.03246549560853199,0.02064516129032258,True,False,False,False,5.0
2016/17,159506,50,45,3,26,0,0,0,0,0,0,0,0,0,0,0,9,4.8,0.9,17.0,2.3,0,0,0,0,0,0.0,0.0,0.0,0.0,473,473,Aina,Nott'm Forest,DEF,4.5,5.0,4.5,-0.5,0.6666666666666666,10.384615384615385,0.6842105263157895,0,0.0,0.0,0.0,0.0,0.0,0.0,0.0,0.0,0.0,,0.0,,0.0,,0.0,,0.0,,0.0,,0.0,,0.0,,0.0,,True,False,False,False,
2020/21,159506,45,43,102,2664,2,1,8,36,0,0,0,3,0,0,8,477,483.6,248.8,144.0,87.7,0,0,0,0,0,0.0,0.0,0.0,0.0,473,473,Aina,Nott'm Forest,DEF,4.5,4.5,4.3,-0.20000000000000018,23.72093023255814,3.4459459459459456,70.10526315789474,3,0.06756756756756756,0.03378378378378378,0.0,0.0,0.0,0.0,0.21052631578947367,0.27027027027027023,3.0,0.0,26.0,0.0,0.0,0.0,0.0,0.0,0.0,0.0,0.0,0.0,10.384615384615385,0.0,0.0,0.0,0.0,0.0,True,False,False,False,
2023/24,159506,45,45,45,1690,1,1,2,39,0,0,0,3,0,0,2,289,312.0,181.7,49.0,54.4,0,0,0,0,20,0.34,1.01,1.35,29.01,473,473,Aina,Nott'm Forest,DEF,4.5,4.5,4.5,0.0,10.0,2.396449704142012,44.473684210526315,2,0.05325443786982248,0.05325443786982248,0.018106508875739644,0.05378698224852071,0.07189349112426036,0.0,0.05263157894736842,0.10650887573964496,102.0,3.0,2664.0,26.0,2.0,0.0,1.0,0.0,8.0,0.0,8.0,0.0,3.4459459459459456,10.384615384615385,0.0,0.0,0.0,0.0,True,False,False,False,3.0
2024/25,159506,45,53,128,2996,2,1,12,39,0,0,0,5,0,0,15,483,578.2,282.3,80.0,94.1,0,0,0,206,35,0.63,2.25,2.88,40.59,473,473,Aina,Nott'm Forest,DEF,4.5,4.5,5.3,0.7999999999999998,24.150943396226417,3.8451268357810413,78.84210526315789,3,0.06008010680907877,0.030040053404539385,0.01892523364485981,0.06759012016021361,0.08651535380507343,0.0,0.3157894736842105,0.45060080106809075,45.0,102.0,1690.0,2664.0,1.0,2.0,1.0,1.0,2.0,8.0,2.0,8.0,2.396449704142012,3.4459459459459456,0.018106508875739644,0.0,0.05378698224852071,0.0,True,False,False,False,4.0
2025/26,159506,50,47,67,1587,0,2,6,19,0,0,0,3,0,0,5,264,285.2,160.3,58.0,50.5,99,81,31,130,18,0.41,0.84,1.25,25.31,473,473,Aina,Nott'm Forest,DEF,4.5,5.0,4.7,-0.2999999999999998,14.25531914893617,3.799621928166352,41.76315789473684,2,0.0,0.11342155009451796,0.02325141776937618,0.047637051039697544,0.07088846880907372,0.0,0.15789473684210525,0.2835538752362949,128.0,45.0,2996.0,1690.0,2.0,1.0,1.0,1.0,12.0,2.0,15.0,2.0,3.8451268357810413,2.396449704142012,0.01892523364485981,0.018106508875739644,0.06759012016021361,0.05378698224852071,True,False,False,False,5.0
2023/24,204822,45,44,0,0,0,0,0,0,0,0,0,0,0,0,0,0,0.0,0.0,0.0,0.0,0,0,0,0,0,0.0,0.0,0.0,0.0,476,476,O.Richards,Nott'm Forest,DEF,4.0,4.5,4.4,-0.09999999999999964,0.0,0.0,0.0,0,0.0,0.0,0.0,0.0,0.0,0.0,0.0,0.0,0.0,,0.0,,0.0,,0.0,,0.0,,0.0,,0.0,,0.0,,0.0,,True,False,False,False,3.0
2024/25,204822,45,45,0,0,0,0,0,0,0,0,0,0,0,0,0,0,0.0,0.0,0.0,0.0,0,0,0,0,0,0.0,0.0,0.0,0.0,476,476,O.Richards,Nott'm Forest,DEF,4.0,4.5,4.5,0.0,0.0,0.0,0.0,0,0.0,0.0,0.0,0.0,0.0,0.0,0.0,0.0,0.0,0.0,0.0,0.0,0.0,0.0,0.0,0.0,0.0,0.0,0.0,0.0,0.0,0.0,0.0,0.0,0.0,0.0,True,False,False,False,4.0
2025/26,204822,45,45,0,0,0,0,0,0,0,0,0,0,0,0,0,0,0.0,0.0,0.0,0.0,0,0,0,0,0,0.0,0.0,0.0,0.0,476,476,O.Richards,Nott'm Forest,DEF,4.0,4.5,4.5,0.0,0.0,0.0,0.0,0,0.0,0.0,0.0,0.0,0.0,0.0,0.0,0.0,0.0,0.0,0.0,0.0,0.0,0.0,0.0,0.0,0.0,0.0,0.0,0.0,0.0,0.0,0.0,0.0,0.0,0.0,True,False,False,False,5.0
2025/26,549067,40,38,3,165,0,0,0,4,0,0,0,0,0,0,0,3,25.4,6.4,0.0,3.2,9,10,4,13,2,0.0,0.01,0.01,3.47,477,477,Abbott,Nott'm Forest,DEF,4.0,4.0,3.8,-0.20000000000000018,0.7894736842105263,1.6363636363636365,4.342105263157895,0,0.0,0.0,0.0,0.005454545454545455,0.005454545454545455,0.0,0.0,0.0,0.0,,0.0,,0.0,,0.0,,0.0,,0.0,,0.0,,0.0,,0.0,,True,False,False,False,5.0
2019/20,222531,50,47,11,125,0,1,0,2,0,0,0,0,0,0,0,39,6.6,44.1,12.0,6.3,0,0,0,0,0,0.0,0.0,0.0,0.0,480,480,Gibbs-White,Nott'm Forest,MID,8.0,5.0,4.7,-0.2999999999999998,2.3404255319148937,7.92,3.289473684210526,1,0.0,0.72,0.0,0.0,0.0,0.0,0.0,0.0,37.0,,645.0,,0.0,,1.0,,4.0,,0.0,,5.162790697674418,,0.0,,0.0,,False,False,False,True,
2020/21,222531,50,49,22,407,1,0,0,6,0,0,0,1,0,0,3,87,85.0,112.8,114.0,31.3,0,0,0,0,0,0.0,0.0,0.0,0.0,480,480,Gibbs-White,Nott'm Forest,MID,8.0,5.0,4.9,-0.09999999999999964,4.489795918367347,4.864864864864865,10.710526315789474,1,0.22113022113022113,0.0,0.0,0.0,0.0,0.0,0.0,0.6633906633906634,11.0,37.0,125.0,645.0,0.0,0.0,1.0,1.0,0.0,4.0,0.0,0.0,7.92,5.162790697674418,0.0,0.0,0.0,0.0,False,False,False,True,
2021/22,222531,45,45,1,7,0,0,0,0,0,0,0,1,0,0,0,0,0.0,0.7,24.0,2.1,0,0,0,0,0,0.0,0.0,0.0,0.0,480,480,Gibbs-White,Nott'm Forest,MID,8.0,4.5,4.5,0.0,0.2222222222222222,12.857142857142858,0.18421052631578946,0,0.0,0.0,0.0,0.0,0.0,0.0,0.0,0.0,22.0,11.0,407.0,125.0,1.0,0.0,0.0,1.0,0.0,0.0,3.0,0.0,4.864864864864865,7.92,0.0,0.0,0.0,0.0,False,False,False,True,1.0
2022/23,222531,55,55,145,3151,5,12,8,61,0,0,0,6,0,0,11,479,611.4,980.2,628.0,221.8,0,0,0,0,36,6.77,6.06,12.83,57.88,480,480,Gibbs-White,Nott'm Forest,MID,8.0,5.5,5.5,0.0,26.363636363636363,4.14154236750238,82.92105263157895,17,0.14281180577594413,0.34274833386226594,0.19336718502062836,0.1730879086004443,0.36645509362107265,0.0,0.21052631578947367,0.3141859727070771,1.0,22.0,7.0,407.0,0.0,1.0,0.0,0.0,0.0,0.0,0.0,3.0,12.857142857142858,4.864864864864865,0.0,0.0,0.0,0.0,False,False,False,True,2.0
2023/24,222531,60,57,142,3156,5,12,5,59,0,0,0,9,0,0,13,563,703.2,1155.2,495.0,235.6,0,0,0,0,35,6.65,6.79,13.44,49.08,480,480,Gibbs-White,Nott'm Forest,MID,8.0,6.0,5.7,-0.2999999999999998,24.912280701754383,4.0494296577946765,83.05263157894737,17,0.14258555133079848,0.34220532319391633,0.18963878326996197,0.19363117870722432,0.38326996197718627,0.0,0.13157894736842105,0.370722433460076,145.0,1.0,3151.0,7.0,5.0,0.0,12.0,0.0,8.0,0.0,11.0,0.0,4.14154236750238,12.857142857142858,0.19336718502062836,0.0,0.1730879086004443,0.0,False,False,False,True,3.0
2024/25,222531,65,65,154,2806,7,11,13,34,0,0,0,9,1,0,18,594,680.4,793.7,632.0,210.6,0,0,0,227,34,6.31,4.68,10.99,41.21,480,480,Gibbs-White,Nott'm Forest,MID,8.0,6.5,6.5,0.0,23.692307692307693,4.9394155381325735,73.84210526315789,18,0.22451888809693515,0.3528153955808981,0.20238774055595152,0.15010691375623664,0.3524946543121882,0.0,0.34210526315789475,0.5773342836778332,142.0,145.0,3156.0,3151.0,5.0,5.0,12.0,12.0,5.0,8.0,13.0,11.0,4.0494296577946765,4.14154236750238,0.18963878326996197,0.19336718502062836,0.19363117870722432,0.1730879086004443,False,False,False,True,4.0
2025/26,222531,75,76,188,3101,15,4,10,45,0,0,0,1,0,0,18,712,843.8,747.7,836.0,242.5,48,110,20,178,35,10.81,2.91,13.72,49.7,480,480,Gibbs-White,Nott'm Forest,MID,8.0,7.5,7.6,0.09999999999999964,24.736842105263158,5.4563044179297,81.60526315789474,19,0.43534343760077393,0.11609158336020639,0.3137375040309578,0.08445662689455015,0.3981941309255079,0.0,0.2631578947368421,0.5224121251209287,154.0,142.0,2806.0,3156.0,7.0,5.0,11.0,12.0,13.0,5.0,18.0,13.0,4.9394155381325735,4.0494296577946765,0.20238774055595152,0.18963878326996197,0.15010691375623664,0.19363117870722432,False,False,False,True,5.0
2021/22,215379,45,45,0,0,0,0,0,0,0,0,0,0,0,0,0,0,0.0,0.0,0.0,0.0,0,0,0,0,0,0.0,0.0,0.0,0.0,481,481,Anderson,Man City,MID,6.5,4.5,4.5,0.0,0.0,0.0,0.0,0,0.0,0.0,0.0,0.0,0.0,0.0,0.0,0.0,1.0,,3.0,,0.0,,0.0,,0.0,,0.0,,30.0,,0.0,,0.0,,False,False,False,True,1.0
2022/23,215379,45,43,30,395,0,1,1,7,0,0,0,0,0,0,2,93,98.8,129.9,186.0,41.5,0,0,0,0,3,1.14,1.45,2.59,6.03,481,481,Anderson,Man City,MID,6.5,4.5,4.3,-0.20000000000000018,6.976744186046512,6.835443037974683,10.394736842105264,1,0.0,0.22784810126582278,0.25974683544303795,0.330379746835443,0.5901265822784809,0.0,0.02631578947368421,0.45569620253164556,0.0,1.0,0.0,3.0,0.0,0.0,0.0,0.0,0.0,0.0,0.0,0.0,0.0,30.0,0.0,0.0,0.0,0.0,False,False,False,True,2.0
2023/24,215379,45,42,42,1018,0,2,5,14,0,0,0,3,0,0,3,144,187.4,223.7,201.0,61.1,0,0,0,0,10,1.63,1.25,2.88,12.49,481,481,Anderson,Man City,MID,6.5,4.5,4.2,-0.2999999999999998,10.0,3.713163064833006,26.789473684210527,2,0.0,0.1768172888015717,0.14410609037328093,0.11051080550098231,0.2546168958742632,0.0,0.13157894736842105,0.26522593320235754,30.0,0.0,395.0,0.0,0.0,0.0,1.0,0.0,1.0,0.0,2.0,0.0,6.835443037974683,0.0,0.25974683544303795,0.0,0.330379746835443,0.0,False,False,False,True,3.0
2024/25,215379,50,50,107,2726,2,6,13,37,0,0,0,10,0,0,8,526,638.8,605.2,308.0,155.6,0,0,0,407,33,2.04,3.51,5.55,40.36,481,481,Anderson,Man City,MID,6.5,5.0,5.0,0.0,21.4,3.532648569332355,71.73684210526316,8,0.06603081438004402,0.19809244314013208,0.0673514306676449,0.11588407923697726,0.18323550990462215,0.0,0.34210526315789475,0.26412325752017607,42.0,30.0,1018.0,395.0,0.0,0.0,2.0,1.0,5.0,1.0,3.0,2.0,3.713163064833006,6.835443037974683,0.14410609037328093,0.25974683544303795,0.11051080550098231,0.330379746835443,False,False,False,True,4.0
2025/26,215379,55,57,180,3332,4,5,10,50,0,0,0,8,0,0,16,795,915.2,961.5,310.0,219.0,106,306,103,515,37,2.94,4.79,7.73,53.65,481,481,Anderson,Man City,MID,6.5,5.5,5.7,0.20000000000000018,31.57894736842105,4.861944777911164,87.6842105263158,9,0.10804321728691475,0.13505402160864344,0.07941176470588235,0.12938175270108043,0.20879351740696278,0.0,0.2631578947368421,0.432172869147659,107.0,42.0,2726.0,1018.0,2.0,0.0,6.0,2.0,13.0,5.0,8.0,3.0,3.532648569332355,3.713163064833006,0.0673514306676449,0.14410609037328093,0.11588407923697726,0.11051080550098231,False,False,False,True,5.0
2018/19,209046,45,42,18,388,0,1,2,5,0,0,0,0,0,0,1,83,89.2,143.2,133.0,36.2,0,0,0,0,0,0.0,0.0,0.0,0.0,482,482,Hudson-Odoi,Nott'm Forest,MID,6.0,4.5,4.2,-0.2999999999999998,4.285714285714286,4.175257731958763,10.210526315789474,1,0.0,0.23195876288659795,0.0,0.0,0.0,0.0,0.05263157894736842,0.23195876288659795,2.0,,27.0,,0.0,,0.0,,0.0,,0.0,,6.666666666666667,,0.0,,0.0,,False,False,False,True,
2019/20,209046,60,51,53,849,1,5,2,14,0,0,0,1,0,0,3,197,235.2,341.4,325.0,89.9,0,0,0,0,0,0.0,0.0,0.0,0.0,482,482,Hudson-Odoi,Nott'm Forest,MID,6.0,6.0,5.1,-0.9000000000000004,10.392156862745098,5.618374558303887,22.342105263157894,6,0.10600706713780919,0.5300353356890459,0.0,0.0,0.0,0.0,0.05263157894736842,0.31802120141342755,18.0,2.0,388.0,27.0,0.0,0.0,1.0,0.0,2.0,0.0,1.0,0.0,4.175257731958763,6.666666666666667,0.0,0.0,0.0,0.0,False,False,False,True,
2020/21,209046,60,57,59,1050,2,3,6,5,0,0,0,0,0,0,2,239,291.8,471.5,336.0,109.9,0,0,0,0,0,0.0,0.0,0.0,0.0,482,482,Hudson-Odoi,Nott'm Forest,MID,6.0,6.0,5.7,-0.2999999999999998,10.350877192982455,5.057142857142858,27.63157894736842,5,0.17142857142857143,0.2571428571428572,0.0,0.0,0.0,0.0,0.15789473684210525,0.17142857142857143,53.0,18.0,849.0,388.0,1.0,0.0,5.0,1.0,2.0,2.0,3.0,1.0,5.618374558303887,4.175257731958763,0.0,0.0,0.0,0.0,False,False,False,True,
2021/22,209046,55,53,49,958,1,4,6,8,0,0,0,1,0,0,1,163,175.4,326.9,326.0,82.7,0,0,0,0,0,0.0,0.0,0.0,0.0,482,482,Hudson-Odoi,Nott'm Forest,MID,6.0,5.5,5.3,-0.20000000000000018,9.245283018867925,4.603340292275575,25.210526315789473,5,0.09394572025052192,0.3757828810020877,0.0,0.0,0.0,0.0,0.15789473684210525,0.09394572025052192,59.0,53.0,1050.0,849.0,2.0,1.0,3.0,5.0,6.0,2.0,2.0,3.0,5.057142857142858,5.618374558303887,0.0,0.0,0.0,0.0,False,False,False,True,1.0
2022/23,209046,55,53,0,0,0,0,0,0,0,0,0,0,0,0,0,0,0.0,0.0,0.0,0.0,0,0,0,0,0,0.0,0.0,0.0,0.0,482,482,Hudson-Odoi,Nott'm Forest,MID,6.0,5.5,5.3,-0.20000000000000018,0.0,0.0,0.0,0,0.0,0.0,0.0,0.0,0.0,0.0,0.0,0.0,49.0,59.0,958.0,1050.0,1.0,2.0,4.0,3.0,6.0,6.0,1.0,2.0,4.603340292275575,5.057142857142858,0.0,0.0,0.0,0.0,False,False,False,True,2.0
2023/24,209046,50,47,109,1846,8,2,2,41,0,0,0,0,0,0,14,371,489.0,514.2,444.0,145.0,0,0,0,0,20,2.65,2.02,4.67,28.38,482,482,Hudson-Odoi,Nott'm Forest,MID,6.0,5.0,4.7,-0.2999999999999998,23.19148936170213,5.314192849404116,48.578947368421055,10,0.390032502708559,0.09750812567713975,0.12919826652221017,0.09848320693391115,0.22768147345612133,0.0,0.05263157894736842,0.6825568797399783,0.0,49.0,0.0,958.0,0.0,1.0,0.0,4.0,0.0,6.0,0.0,1.0,0.0,4.603340292275575,0.0,0.0,0.0,0.0,False,False,False,True,3.0
2024/25,209046,55,51,103,2190,5,3,11,23,0,0,0,2,0,0,7,454,445.6,663.9,405.0,151.0,0,0,0,139,25,2.52,2.54,5.06,27.79,482,482,Hudson-Odoi,Nott'm Forest,MID,6.0,5.5,5.1,-0.40000000000000036,20.196078431372552,4.232876712328768,57.63157894736842,8,0.20547945205479454,0.12328767123287672,0.10356164383561645,0.10438356164383562,0.20794520547945206,0.0,0.2894736842105263,0.28767123287671237,109.0,0.0,1846.0,0.0,8.0,0.0,2.0,0.0,2.0,0.0,14.0,0.0,5.314192849404116,0.0,0.12919826652221017,0.0,0.09848320693391115,0.0,False,False,False,True,4.0
2025/26,209046,60,57,88,1838,3,4,6,26,0,0,0,0,0,0,8,358,366.6,611.7,330.0,130.6,24,68,14,106,21,2.77,3.02,5.79,30.88,482,482,Hudson-Odoi,Nott'm Forest,MID,6.0,6.0,5.7,-0.2999999999999998,15.43859649122807,4.309031556039173,48.36842105263158,7,0.14689880304679,0.19586507072905332,0.13563656147986944,0.14787812840043527,0.2835146898803047,0.0,0.15789473684210525,0.39173014145810664,103.0,109.0,2190.0,1846.0,5.0,8.0,3.0,2.0,11.0,2.0,7.0,14.0,4.232876712328768,5.314192849404116,0.10356164383561645,0.12919826652221017,0.10438356164383562,0.09848320693391115,False,False,False,True,5.0
2022/23,503301,45,42,1,22,0,0,0,0,0,0,0,0,0,0,0,2,1.0,1.8,4.0,0.7,0,0,0,0,0,0.0,0.02,0.02,0.63,484,484,Hutchinson,Nott'm Forest,MID,5.5,4.5,4.2,-0.2999999999999998,0.23809523809523808,4.090909090909091,0.5789473684210527,0,0.0,0.0,0.0,0.08181818181818182,0.08181818181818182,0.0,0.0,0.0,0.0,,0.0,,0.0,,0.0,,0.0,,0.0,,0.0,,0.0,,0.0,,False,False,False,True,2.0
2024/25,503301,55,52,88,2585,3,3,3,61,0,0,0,5,0,0,6,352,383.2,487.5,443.0,131.5,0,0,0,162,30,2.93,2.46,5.39,51.04,484,484,Hutchinson,Nott'm Forest,MID,5.5,5.5,5.2,-0.2999999999999998,16.923076923076923,3.0638297872340425,68.02631578947368,6,0.10444874274661509,0.10444874274661509,0.10201160541586074,0.08564796905222437,0.1876595744680851,0.0,0.07894736842105263,0.20889748549323017,1.0,0.0,22.0,0.0,0.0,0.0,0.0,0.0,0.0,0.0,0.0,0.0,4.090909090909091,0.0,0.0,0.0,0.08181818181818182,0.0,False,False,False,True,4.0
2025/26,503301,55,54,82,1676,1,7,6,24,0,0,0,1,0,0,3,329,333.6,527.1,356.0,121.6,20,87,22,129,17,2.01,3.87,5.88,24.42,484,484,Hutchinson,Nott'm Forest,MID,5.5,5.5,5.4,-0.09999999999999964,15.185185185185183,4.403341288782816,44.10526315789474,8,0.05369928400954654,0.37589498806682575,0.10793556085918853,0.2078162291169451,0.3157517899761336,0.0,0.15789473684210525,0.1610978520286396,88.0,1.0,2585.0,22.0,3.0,0.0,3.0,0.0,3.0,0.0,6.0,0.0,3.0638297872340425,4.090909090909091,0.10201160541586074,0.0,0.08564796905222437,0.08181818181818182,False,False,False,True,5.0
2022/23,432714,45,45,0,0,0,0,0,0,0,0,0,0,0,0,0,0,0.0,0.0,0.0,0.0,0,0,0,0,0,0.0,0.0,0.0,0.0,486,486,McAtee,Nott'm Forest,MID,5.5,4.5,4.5,0.0,0.0,0.0,0.0,0,0.0,0.0,0.0,0.0,0.0,0.0,0.0,0.0,2.0,,18.0,,0.0,,0.0,,0.0,,0.0,,10.0,,0.0,,0.0,,False,False,False,True,2.0
2023/24,432714,45,44,77,1815,3,4,2,65,0,0,0,2,0,0,0,259,333.8,394.4,333.0,106.0,0,0,0,0,20,2.98,2.16,5.14,39.34,486,486,McAtee,Nott'm Forest,MID,5.5,4.5,4.4,-0.09999999999999964,17.5,3.818181818181818,47.76315789473684,7,0.1487603305785124,0.1983471074380165,0.1477685950413223,0.10710743801652893,0.2548760330578512,0.0,0.05263157894736842,0.0,0.0,2.0,0.0,18.0,0.0,0.0,0.0,0.0,0.0,0.0,0.0,0.0,0.0,10.0,0.0,0.0,0.0,0.0,False,False,False,True,3.0
2024/25,432714,50,46,31,340,3,0,0,6,0,0,0,1,0,0,0,102,113.0,64.6,136.0,30.7,0,0,0,16,3,2.8,0.8,3.6,5.25,486,486,McAtee,Nott'm Forest,MID,5.5,5.0,4.6,-0.40000000000000036,6.739130434782609,8.205882352941178,8.947368421052632,3,0.7941176470588236,0.0,0.7411764705882352,0.21176470588235297,0.9529411764705883,0.0,0.0,0.0,77.0,0.0,1815.0,0.0,3.0,0.0,4.0,0.0,2.0,0.0,0.0,0.0,3.818181818181818,0.0,0.1477685950413223,0.0,0.10710743801652893,0.0,False,False,False,True,4.0
2025/26,432714,55,50,17,288,0,1,0,9,0,0,0,1,0,0,0,60,51.6,82.0,39.0,17.3,7,18,7,32,2,0.18,0.37,0.55,7.34,486,486,McAtee,Nott'm Forest,MID,5.5,5.5,5.0,-0.5,3.4,5.3125,7.578947368421052,1,0.0,0.3125,0.056249999999999994,0.11562499999999999,0.171875,0.0,0.0,0.0,31.0,77.0,340.0,1815.0,3.0,3.0,0.0,4.0,0.0,2.0,0.0,0.0,8.205882352941178,3.818181818181818,0.7411764705882352,0.1477685950413223,0.21176470588235297,0.10710743801652893,False,False,False,True,5.0
2024/25,250199,50,48,54,1954,0,1,7,27,0,0,0,9,0,0,0,292,410.2,247.2,237.0,89.4,0,0,0,293,23,1.58,1.58,3.16,31.9,487,487,Dominguez,Nott'm Forest,MID,5.0,5.0,4.8,-0.20000000000000018,11.25,2.487205731832139,51.421052631578945,1,0.0,0.04605936540429887,0.07277379733879222,0.07277379733879222,0.14554759467758444,0.0,0.18421052631578946,0.0,67.0,,1489.0,,2.0,,2.0,,6.0,,6.0,,4.049697783747481,,0.07857622565480188,,0.06890530557421087,,False,False,False,True,4.0
2025/26,250199,50,50,48,1168,1,1,3,20,0,0,0,3,0,0,3,229,264.8,193.5,138.0,59.7,29,58,56,143,17,1.47,0.77,2.24,23.21,487,487,Dominguez,Nott'm Forest,MID,5.0,5.0,5.0,0.0,9.6,3.6986301369863015,30.736842105263158,2,0.07705479452054795,0.07705479452054795,0.11327054794520548,0.05933219178082192,0.1726027397260274,0.0,0.07894736842105263,0.23116438356164384,54.0,67.0,1954.0,1489.0,0.0,2.0,1.0,2.0,7.0,6.0,0.0,6.0,2.487205731832139,4.049697783747481,0.07277379733879222,0.07857622565480188,0.07277379733879222,0.06890530557421087,False,False,False,True,5.0
2024/25,210462,45,43,20,584,0,1,2,6,0,0,0,3,0,0,0,107,130.6,80.3,21.0,23.2,0,0,0,93,7,0.02,0.21,0.23,8.41,488,488,Sangaré,Nott'm Forest,MID,5.0,4.5,4.3,-0.20000000000000018,4.651162790697675,3.0821917808219177,15.368421052631579,1,0.0,0.1541095890410959,0.0030821917808219177,0.032363013698630136,0.035445205479452055,0.0,0.05263157894736842,0.0,25.0,,1031.0,,0.0,,0.0,,4.0,,0.0,,2.1823472356935016,,0.05848690591658584,,0.03491755577109602,,False,False,False,True,4.0
2025/26,210462,50,49,89,2073,2,2,8,26,0,0,0,5,0,0,2,366,434.4,205.9,126.0,76.8,95,114,58,267,25,1.16,1.8,2.96,33.17,488,488,Sangaré,Nott'm Forest,MID,5.0,5.0,4.9,-0.09999999999999964,18.163265306122447,3.8639652677279304,54.55263157894737,4,0.08683068017366136,0.08683068017366136,0.05036179450072358,0.07814761215629522,0.1285094066570188,0.0,0.21052631578947367,0.08683068017366136,20.0,25.0,584.0,1031.0,0.0,0.0,1.0,0.0,2.0,4.0,0.0,0.0,3.0821917808219177,2.1823472356935016,0.0030821917808219177,0.05848690591658584,0.032363013698630136,0.03491755577109602,False,False,False,True,5.0
2023/24,204968,50,48,59,1979,1,1,1,38,0,0,0,6,0,0,1,235,330.4,133.8,258.0,72.1,0,0,0,0,21,2.78,0.59,3.37,31.96,489,489,Yates,Nott'm Forest,MID,4.5,5.0,4.8,-0.20000000000000018,12.291666666666668,2.683173319858515,52.078947368421055,2,0.045477513895907026,0.045477513895907026,0.12642748863062153,0.026831733198585145,0.15325922182920668,0.0,0.02631578947368421,0.045477513895907026,53.0,,1833.0,,0.0,,3.0,,5.0,,0.0,,2.602291325695581,,0.09770867430441899,,0.021112929623567922,,False,False,False,True,3.0
2024/25,204968,50,48,67,1901,2,2,6,27,0,0,0,10,0,0,3,306,344.4,241.1,265.0,85.4,0,0,0,242,18,2.41,0.47,2.88,27.84,489,489,Yates,Nott'm Forest,MID,4.5,5.0,4.8,-0.20000000000000018,13.958333333333334,3.1720147290899523,50.026315789473685,4,0.09468700683850605,0.09468700683850605,0.11409784324039979,0.02225144660704892,0.1363492898474487,0.0,0.15789473684210525,0.14203051025775906,59.0,53.0,1979.0,1833.0,1.0,0.0,1.0,3.0,1.0,5.0,1.0,0.0,2.683173319858515,2.602291325695581,0.12642748863062153,0.09770867430441899,0.026831733198585145,0.021112929623567922,False,False,False,True,4.0
2025/26,204968,50,47,30,602,0,2,0,7,0,0,0,3,0,0,0,123,139.0,79.7,55.0,27.2,35,18,16,69,2,0.49,0.37,0.86,8.56,489,489,Yates,Nott'm Forest,MID,4.5,5.0,4.7,-0.2999999999999998,6.382978723404255,4.485049833887043,15.842105263157896,2,0.0,0.29900332225913623,0.07325581395348837,0.0553156146179402,0.12857142857142856,0.0,0.0,0.0,67.0,59.0,1901.0,1979.0,2.0,1.0,2.0,1.0,6.0,1.0,3.0,1.0,3.1720147290899523,2.683173319858515,0.11409784324039979,0.12642748863062153,0.02225144660704892,0.026831733198585145,False,False,False,True,5.0
2010/11,60689,45,41,1,9,0,0,0,0,0,0,0,0,0,0,0,0,0.0,0.0,0.0,0.0,0,0,0,0,0,0.0,0.0,0.0,0.0,490,490,Wood,Nott'm Forest,FWD,6.0,4.5,4.1,-0.40000000000000036,0.24390243902439027,10.0,0.23684210526315788,0,0.0,0.0,0.0,0.0,0.0,0.0,0.0,0.0,2.0,,17.0,,0.0,,0.0,,0.0,,0.0,,10.588235294117647,,0.0,,0.0,,False,True,False,False,
2014/15,60689,45,43,11,114,1,0,0,3,0,0,0,0,0,0,0,26,0.0,0.0,0.0,0.0,0,0,0,0,0,0.0,0.0,0.0,0.0,490,490,Wood,Nott'm Forest,FWD,6.0,4.5,4.3,-0.20000000000000018,2.558139534883721,8.68421052631579,3.0,1,0.7894736842105263,0.0,0.0,0.0,0.0,0.0,0.0,0.0,1.0,2.0,9.0,17.0,0.0,0.0,0.0,0.0,0.0,0.0,0.0,0.0,10.0,10.588235294117647,0.0,0.0,0.0,0.0,False,True,False,False,
2017/18,60689,65,62,104,1621,10,1,10,11,0,0,0,1,0,0,20,314,442.0,203.5,692.0,133.8,0,0,0,0,0,0.0,0.0,0.0,0.0,490,490,Wood,Nott'm Forest,FWD,6.0,6.5,6.2,-0.2999999999999998,16.774193548387096,5.774213448488586,42.6578947368421,11,0.555212831585441,0.055521283158544106,0.0,0.0,0.0,0.0,0.2631578947368421,1.110425663170882,11.0,1.0,114.0,9.0,1.0,0.0,0.0,0.0,0.0,0.0,0.0,0.0,8.68421052631579,10.0,0.0,0.0,0.0,0.0,False,True,False,False,
2018/19,60689,65,63,131,2580,10,3,7,49,0,0,0,2,0,0,17,379,475.8,310.3,911.0,167.9,0,0,0,0,0,0.0,0.0,0.0,0.0,490,490,Wood,Nott'm Forest,FWD,6.0,6.5,6.3,-0.20000000000000018,20.793650793650794,4.569767441860465,67.89473684210526,13,0.3488372093023256,0.10465116279069767,0.0,0.0,0.0,0.0,0.18421052631578946,0.5930232558139534,104.0,11.0,1621.0,114.0,10.0,1.0,1.0,0.0,10.0,0.0,20.0,0.0,5.774213448488586,8.68421052631579,0.0,0.0,0.0,0.0,False,True,False,False,
2019/20,60689,65,62,136,2436,14,1,11,33,1,0,0,1,0,0,21,384,552.2,299.6,1070.0,190.8,0,0,0,0,0,0.0,0.0,0.0,0.0,490,490,Wood,Nott'm Forest,FWD,6.0,6.5,6.2,-0.2999999999999998,21.93548387096774,5.024630541871921,64.10526315789474,15,0.5172413793103449,0.03694581280788178,0.0,0.0,0.0,0.0,0.2894736842105263,0.7758620689655172,131.0,104.0,2580.0,1621.0,10.0,10.0,3.0,1.0,7.0,10.0,17.0,20.0,4.569767441860465,5.774213448488586,0.0,0.0,0.0,0.0,False,True,False,False,
2020/21,60689,65,66,138,2741,12,3,9,43,0,0,0,0,0,0,16,395,595.8,323.2,1129.0,204.0,0,0,0,0,0,0.0,0.0,0.0,0.0,490,490,Wood,Nott'm Forest,FWD,6.0,6.5,6.6,0.09999999999999964,20.90909090909091,4.531192995257205,72.13157894736842,15,0.3940167821962787,0.09850419554906968,0.0,0.0,0.0,0.0,0.23684210526315788,0.5253557095950383,136.0,131.0,2436.0,2580.0,14.0,10.0,1.0,3.0,11.0,7.0,21.0,17.0,5.024630541871921,4.569767441860465,0.0,0.0,0.0,0.0,False,True,False,False,
2021/22,60689,70,63,91,2694,5,0,6,41,0,0,0,1,0,0,8,228,274.8,265.4,784.0,130.5,0,0,0,0,0,0.0,0.0,0.0,0.0,490,490,Wood,Nott'm Forest,FWD,6.0,7.0,6.3,-0.7000000000000002,14.444444444444445,3.0400890868596884,70.89473684210526,5,0.16703786191536749,0.0,0.0,0.0,0.0,0.0,0.15789473684210525,0.26726057906458794,138.0,136.0,2741.0,2436.0,12.0,14.0,3.0,1.0,9.0,11.0,16.0,21.0,4.531192995257205,5.024630541871921,0.0,0.0,0.0,0.0,False,True,False,False,1.0
2022/23,60689,60,56,53,807,3,0,4,9,0,0,0,0,0,0,7,163,145.2,82.1,169.0,39.3,0,0,0,0,9,2.71,0.37,3.08,11.8,490,490,Wood,Nott'm Forest,FWD,6.0,6.0,5.6,-0.40000000000000036,9.464285714285715,5.910780669144981,21.236842105263158,3,0.3345724907063197,0.0,0.30223048327137547,0.041263940520446095,0.34349442379182155,0.0,0.10526315789473684,0.7806691449814126,91.0,138.0,2694.0,2741.0,5.0,12.0,0.0,3.0,6.0,9.0,8.0,16.0,3.0400890868596884,4.531192995257205,0.0,0.0,0.0,0.0,False,True,False,False,2.0
2023/24,60689,50,47,131,1801,14,1,2,34,0,0,0,0,0,0,22,456,598.2,281.1,795.0,167.4,0,0,0,0,20,11.71,0.92,12.63,27.19,490,490,Wood,Nott'm Forest,FWD,6.0,5.0,4.7,-0.2999999999999998,27.872340425531913,6.546363131593559,47.39473684210526,15,0.699611327040533,0.04997223764575236,0.5851749028317601,0.04597445863409217,0.6311493614658523,0.0,0.05263157894736842,1.0993892282065518,53.0,91.0,807.0,2694.0,3.0,5.0,0.0,0.0,4.0,6.0,7.0,8.0,5.910780669144981,3.0400890868596884,0.30223048327137547,0.0,0.041263940520446095,0.0,False,True,False,False,3.0
2024/25,60689,60,72,200,2958,20,3,15,37,0,0,0,1,0,0,41,744,838.4,320.0,900.0,205.6,0,0,0,96,35,13.42,1.59,15.01,40.64,490,490,Wood,Nott'm Forest,FWD,6.0,6.0,7.2,1.2000000000000002,27.77777777777778,6.085192697768763,77.84210526315789,23,0.6085192697768762,0.09127789046653144,0.40831643002028395,0.048377281947261666,0.4566937119675456,0.0,0.39473684210526316,1.2474645030425964,131.0,53.0,1801.0,807.0,14.0,3.0,1.0,0.0,2.0,4.0,22.0,7.0,6.546363131593559,5.910780669144981,0.5851749028317601,0.30223048327137547,0.04597445863409217,0.041263940520446095,False,True,False,False,4.0
2025/26,60689,75,71,41,896,3,0,2,14,0,0,0,0,0,0,4,145,139.0,88.4,266.0,48.0,14,14,1,29,11,4.29,0.32,4.61,14.44,490,490,Wood,Nott'm Forest,FWD,6.0,7.5,7.1,-0.40000000000000036,5.774647887323944,4.118303571428571,23.57894736842105,3,0.3013392857142857,0.0,0.4309151785714286,0.03214285714285714,0.4630580357142857,0.0,0.05263157894736842,0.4017857142857143,200.0,131.0,2958.0,1801.0,20.0,14.0,3.0,1.0,15.0,2.0,41.0,22.0,6.085192697768763,6.546363131593559,0.40831643002028395,0.5851749028317601,0.048377281947261666,0.04597445863409217,False,True,False,False,5.0
2023/24,210156,65,63,67,1036,6,3,3,21,0,0,0,2,0,0,5,247,303.2,134.4,308.0,74.2,0,0,0,0,12,4.85,0.9,5.75,15.61,492,492,Awoniyi,Nott'm Forest,FWD,5.5,6.5,6.3,-0.20000000000000018,10.634920634920634,5.82046332046332,27.263157894736842,9,0.5212355212355212,0.2606177606177606,0.4213320463320463,0.07818532818532818,0.49951737451737455,0.0,0.07894736842105263,0.4343629343629344,100.0,,1395.0,,10.0,,1.0,,5.0,,16.0,,6.451612903225806,,0.44258064516129036,,0.018709677419354837,,False,True,False,False,3.0
2024/25,210156,60,55,32,398,1,0,1,10,0,0,0,0,0,0,0,89,67.0,40.9,118.0,21.9,0,0,0,31,3,2.15,0.12,2.27,6.65,492,492,Awoniyi,Nott'm Forest,FWD,5.5,6.0,5.5,-0.5,5.818181818181818,7.236180904522612,10.473684210526315,1,0.22613065326633164,0.0,0.48618090452261303,0.027135678391959798,0.5133165829145728,0.0,0.02631578947368421,0.0,67.0,100.0,1036.0,1395.0,6.0,10.0,3.0,1.0,3.0,5.0,5.0,16.0,5.82046332046332,6.451612903225806,0.4213320463320463,0.44258064516129036,0.07818532818532818,0.018709677419354837,False,True,False,False,4.0
2025/26,210156,55,52,43,480,4,2,1,4,0,0,0,2,0,0,4,170,177.2,79.0,235.0,48.4,6,18,2,26,3,3.68,0.77,4.45,10.35,492,492,Awoniyi,Nott'm Forest,FWD,5.5,5.5,5.2,-0.2999999999999998,8.269230769230768,8.0625,12.631578947368421,6,0.75,0.375,0.6900000000000001,0.144375,0.8343750000000001,0.0,0.02631578947368421,0.75,32.0,67.0,398.0,1036.0,1.0,6.0,0.0,3.0,1.0,3.0,0.0,5.0,7.236180904522612,5.82046332046332,0.48618090452261303,0.4213320463320463,0.027135678391959798,0.07818532818532818,False,True,False,False,5.0
2024/25,184254,50,48,66,2160,0,0,4,37,0,0,0,1,0,68,2,293,587.8,0.0,0.0,58.5,0,0,0,0,24,0.0,0.0,0.0,33.6,494,494,Vicario,Spurs,GKP,4.5,5.0,4.8,-0.20000000000000018,13.75,2.75,56.8421052631579,0,0.0,0.0,0.0,0.0,0.0,2.8333333333333335,0.10526315789473684,0.08333333333333333,112.0,,3420.0,,0.0,,0.0,,7.0,,9.0,,2.9473684210526314,,0.0,,0.0,,False,False,True,False,4.0
2025/26,184254,50,47,90,2790,0,0,7,50,0,0,0,1,0,83,6,412,709.2,10.1,0.0,72.2,35,247,1,0,31,0.0,0.04,0.04,46.21,494,494,Vicario,Spurs,GKP,4.5,5.0,4.7,-0.2999999999999998,19.148936170212764,2.903225806451613,73.42105263157895,0,0.0,0.0,0.0,0.0012903225806451613,0.0012903225806451613,2.6774193548387095,0.18421052631578946,0.1935483870967742,66.0,112.0,2160.0,3420.0,0.0,0.0,0.0,0.0,4.0,7.0,2.0,9.0,2.75,2.9473684210526314,0.0,0.0,0.0,0.0,False,False,True,False,5.0
2021/22,214572,40,40,0,0,0,0,0,0,0,0,0,0,0,0,0,0,0.0,0.0,0.0,0.0,0,0,0,0,0,0.0,0.0,0.0,0.0,495,495,Austin,Spurs,GKP,4.0,4.0,4.0,0.0,0.0,0.0,0.0,0,0.0,0.0,0.0,0.0,0.0,0.0,0.0,0.0,0.0,,0.0,,0.0,,0.0,,0.0,,0.0,,0.0,,0.0,,0.0,,False,False,True,False,1.0
2022/23,214572,40,39,0,0,0,0,0,0,0,0,0,0,0,0,0,0,0.0,0.0,0.0,0.0,0,0,0,0,0,0.0,0.0,0.0,0.0,495,495,Austin,Spurs,GKP,4.0,4.0,3.9,-0.10000000000000009,0.0,0.0,0.0,0,0.0,0.0,0.0,0.0,0.0,0.0,0.0,0.0,0.0,0.0,0.0,0.0,0.0,0.0,0.0,0.0,0.0,0.0,0.0,0.0,0.0,0.0,0.0,0.0,0.0,0.0,False,False,True,False,2.0
2023/24,214572,40,39,0,0,0,0,0,0,0,0,0,0,0,0,0,0,0.0,0.0,0.0,0.0,0,0,0,0,0,0.0,0.0,0.0,0.0,495,495,Austin,Spurs,GKP,4.0,4.0,3.9,-0.10000000000000009,0.0,0.0,0.0,0,0.0,0.0,0.0,0.0,0.0,0.0,0.0,0.0,0.0,0.0,0.0,0.0,0.0,0.0,0.0,0.0,0.0,0.0,0.0,0.0,0.0,0.0,0.0,0.0,0.0,0.0,False,False,True,False,3.0
2024/25,214572,40,40,1,90,0,0,0,2,0,0,0,0,0,2,0,7,20.0,0.0,0.0,2.0,0,0,0,0,1,0.0,0.0,0.0,2.53,495,495,Austin,Spurs,GKP,4.0,4.0,4.0,0.0,0.25,1.0,2.3684210526315788,0,0.0,0.0,0.0,0.0,0.0,2.0,0.0,0.0,0.0,0.0,0.0,0.0,0.0,0.0,0.0,0.0,0.0,0.0,0.0,0.0,0.0,0.0,0.0,0.0,0.0,0.0,False,False,True,False,4.0
2025/26,214572,40,39,0,0,0,0,0,0,0,0,0,0,0,0,0,0,0.0,0.0,0.0,0.0,0,0,0,0,0,0.0,0.0,0.0,0.0,495,495,Austin,Spurs,GKP,4.0,4.0,3.9,-0.10000000000000009,0.0,0.0,0.0,0,0.0,0.0,0.0,0.0,0.0,0.0,0.0,0.0,1.0,0.0,90.0,0.0,0.0,0.0,0.0,0.0,0.0,0.0,0.0,0.0,1.0,0.0,0.0,0.0,0.0,0.0,False,False,True,False,5.0
2025/26,485055,40,39,20,630,0,0,2,7,0,0,0,1,0,10,0,76,102.6,0.0,0.0,10.3,10,33,0,0,7,0.0,0.0,0.0,5.55,496,496,Kinsky,Spurs,GKP,4.5,4.0,3.9,-0.10000000000000009,5.128205128205129,2.857142857142857,16.57894736842105,0,0.0,0.0,0.0,0.0,0.0,1.4285714285714286,0.05263157894736842,0.0,17.0,,540.0,,0.0,,0.0,,1.0,,0.0,,2.8333333333333335,,0.0,,0.0016666666666666668,,False,False,True,False,5.0
2018/19,67089,50,50,131,3420,0,0,11,48,0,0,0,1,0,96,10,647,783.6,0.0,0.0,78.4,0,0,0,0,0,0.0,0.0,0.0,0.0,497,497,Dubravka,Spurs,GKP,4.0,5.0,5.0,0.0,26.2,3.4473684210526314,90.0,0,0.0,0.0,0.0,0.0,0.0,2.526315789473684,0.2894736842105263,0.2631578947368421,53.0,,1080.0,,0.0,,0.0,,4.0,,5.0,,4.416666666666667,,0.0,,0.0,,False,False,True,False,
2019/20,67089,50,51,143,3420,0,0,11,58,0,0,0,0,0,139,7,719,1019.0,0.0,0.0,102.0,0,0,0,0,0,0.0,0.0,0.0,0.0,497,497,Dubravka,Spurs,GKP,4.0,5.0,5.1,0.09999999999999964,28.039215686274513,3.763157894736842,90.0,0,0.0,0.0,0.0,0.0,0.0,3.6578947368421053,0.2894736842105263,0.18421052631578946,131.0,53.0,3420.0,1080.0,0.0,0.0,0.0,0.0,11.0,4.0,10.0,5.0,3.4473684210526314,4.416666666666667,0.0,0.0,0.0,0.0,False,False,True,False,
2020/21,67089,50,48,48,1170,0,0,3,19,0,0,0,0,0,45,6,255,346.8,0.0,0.0,34.6,0,0,0,0,0,0.0,0.0,0.0,0.0,497,497,Dubravka,Spurs,GKP,4.0,5.0,4.8,-0.20000000000000018,10.0,3.6923076923076925,30.789473684210527,0,0.0,0.0,0.0,0.0,0.0,3.4615384615384617,0.07894736842105263,0.46153846153846156,143.0,131.0,3420.0,3420.0,0.0,0.0,0.0,0.0,11.0,11.0,7.0,10.0,3.763157894736842,3.4473684210526314,0.0,0.0,0.0,0.0,False,False,True,False,
2021/22,67089,45,44,96,2340,0,0,8,35,0,0,0,1,0,73,9,465,590.8,20.0,0.0,61.1,0,0,0,0,0,0.0,0.0,0.0,0.0,497,497,Dubravka,Spurs,GKP,4.0,4.5,4.4,-0.09999999999999964,21.818181818181817,3.6923076923076925,61.578947368421055,0,0.0,0.0,0.0,0.0,0.0,2.8076923076923075,0.21052631578947367,0.34615384615384615,48.0,143.0,1170.0,3420.0,0.0,0.0,0.0,0.0,3.0,11.0,6.0,7.0,3.6923076923076925,3.763157894736842,0.0,0.0,0.0,0.0,False,False,True,False,1.0
2022/23,67089,45,41,11,156,0,0,1,1,0,0,0,0,0,10,1,49,54.0,0.0,0.0,5.4,0,0,0,0,1,0.0,0.0,0.0,3.33,497,497,Dubravka,Spurs,GKP,4.0,4.5,4.1,-0.40000000000000036,2.682926829268293,6.346153846153846,4.105263157894737,0,0.0,0.0,0.0,0.0,0.0,5.769230769230769,0.02631578947368421,0.5769230769230769,96.0,48.0,2340.0,1170.0,0.0,0.0,0.0,0.0,8.0,3.0,9.0,6.0,3.6923076923076925,3.6923076923076925,0.0,0.0,0.0,0.0,False,False,True,False,2.0
2023/24,67089,40,43,75,1984,0,0,4,42,0,1,0,1,0,88,3,426,661.0,10.0,0.0,67.2,0,0,0,0,22,0.0,0.0,0.0,44.34,497,497,Dubravka,Spurs,GKP,4.0,4.0,4.3,0.2999999999999998,17.441860465116278,3.402217741935484,52.21052631578947,0,0.0,0.0,0.0,0.0,0.0,3.991935483870968,0.10526315789473684,0.13608870967741934,11.0,96.0,156.0,2340.0,0.0,0.0,0.0,0.0,1.0,8.0,1.0,9.0,6.346153846153846,3.6923076923076925,0.0,0.0,0.0,0.0,False,False,True,False,3.0
2024/25,67089,45,40,44,900,0,0,5,12,0,0,0,0,0,29,2,160,220.2,0.0,0.0,22.0,0,0,0,0,10,0.0,0.0,0.0,11.19,497,497,Dubravka,Spurs,GKP,4.0,4.5,4.0,-0.5,11.0,4.4,23.68421052631579,0,0.0,0.0,0.0,0.0,0.0,2.9,0.13157894736842105,0.2,75.0,11.0,1984.0,156.0,0.0,0.0,0.0,0.0,4.0,1.0,3.0,1.0,3.402217741935484,6.346153846153846,0.0,0.0,0.0,0.0,False,False,True,False,4.0
2025/26,67089,40,40,96,3150,0,0,4,71,0,0,0,1,0,127,7,436,976.4,0.0,0.0,97.9,59,291,1,0,35,0.0,0.04,0.04,71.26,497,497,Dubravka,Spurs,GKP,4.0,4.0,4.0,0.0,24.0,2.742857142857143,82.89473684210526,0,0.0,0.0,0.0,0.001142857142857143,0.001142857142857143,3.6285714285714286,0.10526315789473684,0.2,44.0,75.0,900.0,1984.0,0.0,0.0,0.0,0.0,5.0,4.0,2.0,3.0,4.4,3.402217741935484,0.0,0.0,0.0,0.0,False,False,True,False,5.0
2023/24,221466,45,44,102,2239,4,5,6,44,0,0,0,13,0,0,13,486,735.0,311.2,147.0,119.7,0,0,0,0,26,1.98,2.27,4.25,40.83,498,498,Senesi,Spurs,DEF,6.0,4.5,4.4,-0.09999999999999964,23.18181818181818,4.1000446627958915,58.921052631578945,9,0.16078606520768202,0.20098258150960252,0.0795891022778026,0.09124609200535955,0.17083519428316213,0.0,0.15789473684210525,0.5225547119249665,69.0,,2489.0,,2.0,,0.0,,5.0,,5.0,,2.494977902772198,,0.06002410606669345,,0.012655685014061871,,True,False,False,False,3.0
2024/25,221466,50,46,31,1103,0,0,2,17,0,0,0,5,0,0,3,114,271.6,84.2,39.0,39.6,0,0,0,118,13,0.84,0.48,1.32,14.76,498,498,Senesi,Spurs,DEF,6.0,5.0,4.6,-0.40000000000000036,6.739130434782609,2.5294650951949227,29.026315789473685,0,0.0,0.0,0.06854034451495919,0.039165911151405254,0.10770625566636446,0.0,0.05263157894736842,0.24478694469628284,102.0,69.0,2239.0,2489.0,4.0,2.0,5.0,0.0,6.0,5.0,13.0,5.0,4.1000446627958915,2.494977902772198,0.0795891022778026,0.06002410606669345,0.09124609200535955,0.012655685014061871,True,False,False,False,4.0
2025/26,221466,45,52,175,3288,0,6,11,53,0,0,0,8,0,0,14,571,1114.4,367.8,201.0,168.6,357,155,62,419,37,1.53,4.72,6.25,54.77,498,498,Senesi,Spurs,DEF,6.0,4.5,5.2,0.7000000000000002,33.65384615384615,4.79014598540146,86.52631578947368,6,0.0,0.1642335766423358,0.04187956204379562,0.1291970802919708,0.17107664233576644,0.0,0.2894736842105263,0.3832116788321168,31.0,102.0,1103.0,2239.0,0.0,4.0,0.0,5.0,2.0,6.0,3.0,13.0,2.5294650951949227,4.1000446627958915,0.06854034451495919,0.0795891022778026,0.039165911151405254,0.09124609200535955,True,False,False,False,5.0
2023/24,441164,50,59,136,3090,3,8,7,54,0,0,0,3,0,0,20,720,839.0,877.4,365.0,208.5,0,0,0,0,35,2.92,6.18,9.1,58.42,499,499,Pedro Porro,Spurs,DEF,5.5,5.0,5.9,0.9000000000000004,23.050847457627118,3.961165048543689,81.3157894736842,11,0.08737864077669902,0.23300970873786406,0.08504854368932038,0.17999999999999997,0.26504854368932035,0.0,0.18421052631578946,0.5825242718446602,59.0,,1132.0,,3.0,,3.0,,2.0,,5.0,,4.690812720848057,,0.14390459363957597,,0.1820671378091873,,True,False,False,False,3.0
2024/25,441164,55,52,98,2606,2,6,6,47,0,0,0,5,0,0,6,456,778.4,932.9,200.0,191.2,0,0,0,192,28,1.63,4.71,6.34,49.37,499,499,Pedro Porro,Spurs,DEF,5.5,5.5,5.2,-0.2999999999999998,18.846153846153847,3.384497313891021,68.57894736842105,8,0.06907137375287797,0.20721412125863392,0.056293169608595546,0.16266308518802763,0.21895625479662317,0.0,0.15789473684210525,0.20721412125863392,136.0,59.0,3090.0,1132.0,3.0,3.0,8.0,3.0,7.0,2.0,20.0,5.0,3.961165048543689,4.690812720848057,0.08504854368932038,0.14390459363957597,0.17999999999999997,0.1820671378091873,True,False,False,False,4.0
2025/26,441164,55,52,117,2793,1,3,9,40,0,0,0,10,0,0,8,502,690.2,881.7,202.0,177.5,142,132,76,218,32,1.05,4.37,5.42,37.75,499,499,Pedro Porro,Spurs,DEF,5.5,5.5,5.2,-0.2999999999999998,22.5,3.7701396348012888,73.5,4,0.032223415682062294,0.09667024704618689,0.03383458646616541,0.14081632653061224,0.17465091299677765,0.0,0.23684210526315788,0.25778732545649835,98.0,136.0,2606.0,3090.0,2.0,3.0,6.0,8.0,6.0,7.0,6.0,20.0,3.384497313891021,3.961165048543689,0.056293169608595546,0.08504854368932038,0.16266308518802763,0.17999999999999997,True,False,False,False,5.0
2022/23,221632,50,49,66,2363,0,2,8,41,0,0,0,9,1,0,3,447,546.2,136.2,91.0,77.3,0,0,0,0,26,1.5,1.02,2.52,34.11,500,500,Romero,Spurs,DEF,5.0,5.0,4.9,-0.09999999999999964,13.46938775510204,2.5137537029200168,62.18421052631579,2,0.0,0.0761743546339399,0.057130765975454925,0.03884892086330935,0.09597968683876427,0.0,0.21052631578947367,0.11426153195090985,63.0,,1844.0,,1.0,,0.0,,5.0,,10.0,,3.074837310195228,,0.0,,0.0,,True,False,False,False,2.0
2023/24,221632,45,51,107,2790,5,0,7,46,1,0,0,7,1,0,15,591,841.8,161.9,252.0,125.9,0,0,0,0,33,3.25,1.41,4.66,52.55,500,500,Romero,Spurs,DEF,5.0,4.5,5.1,0.5999999999999996,20.980392156862745,3.4516129032258065,73.42105263157895,5,0.16129032258064516,0.0,0.10483870967741936,0.04548387096774193,0.1503225806451613,0.0,0.18421052631578946,0.4838709677419355,66.0,63.0,2363.0,1844.0,0.0,1.0,2.0,0.0,8.0,5.0,3.0,10.0,2.5137537029200168,3.074837310195228,0.057130765975454925,0.0,0.03884892086330935,0.0,True,False,False,False,3.0
2024/25,221632,50,49,49,1416,1,1,3,22,0,0,0,3,0,0,3,245,343.2,113.1,232.0,69.0,0,0,0,111,18,1.52,0.81,2.33,19.31,500,500,Romero,Spurs,DEF,5.0,5.0,4.9,-0.09999999999999964,10.0,3.1144067796610173,37.26315789473684,2,0.0635593220338983,0.0635593220338983,0.09661016949152543,0.051483050847457634,0.14809322033898306,0.0,0.07894736842105263,0.19067796610169493,107.0,66.0,2790.0,2363.0,5.0,0.0,0.0,2.0,7.0,8.0,15.0,3.0,3.4516129032258065,2.5137537029200168,0.10483870967741936,0.057130765975454925,0.04548387096774193,0.03884892086330935,True,False,False,False,4.0
2025/26,221632,50,50,91,1869,4,1,5,33,0,0,0,9,2,0,10,305,574.8,133.6,223.0,93.2,139,88,58,197,22,1.39,1.25,2.64,28.32,500,500,Romero,Spurs,DEF,5.0,5.0,5.0,0.0,18.2,4.382022471910113,49.18421052631579,5,0.1926163723916533,0.048154093097913325,0.06693418940609952,0.06019261637239166,0.12712680577849117,0.0,0.13157894736842105,0.48154093097913325,49.0,107.0,1416.0,2790.0,1.0,5.0,1.0,0.0,3.0,7.0,3.0,15.0,3.1144067796610173,3.4516129032258065,0.09661016949152543,0.10483870967741936,0.051483050847457634,0.04548387096774193,True,False,False,False,5.0
2024/25,135720,45,44,16,842,0,0,1,18,0,0,0,0,0,0,0,104,242.0,34.4,72.0,34.9,0,0,0,97,9,0.4,0.12,0.52,17.19,501,501,Danso,Spurs,DEF,5.0,4.5,4.4,-0.09999999999999964,3.6363636363636362,1.7102137767220902,22.157894736842106,0,0.0,0.0,0.04275534441805225,0.012826603325415676,0.05558194774346793,0.0,0.02631578947368421,0.0,9.0,,275.0,,0.0,,1.0,,1.0,,0.0,,2.9454545454545458,,0.0,,0.0,,True,False,False,False,4.0
2025/26,135720,45,42,63,1489,0,0,4,25,0,0,0,8,0,0,1,219,407.0,49.5,96.0,55.5,165,45,27,192,17,0.62,0.28,0.9,20.15,501,501,Danso,Spurs,DEF,5.0,4.5,4.2,-0.2999999999999998,15.0,3.8079247817327064,39.18421052631579,0,0.0,0.0,0.037474815312290126,0.016924110141034253,0.05439892545332438,0.0,0.10526315789473684,0.06044325050369376,16.0,9.0,842.0,275.0,0.0,0.0,0.0,1.0,1.0,1.0,0.0,0.0,1.7102137767220902,2.9454545454545458,0.04275534441805225,0.0,0.012826603325415676,0.0,True,False,False,False,5.0
2016/17,122798,45,44,73,2736,1,2,5,59,0,0,0,5,0,0,4,488,502.6,352.8,100.0,95.6,0,0,0,0,0,0.0,0.0,0.0,0.0,502,502,Robertson,Spurs,DEF,4.5,4.5,4.4,-0.09999999999999964,16.59090909090909,2.4013157894736845,72.0,3,0.03289473684210526,0.06578947368421052,0.0,0.0,0.0,0.0,0.13157894736842105,0.13157894736842105,45.0,,1526.0,,0.0,,2.0,,3.0,,4.0,,2.653997378768021,,0.0,,0.0,,True,False,False,False,
2017/18,122798,50,50,111,1940,1,5,10,18,0,0,0,2,0,0,12,514,424.0,414.5,174.0,101.3,0,0,0,0,0,0.0,0.0,0.0,0.0,502,502,Robertson,Spurs,DEF,4.5,5.0,5.0,0.0,22.2,5.149484536082474,51.05263157894737,6,0.04639175257731958,0.23195876288659792,0.0,0.0,0.0,0.0,0.2631578947368421,0.556701030927835,73.0,45.0,2736.0,1526.0,1.0,0.0,2.0,2.0,5.0,3.0,4.0,4.0,2.4013157894736845,2.653997378768021,0.0,0.0,0.0,0.0,True,False,False,False,
2018/19,122798,60,67,213,3216,0,12,21,20,0,0,0,4,0,0,29,906,748.8,767.2,318.0,183.6,0,0,0,0,0,0.0,0.0,0.0,0.0,502,502,Robertson,Spurs,DEF,4.5,6.0,6.7,0.7000000000000002,31.791044776119403,5.960820895522388,84.63157894736842,12,0.0,0.33582089552238803,0.0,0.0,0.0,0.0,0.5526315789473685,0.8115671641791045,111.0,73.0,1940.0,2736.0,1.0,1.0,5.0,2.0,10.0,5.0,12.0,4.0,5.149484536082474,2.4013157894736845,0.0,0.0,0.0,0.0,True,False,False,False,
2019/20,122798,70,70,181,3111,2,12,13,31,0,0,0,2,0,0,20,847,845.8,980.2,389.0,221.7,0,0,0,0,0,0.0,0.0,0.0,0.0,502,502,Robertson,Spurs,DEF,4.5,7.0,7.0,0.0,25.857142857142858,5.236258437801349,81.86842105263158,14,0.057859209257473475,0.34715525554484084,0.0,0.0,0.0,0.0,0.34210526315789475,0.5785920925747348,213.0,111.0,3216.0,1940.0,0.0,1.0,12.0,5.0,21.0,10.0,29.0,12.0,5.960820895522388,5.149484536082474,0.0,0.0,0.0,0.0,True,False,False,False,
2020/21,122798,70,73,161,3384,1,8,12,42,0,0,0,2,0,0,19,834,754.4,1129.3,359.0,224.5,0,0,0,0,0,0.0,0.0,0.0,0.0,502,502,Robertson,Spurs,DEF,4.5,7.0,7.3,0.2999999999999998,22.054794520547947,4.281914893617021,89.05263157894737,9,0.026595744680851064,0.2127659574468085,0.0,0.0,0.0,0.0,0.3157894736842105,0.5053191489361702,181.0,213.0,3111.0,3216.0,2.0,0.0,12.0,12.0,13.0,21.0,20.0,29.0,5.236258437801349,5.960820895522388,0.0,0.0,0.0,0.0,True,False,False,False,
2021/22,122798,70,73,186,2537,3,11,17,20,0,0,0,5,1,0,23,770,708.2,900.7,372.0,198.3,0,0,0,0,0,0.0,0.0,0.0,0.0,502,502,Robertson,Spurs,DEF,4.5,7.0,7.3,0.2999999999999998,25.47945205479452,6.598344501379582,66.76315789473684,14,0.10642491131257391,0.39022467481277096,0.0,0.0,0.0,0.0,0.4473684210526316,0.8159243200630666,161.0,181.0,3384.0,3111.0,1.0,2.0,8.0,12.0,12.0,13.0,19.0,20.0,4.281914893617021,5.236258437801349,0.0,0.0,0.0,0.0,True,False,False,False,1.0
2022/23,122798,70,68,121,2579,0,8,9,34,0,0,0,3,0,0,10,633,549.2,862.1,211.0,162.3,0,0,0,0,29,1.24,6.69,7.93,36.59,502,502,Robertson,Spurs,DEF,4.5,7.0,6.8,-0.20000000000000018,17.794117647058822,4.222566886390074,67.86842105263158,8,0.0,0.2791779759596743,0.04327258627374952,0.23346258239627765,0.2767351686700271,0.0,0.23684210526315788,0.34897246994959286,186.0,161.0,2537.0,3384.0,3.0,1.0,11.0,8.0,17.0,12.0,23.0,19.0,6.598344501379582,4.281914893617021,0.0,0.0,0.0,0.0,True,False,False,False,2.0
2023/24,122798,65,65,76,1689,3,2,3,22,0,0,0,2,0,0,8,463,552.2,936.1,230.0,171.9,0,0,0,0,18,1.9,4.4,6.3,22.83,502,502,Robertson,Spurs,DEF,4.5,6.5,6.5,0.0,11.692307692307692,4.049733570159858,44.44736842105263,5,0.15985790408525755,0.10657193605683837,0.10124333925399645,0.23445825932504444,0.33570159857904086,0.0,0.07894736842105263,0.4262877442273535,121.0,186.0,2579.0,2537.0,0.0,3.0,8.0,11.0,9.0,17.0,10.0,23.0,4.222566886390074,6.598344501379582,0.04327258627374952,0.0,0.23346258239627765,0.0,True,False,False,False,3.0
2024/25,122798,60,58,91,2479,0,1,10,32,1,0,0,3,1,0,4,397,395.4,668.7,182.0,124.4,0,0,0,106,29,1.12,4.27,5.39,26.9,502,502,Robertson,Spurs,DEF,4.5,6.0,5.8,-0.20000000000000018,15.689655172413794,3.3037515127067367,65.23684210526316,1,0.0,0.03630496167809601,0.04066155707946753,0.15502218636546994,0.19568374344493747,0.0,0.2631578947368421,0.14521984671238403,76.0,121.0,1689.0,2579.0,3.0,0.0,2.0,8.0,3.0,9.0,8.0,10.0,4.049733570159858,4.222566886390074,0.10124333925399645,0.04327258627374952,0.23445825932504444,0.23346258239627765,True,False,False,False,4.0
2025/26,122798,60,57,55,1165,1,0,4,16,0,0,0,0,0,0,4,216,239.8,318.8,121.0,68.2,43,40,12,55,11,1.1,1.4,2.49,17.44,502,502,Robertson,Spurs,DEF,4.5,6.0,5.7,-0.2999999999999998,9.649122807017543,4.24892703862661,30.657894736842106,1,0.07725321888412016,0.0,0.0849785407725322,0.10815450643776824,0.19236051502145923,0.0,0.10526315789473684,0.30901287553648066,91.0,76.0,2479.0,1689.0,0.0,3.0,1.0,2.0,10.0,3.0,4.0,8.0,3.3037515127067367,4.049733570159858,0.04066155707946753,0.10124333925399645,0.15502218636546994,0.23445825932504444,True,False,False,False,5.0
2024/25,491279,45,45,32,1014,0,2,2,17,0,0,0,4,0,0,2,139,212.0,39.4,57.0,30.9,0,0,0,66,12,0.54,0.7,1.24,13.28,503,503,Van de Ven,Spurs,DEF,5.0,4.5,4.5,0.0,7.111111111111111,2.8402366863905324,26.68421052631579,2,0.0,0.17751479289940827,0.04792899408284024,0.06213017751479289,0.11005917159763312,0.0,0.05263157894736842,0.17751479289940827,81.0,,2341.0,,3.0,,0.0,,5.0,,10.0,,3.114053823152499,,0.02345151644596326,,0.012686885946176847,,True,False,False,False,4.0
2025/26,491279,45,44,116,3041,4,1,9,50,0,0,0,9,1,0,10,431,683.4,95.2,218.0,99.6,174,121,38,212,35,2.82,0.38,3.2,42.99,503,503,Van de Ven,Spurs,DEF,5.0,4.5,4.4,-0.09999999999999964,26.36363636363636,3.433081223281815,80.02631578947368,5,0.1183821111476488,0.0295955277869122,0.08345938835909239,0.011246300559026635,0.09470568891811904,0.0,0.23684210526315788,0.29595527786912196,32.0,81.0,1014.0,2341.0,0.0,3.0,2.0,0.0,2.0,5.0,2.0,10.0,2.8402366863905324,3.114053823152499,0.04792899408284024,0.02345151644596326,0.06213017751479289,0.012686885946176847,True,False,False,False,5.0
2023/24,232859,40,40,0,0,0,0,0,0,0,0,0,0,0,0,0,0,0.0,0.0,0.0,0.0,0,0,0,0,0,0.0,0.0,0.0,0.0,505,505,Spence,Spurs,DEF,4.5,4.0,4.0,0.0,0.0,0.0,0.0,0,0.0,0.0,0.0,0.0,0.0,0.0,0.0,0.0,4.0,,5.0,,0.0,,0.0,,0.0,,0.0,,72.0,,1.08,,0.0,,True,False,False,False,3.0
2024/25,232859,45,44,51,1790,1,2,3,39,1,0,0,2,1,0,6,216,433.0,226.6,100.0,76.1,0,0,0,133,19,0.58,1.41,1.99,34.79,505,505,Spence,Spurs,DEF,4.5,4.5,4.4,-0.09999999999999964,11.59090909090909,2.564245810055866,47.10526315789474,3,0.05027932960893854,0.10055865921787709,0.029162011173184354,0.07089385474860335,0.10005586592178771,0.0,0.07894736842105263,0.3016759776536313,0.0,4.0,0.0,5.0,0.0,0.0,0.0,0.0,0.0,0.0,0.0,0.0,0.0,72.0,0.0,1.08,0.0,0.0,True,False,False,False,4.0
2025/26,232859,45,41,78,2049,0,0,9,31,0,0,0,4,0,0,3,271,291.0,209.7,207.0,70.5,72,112,44,116,23,0.9,1.77,2.67,31.42,505,505,Spence,Spurs,DEF,4.5,4.5,4.1,-0.40000000000000036,19.02439024390244,3.4260614934114204,53.921052631578945,0,0.0,0.0,0.03953147877013177,0.07774524158125916,0.11727672035139092,0.0,0.23684210526315788,0.13177159590043924,51.0,0.0,1790.0,0.0,1.0,0.0,2.0,0.0,3.0,0.0,6.0,0.0,2.564245810055866,0.0,0.029162011173184354,0.0,0.07089385474860335,0.0,True,False,False,False,5.0
2024/25,487053,50,48,43,1923,0,1,2,35,1,0,0,2,0,0,0,233,354.8,256.5,132.0,74.5,0,0,0,131,24,0.31,1.22,1.53,33.28,506,506,Udogie,Spurs,DEF,4.5,5.0,4.8,-0.20000000000000018,8.958333333333334,2.012480499219969,50.60526315789474,1,0.0,0.046801872074883,0.014508580343213728,0.057098283931357255,0.07160686427457098,0.0,0.05263157894736842,0.0,79.0,,2391.0,,2.0,,3.0,,5.0,,8.0,,2.973651191969887,,0.09109159347553325,,0.08883312421580929,,True,False,False,False,4.0
2025/26,487053,45,43,29,1335,0,1,1,25,0,0,0,4,0,0,1,121,207.2,187.0,103.0,49.8,37,70,31,68,14,0.18,0.72,0.9,19.15,506,506,Udogie,Spurs,DEF,4.5,4.5,4.3,-0.20000000000000018,6.744186046511628,1.9550561797752808,35.13157894736842,1,0.0,0.06741573033707865,0.012134831460674156,0.04853932584269662,0.060674157303370786,0.0,0.02631578947368421,0.06741573033707865,43.0,79.0,1923.0,2391.0,0.0,2.0,1.0,3.0,2.0,5.0,0.0,8.0,2.012480499219969,2.973651191969887,0.014508580343213728,0.09109159347553325,0.057098283931357255,0.08883312421580929,True,False,False,False,5.0
2024/25,548308,40,40,0,0,0,0,0,0,0,0,0,0,0,0,0,0,0.0,0.0,0.0,0.0,0,0,0,0,0,0.0,0.0,0.0,0.0,507,507,Phillips,Spurs,DEF,4.5,4.0,4.0,0.0,0.0,0.0,0.0,0,0.0,0.0,0.0,0.0,0.0,0.0,0.0,0.0,0.0,,0.0,,0.0,,0.0,,0.0,,0.0,,0.0,,0.0,,0.0,,True,False,False,False,4.0
2025/26,548308,40,40,0,0,0,0,0,0,0,0,0,0,0,0,0,0,0.0,0.0,0.0,0.0,0,0,0,0,0,0.0,0.0,0.0,0.0,507,507,Phillips,Spurs,DEF,4.5,4.0,4.0,0.0,0.0,0.0,0.0,0,0.0,0.0,0.0,0.0,0.0,0.0,0.0,0.0,0.0,0.0,0.0,0.0,0.0,0.0,0.0,0.0,0.0,0.0,0.0,0.0,0.0,0.0,0.0,0.0,0.0,0.0,True,False,False,False,5.0
2013/14,115556,50,48,99,2874,2,1,6,46,0,0,0,3,0,0,12,179,0.0,0.0,0.0,0.0,0,0,0,0,0,0.0,0.0,0.0,0.0,508,508,Davies,Spurs,DEF,4.0,5.0,4.8,-0.20000000000000018,20.625,3.1002087682672235,75.63157894736842,3,0.06263048016701461,0.031315240083507306,0.0,0.0,0.0,0.0,0.15789473684210525,0.3757828810020877,99.0,,3052.0,,1.0,,2.0,,8.0,,6.0,,2.919397116644823,,0.0,,0.0,,True,False,False,False,
2014/15,115556,50,44,31,895,0,1,2,12,0,0,0,3,0,0,2,160,0.0,0.0,0.0,0.0,0,0,0,0,0,0.0,0.0,0.0,0.0,508,508,Davies,Spurs,DEF,4.0,5.0,4.4,-0.5999999999999996,7.045454545454545,3.11731843575419,23.55263157894737,1,0.0,0.10055865921787709,0.0,0.0,0.0,0.0,0.05263157894736842,0.20111731843575417,99.0,99.0,2874.0,3052.0,2.0,1.0,1.0,2.0,6.0,8.0,12.0,6.0,3.1002087682672235,2.919397116644823,0.0,0.0,0.0,0.0,True,False,False,False,
2015/16,115556,45,40,52,1291,0,2,5,16,0,0,0,3,0,0,2,269,0.0,0.0,0.0,0.0,0,0,0,0,0,0.0,0.0,0.0,0.0,508,508,Davies,Spurs,DEF,4.0,4.5,4.0,-0.5,13.0,3.625096824167312,33.973684210526315,2,0.0,0.139426800929512,0.0,0.0,0.0,0.0,0.13157894736842105,0.139426800929512,31.0,99.0,895.0,2874.0,0.0,2.0,1.0,1.0,2.0,6.0,2.0,12.0,3.11731843575419,3.1002087682672235,0.0,0.0,0.0,0.0,True,False,False,False,
2016/17,115556,50,50,90,1739,1,3,8,13,0,0,0,1,0,0,5,443,452.0,449.6,156.0,105.8,0,0,0,0,0,0.0,0.0,0.0,0.0,508,508,Davies,Spurs,DEF,4.0,5.0,5.0,0.0,18.0,4.6578493387004025,45.76315789473684,4,0.051753881541115584,0.15526164462334674,0.0,0.0,0.0,0.0,0.21052631578947367,0.25876940770557794,52.0,31.0,1291.0,895.0,0.0,0.0,2.0,1.0,5.0,2.0,2.0,2.0,3.625096824167312,3.11731843575419,0.0,0.0,0.0,0.0,True,False,False,False,
2017/18,115556,55,58,143,2323,2,7,12,20,0,0,0,3,0,0,14,615,610.0,698.8,201.0,151.0,0,0,0,0,0,0.0,0.0,0.0,0.0,508,508,Davies,Spurs,DEF,4.0,5.5,5.8,0.2999999999999998,24.655172413793103,5.540249677141627,61.13157894736842,9,0.07748600947051228,0.27120103314679295,0.0,0.0,0.0,0.0,0.3157894736842105,0.5424020662935859,90.0,52.0,1739.0,1291.0,1.0,0.0,3.0,2.0,8.0,5.0,5.0,2.0,4.6578493387004025,3.625096824167312,0.0,0.0,0.0,0.0,True,False,False,False,
2018/19,115556,60,56,66,1837,0,0,6,26,0,0,0,2,0,0,5,361,388.2,256.6,176.0,82.3,0,0,0,0,0,0.0,0.0,0.0,0.0,508,508,Davies,Spurs,DEF,4.0,6.0,5.6,-0.40000000000000036,11.785714285714286,3.2335329341317363,48.3421052631579,0,0.0,0.0,0.0,0.0,0.0,0.0,0.15789473684210525,0.24496461622210125,143.0,90.0,2323.0,1739.0,2.0,1.0,7.0,3.0,12.0,8.0,14.0,5.0,5.540249677141627,4.6578493387004025,0.0,0.0,0.0,0.0,True,False,False,False,
2019/20,115556,55,53,41,1430,0,0,4,19,0,0,0,6,0,0,2,223,279.8,172.4,94.0,54.4,0,0,0,0,0,0.0,0.0,0.0,0.0,508,508,Davies,Spurs,DEF,4.0,5.5,5.3,-0.20000000000000018,7.735849056603774,2.5804195804195804,37.63157894736842,0,0.0,0.0,0.0,0.0,0.0,0.0,0.10526315789473684,0.12587412587412586,66.0,143.0,1837.0,2323.0,0.0,2.0,0.0,7.0,6.0,12.0,5.0,14.0,3.2335329341317363,5.540249677141627,0.0,0.0,0.0,0.0,True,False,False,False,
2020/21,115556,50,45,52,1340,0,2,4,16,0,0,0,1,0,0,1,253,232.8,136.8,65.0,43.4,0,0,0,0,0,0.0,0.0,0.0,0.0,508,508,Davies,Spurs,DEF,4.0,5.0,4.5,-0.5,11.555555555555555,3.4925373134328357,35.26315789473684,2,0.0,0.13432835820895522,0.0,0.0,0.0,0.0,0.10526315789473684,0.06716417910447761,41.0,66.0,1430.0,1837.0,0.0,0.0,0.0,0.0,4.0,6.0,2.0,5.0,2.5804195804195804,3.2335329341317363,0.0,0.0,0.0,0.0,True,False,False,False,
2021/22,115556,45,45,105,2537,1,2,12,30,0,0,0,6,0,0,3,490,501.4,203.5,254.0,96.2,0,0,0,0,0,0.0,0.0,0.0,0.0,508,508,Davies,Spurs,DEF,4.0,4.5,4.5,0.0,23.333333333333332,3.7248718959400864,66.76315789473684,3,0.035474970437524636,0.07094994087504927,0.0,0.0,0.0,0.0,0.3157894736842105,0.10642491131257391,52.0,41.0,1340.0,1430.0,0.0,0.0,2.0,0.0,4.0,4.0,1.0,2.0,3.4925373134328357,2.5804195804195804,0.0,0.0,0.0,0.0,True,False,False,False,1.0
2022/23,115556,50,47,99,2284,2,3,9,33,0,0,0,4,0,0,3,470,434.0,291.8,172.0,89.9,0,0,0,0,26,1.01,1.47,2.48,26.59,508,508,Davies,Spurs,DEF,4.0,5.0,4.7,-0.2999999999999998,21.06382978723404,3.9010507880910685,60.10526315789474,5,0.0788091068301226,0.1182136602451839,0.03979859894921191,0.057924693520140104,0.09772329246935202,0.0,0.23684210526315788,0.1182136602451839,105.0,52.0,2537.0,1340.0,1.0,0.0,2.0,2.0,12.0,4.0,3.0,1.0,3.7248718959400864,3.4925373134328357,0.0,0.0,0.0,0.0,True,False,False,False,2.0
2023/24,115556,45,43,34,1085,1,2,1,21,0,0,0,2,0,0,0,216,294.8,81.0,124.0,50.3,0,0,0,0,12,2.34,0.57,2.91,22.43,508,508,Davies,Spurs,DEF,4.0,4.5,4.3,-0.20000000000000018,7.906976744186047,2.8202764976958528,28.55263157894737,3,0.08294930875576037,0.16589861751152074,0.19410138248847925,0.047281105990783404,0.2413824884792627,0.0,0.02631578947368421,0.0,99.0,105.0,2284.0,2537.0,2.0,1.0,3.0,2.0,9.0,12.0,3.0,3.0,3.9010507880910685,3.7248718959400864,0.03979859894921191,0.0,0.057924693520140104,0.0,True,False,False,False,3.0
2024/25,115556,45,43,28,1329,0,0,3,26,0,0,0,5,0,0,0,154,343.6,42.1,49.0,43.7,0,0,0,127,14,0.27,0.5,0.77,25.79,508,508,Davies,Spurs,DEF,4.0,4.5,4.3,-0.20000000000000018,6.511627906976744,1.8961625282167043,34.973684210526315,0,0.0,0.0,0.018284424379232507,0.03386004514672686,0.052144469525959365,0.0,0.07894736842105263,0.0,34.0,99.0,1085.0,2284.0,1.0,2.0,2.0,3.0,1.0,9.0,0.0,3.0,2.8202764976958528,3.9010507880910685,0.19410138248847925,0.03979859894921191,0.047281105990783404,0.057924693520140104,True,False,False,False,4.0
2025/26,115556,45,43,10,136,1,0,0,3,0,0,0,1,0,0,1,29,67.4,22.2,52.0,14.2,9,5,5,14,2,0.49,0.07,0.56,1.11,508,508,Davies,Spurs,DEF,4.0,4.5,4.3,-0.20000000000000018,2.3255813953488373,6.61764705882353,3.5789473684210527,1,0.6617647058823529,0.0,0.32426470588235295,0.046323529411764715,0.3705882352941177,0.0,0.0,0.6617647058823529,28.0,34.0,1329.0,1085.0,0.0,1.0,0.0,2.0,3.0,1.0,0.0,0.0,1.8961625282167043,2.8202764976958528,0.018284424379232507,0.19410138248847925,0.03386004514672686,0.047281105990783404,True,False,False,False,5.0
2024/25,460842,65,62,106,2589,5,4,7,46,0,0,0,2,1,0,5,373,471.6,552.5,752.0,177.5,0,0,0,189,31,6.97,2.67,9.64,43.46,512,512,Kudus,Spurs,MID,6.5,6.5,6.2,-0.2999999999999998,17.096774193548388,3.6848203939745074,68.13157894736842,9,0.17381228273464658,0.13904982618771727,0.24229432213209734,0.09281575898030127,0.33511008111239865,0.0,0.18421052631578946,0.17381228273464658,137.0,,2485.0,,8.0,,9.0,,3.0,,13.0,,4.961770623742455,,0.18325955734406438,,0.12603621730382294,,False,False,False,True,4.0
2025/26,460842,65,64,75,1535,2,6,7,20,0,0,0,3,0,0,7,257,333.4,413.8,302.0,104.7,9,95,29,133,19,1.92,2.41,4.33,22.74,512,512,Kudus,Spurs,MID,6.5,6.5,6.4,-0.09999999999999964,11.71875,4.397394136807817,40.39473684210526,8,0.11726384364820845,0.3517915309446254,0.11257328990228012,0.1413029315960912,0.2538762214983713,0.0,0.18421052631578946,0.4104234527687296,106.0,137.0,2589.0,2485.0,5.0,8.0,4.0,9.0,7.0,3.0,5.0,13.0,3.6848203939745074,4.961770623742455,0.24229432213209734,0.18325955734406438,0.09281575898030127,0.12603621730382294,False,False,False,True,5.0
2025/26,511499,65,62,78,1334,4,2,3,23,0,0,0,1,0,0,7,266,303.4,457.2,312.0,107.6,19,72,20,111,13,2.47,2.43,4.89,17.29,514,514,Tel,Spurs,MID,6.0,6.5,6.2,-0.2999999999999998,12.580645161290322,5.262368815592204,35.10526315789474,6,0.2698650674662669,0.13493253373313344,0.1666416791604198,0.16394302848575712,0.3299100449775112,0.0,0.07894736842105263,0.472263868065967,42.0,,908.0,,2.0,,2.0,,2.0,,2.0,,4.1629955947136565,,0.2933920704845815,,0.15363436123348018,,False,False,False,True,5.0
2019/20,172780,70,73,125,2624,6,5,10,26,0,0,0,4,0,0,14,548,642.4,1246.4,702.0,259.2,0,0,0,0,0,0.0,0.0,0.0,0.0,515,515,Maddison,Spurs,MID,6.5,7.0,7.3,0.2999999999999998,17.123287671232877,4.2873475609756095,69.05263157894737,11,0.20579268292682928,0.1714939024390244,0.0,0.0,0.0,0.0,0.2631578947368421,0.4801829268292683,137.0,,2831.0,,7.0,,7.0,,8.0,,12.0,,4.355351465913105,,0.0,,0.0,,False,False,False,True,
2020/21,172780,70,72,133,2093,8,7,10,28,0,0,0,4,0,0,12,473,588.4,770.3,668.0,202.5,0,0,0,0,0,0.0,0.0,0.0,0.0,515,515,Maddison,Spurs,MID,6.5,7.0,7.2,0.20000000000000018,18.47222222222222,5.719063545150502,55.078947368421055,15,0.34400382226469184,0.3010033444816053,0.0,0.0,0.0,0.0,0.2631578947368421,0.5160057333970377,125.0,137.0,2624.0,2831.0,6.0,7.0,5.0,7.0,10.0,8.0,14.0,12.0,4.2873475609756095,4.355351465913105,0.0,0.0,0.0,0.0,False,False,False,True,
2021/22,172780,70,69,181,2454,12,11,5,41,0,0,0,3,0,0,24,637,827.4,706.2,770.0,230.2,0,0,0,0,0,0.0,0.0,0.0,0.0,515,515,Maddison,Spurs,MID,6.5,7.0,6.9,-0.09999999999999964,26.231884057971012,6.638141809290953,64.57894736842105,23,0.4400977995110025,0.4034229828850856,0.0,0.0,0.0,0.0,0.13157894736842105,0.880195599022005,133.0,125.0,2093.0,2624.0,8.0,6.0,7.0,5.0,10.0,10.0,12.0,14.0,5.719063545150502,4.2873475609756095,0.0,0.0,0.0,0.0,False,False,False,True,1.0
2022/23,172780,80,78,135,2479,10,9,4,54,0,0,1,10,0,0,9,520,802.4,984.9,805.0,259.7,0,0,0,0,28,8.5,5.53,14.03,47.16,515,515,Maddison,Spurs,MID,6.5,8.0,7.8,-0.20000000000000018,17.307692307692307,4.901169826542961,65.23684210526316,19,0.3630496167809601,0.32674465510286405,0.3085921742638161,0.20076643807987093,0.509358612343687,0.0,0.10526315789473684,0.32674465510286405,181.0,133.0,2454.0,2093.0,12.0,8.0,11.0,7.0,5.0,10.0,24.0,12.0,6.638141809290953,5.719063545150502,0.0,0.0,0.0,0.0,False,False,False,True,2.0
2023/24,172780,75,78,117,2137,4,11,7,31,0,0,0,5,0,0,9,495,630.4,979.5,605.0,221.4,0,0,0,0,26,6.53,6.21,12.74,32.54,515,515,Maddison,Spurs,MID,6.5,7.5,7.8,0.2999999999999998,15.0,4.927468413664015,56.23684210526316,15,0.16846045858680395,0.46326626111371083,0.27501169864295744,0.2615348619560131,0.5365465605989705,0.0,0.18421052631578946,0.37903603182030887,135.0,181.0,2479.0,2454.0,10.0,12.0,9.0,11.0,4.0,5.0,9.0,24.0,4.901169826542961,6.638141809290953,0.3085921742638161,0.0,0.20076643807987093,0.0,False,False,False,True,3.0
2024/25,172780,75,74,133,1799,9,8,6,32,0,0,0,6,0,0,15,592,683.4,702.3,495.0,187.8,0,0,0,140,21,5.54,5.92,11.46,32.39,515,515,Maddison,Spurs,MID,6.5,7.5,7.4,-0.09999999999999964,17.972972972972972,6.653696498054475,47.3421052631579,17,0.45025013896609234,0.4002223457476376,0.27715397443023904,0.2961645358532518,0.5733185102834909,0.0,0.15789473684210525,0.7504168982768206,117.0,135.0,2137.0,2479.0,4.0,10.0,11.0,9.0,7.0,4.0,9.0,9.0,4.927468413664015,4.901169826542961,0.27501169864295744,0.3085921742638161,0.2615348619560131,0.20076643807987093,False,False,False,True,4.0
2025/26,172780,70,68,3,34,0,0,0,0,0,0,0,0,0,0,0,5,2.8,9.5,15.0,2.8,0,4,1,5,0,0.21,0.06,0.27,0.65,515,515,Maddison,Spurs,MID,6.5,7.0,6.8,-0.20000000000000018,0.4411764705882353,7.9411764705882355,0.8947368421052632,0,0.0,0.0,0.5558823529411765,0.1588235294117647,0.7147058823529412,0.0,0.0,0.0,133.0,117.0,1799.0,2137.0,9.0,4.0,8.0,11.0,6.0,7.0,15.0,9.0,6.653696498054475,4.927468413664015,0.27715397443023904,0.27501169864295744,0.2961645358532518,0.2615348619560131,False,False,False,True,5.0
2022/23,202993,55,53,71,1501,5,2,6,24,0,0,0,8,0,0,7,342,489.6,180.2,236.0,90.7,0,0,0,0,17,2.26,0.68,2.94,19.71,516,516,Bentancur,Spurs,MID,5.5,5.5,5.3,-0.20000000000000018,13.39622641509434,4.257161892071952,39.5,7,0.29980013324450366,0.11992005329780148,0.13550966022651564,0.0407728181212525,0.17628247834776817,0.0,0.15789473684210525,0.41972018654230514,52.0,,1360.0,,0.0,,4.0,,9.0,,4.0,,3.4411764705882355,,0.0,,0.0,,False,False,False,True,2.0
2023/24,202993,55,54,32,997,1,1,1,25,0,0,0,7,0,0,0,153,193.0,174.9,156.0,52.1,0,0,0,0,13,2.01,1.05,3.06,19.98,516,516,Bentancur,Spurs,MID,5.5,5.5,5.4,-0.09999999999999964,5.925925925925926,2.888665997993982,26.236842105263158,2,0.09027081243731194,0.09027081243731194,0.18144433299899698,0.09478435305917754,0.2762286860581745,0.0,0.02631578947368421,0.0,71.0,52.0,1501.0,1360.0,5.0,0.0,2.0,4.0,6.0,9.0,7.0,4.0,4.257161892071952,3.4411764705882355,0.13550966022651564,0.0,0.0407728181212525,0.0,False,False,False,True,3.0
2024/25,202993,50,49,49,1640,2,0,3,26,0,0,0,9,0,0,1,293,324.6,208.5,165.0,70.2,0,0,0,246,21,1.36,1.02,2.38,26.87,516,516,Bentancur,Spurs,MID,5.5,5.0,4.9,-0.09999999999999964,10.0,2.6890243902439024,43.1578947368421,2,0.10975609756097561,0.0,0.07463414634146343,0.05597560975609756,0.13060975609756098,0.0,0.07894736842105263,0.054878048780487805,32.0,71.0,997.0,1501.0,1.0,5.0,1.0,2.0,1.0,6.0,0.0,7.0,2.888665997993982,4.257161892071952,0.18144433299899698,0.13550966022651564,0.09478435305917754,0.0407728181212525,False,False,False,True,4.0
2025/26,202993,55,52,86,1880,1,1,8,25,0,0,0,7,0,0,4,366,349.0,197.8,124.0,67.4,91,131,56,278,23,0.72,0.84,1.56,23.65,516,516,Bentancur,Spurs,MID,5.5,5.5,5.2,-0.2999999999999998,16.538461538461537,4.117021276595745,49.473684210526315,2,0.047872340425531915,0.047872340425531915,0.034468085106382974,0.04021276595744681,0.0746808510638298,0.0,0.21052631578947367,0.19148936170212766,49.0,32.0,1640.0,997.0,2.0,1.0,0.0,1.0,3.0,1.0,1.0,0.0,2.6890243902439024,2.888665997993982,0.07463414634146343,0.18144433299899698,0.05597560975609756,0.09478435305917754,False,False,False,True,5.0
2024/25,550839,55,53,34,843,1,0,1,20,0,0,0,0,0,0,3,92,101.2,108.6,156.0,36.7,0,0,0,57,9,1.63,0.76,2.39,16.29,517,517,Odobert,Spurs,MID,5.5,5.5,5.3,-0.20000000000000018,6.415094339622642,3.6298932384341636,22.18421052631579,1,0.10676156583629892,0.0,0.17402135231316723,0.08113879003558719,0.25516014234875445,0.0,0.02631578947368421,0.32028469750889677,82.0,,2095.0,,3.0,,4.0,,2.0,,3.0,,3.522673031026253,,0.11813842482100238,,0.1426252983293556,,False,False,False,True,4.0
2025/26,550839,55,53,46,972,0,2,2,13,0,0,0,0,0,0,6,176,158.8,284.3,234.0,67.6,14,53,10,77,10,1.92,1.21,3.13,14.24,517,517,Odobert,Spurs,MID,5.5,5.5,5.3,-0.20000000000000018,8.679245283018869,4.259259259259259,25.57894736842105,2,0.0,0.18518518518518517,0.17777777777777776,0.11203703703703703,0.2898148148148148,0.0,0.05263157894736842,0.5555555555555555,34.0,82.0,843.0,2095.0,1.0,3.0,0.0,4.0,1.0,2.0,3.0,3.0,3.6298932384341636,3.522673031026253,0.17402135231316723,0.11813842482100238,0.08113879003558719,0.1426252983293556,False,False,False,True,5.0
2023/24,482442,45,44,86,2063,3,3,9,27,0,0,0,9,0,0,4,397,406.0,373.3,317.0,110.2,0,0,0,0,27,3.17,2.09,5.26,34.83,518,518,P.M.Sarr,Spurs,MID,5.0,4.5,4.4,-0.09999999999999964,19.545454545454543,3.75181774115366,54.28947368421053,6,0.13087736306349976,0.13087736306349976,0.13829374697043142,0.0911778962675715,0.22947164323800293,0.0,0.23684210526315788,0.17450315075133302,14.0,,211.0,,0.0,,1.0,,0.0,,0.0,,5.971563981042654,,0.02559241706161137,,0.012796208530805686,,False,False,False,True,3.0
2024/25,482442,50,47,71,1901,3,2,2,38,0,0,0,6,0,0,4,365,398.4,257.2,220.0,87.2,0,0,0,228,22,3.72,0.78,4.5,36.38,518,518,P.M.Sarr,Spurs,MID,5.0,5.0,4.7,-0.2999999999999998,15.106382978723405,3.3613887427669646,50.026315789473685,5,0.14203051025775906,0.09468700683850605,0.17611783271962125,0.03692793266701736,0.2130457653866386,0.0,0.05263157894736842,0.1893740136770121,86.0,14.0,2063.0,211.0,3.0,0.0,3.0,1.0,9.0,0.0,4.0,0.0,3.75181774115366,5.971563981042654,0.13829374697043142,0.02559241706161137,0.0911778962675715,0.012796208530805686,False,False,False,True,4.0
2025/26,482442,50,45,71,1388,2,4,3,23,0,0,0,3,0,0,2,313,336.0,188.3,156.0,68.2,74,77,32,183,13,1.63,1.11,2.74,26.67,518,518,P.M.Sarr,Spurs,MID,5.0,5.0,4.5,-0.5,15.777777777777779,4.6037463976945245,36.526315789473685,6,0.12968299711815562,0.25936599423631124,0.10569164265129682,0.07197406340057637,0.1776657060518732,0.0,0.07894736842105263,0.12968299711815562,71.0,86.0,1901.0,2063.0,3.0,3.0,2.0,3.0,2.0,9.0,4.0,4.0,3.3613887427669646,3.75181774115366,0.17611783271962125,0.13829374697043142,0.03692793266701736,0.0911778962675715,False,False,False,True,5.0
2021/22,232787,55,60,140,2843,8,6,11,38,0,0,0,10,0,0,16,469,673.8,635.9,672.0,197.9,0,0,0,0,0,0.0,0.0,0.0,0.0,519,519,Gallagher,Spurs,MID,5.5,5.5,6.0,0.5,23.333333333333332,4.431938093563137,74.8157894736842,14,0.253253605346465,0.18994020400984876,0.0,0.0,0.0,0.0,0.2894736842105263,0.50650721069293,71.0,,2530.0,,2.0,,2.0,,5.0,,3.0,,2.525691699604743,,0.0,,0.0,,False,False,False,True,1.0
2022/23,232787,60,56,66,1608,3,1,4,23,0,0,0,9,1,0,7,279,386.2,351.5,329.0,106.5,0,0,0,0,18,2.55,1.73,4.28,30.95,519,519,Gallagher,Spurs,MID,5.5,6.0,5.6,-0.40000000000000036,11.785714285714286,3.6940298507462686,42.31578947368421,4,0.16791044776119401,0.055970149253731345,0.1427238805970149,0.09682835820895522,0.23955223880597015,0.0,0.10526315789473684,0.39179104477611937,140.0,71.0,2843.0,2530.0,8.0,2.0,6.0,2.0,11.0,5.0,16.0,3.0,4.431938093563137,2.525691699604743,0.0,0.0,0.0,0.0,False,False,False,True,2.0
2023/24,232787,55,54,129,3129,5,8,8,56,0,0,0,7,1,0,10,618,754.8,821.5,401.0,197.4,0,0,0,0,37,4.01,3.53,7.54,52.43,519,519,Gallagher,Spurs,MID,5.5,5.5,5.4,-0.09999999999999964,23.888888888888886,3.710450623202301,82.34210526315789,13,0.14381591562799617,0.23010546500479387,0.11534036433365293,0.1015340364333653,0.21687440076701822,0.0,0.21052631578947367,0.28763183125599234,66.0,140.0,1608.0,2843.0,3.0,8.0,1.0,6.0,4.0,11.0,7.0,16.0,3.6940298507462686,4.431938093563137,0.1427238805970149,0.0,0.09682835820895522,0.0,False,False,False,True,3.0
2024/25,232787,60,59,0,0,0,0,0,0,0,0,0,0,0,0,0,0,0.0,0.0,0.0,0.0,0,0,0,0,0,0.0,0.0,0.0,0.0,519,519,Gallagher,Spurs,MID,5.5,6.0,5.9,-0.09999999999999964,0.0,0.0,0.0,0,0.0,0.0,0.0,0.0,0.0,0.0,0.0,0.0,129.0,66.0,3129.0,1608.0,5.0,3.0,8.0,1.0,8.0,4.0,10.0,7.0,3.710450623202301,3.6940298507462686,0.11534036433365293,0.1427238805970149,0.1015340364333653,0.09682835820895522,False,False,False,True,4.0
2025/26,232787,55,50,44,1183,1,1,2,23,0,0,0,2,0,0,3,211,190.6,205.9,154.0,55.1,29,73,22,124,14,1.23,0.7,1.93,19.03,519,519,Gallagher,Spurs,MID,5.5,5.5,5.0,-0.5,8.8,3.3474218089602705,31.13157894736842,2,0.0760777683854607,0.0760777683854607,0.09357565511411665,0.05325443786982249,0.14683009298393915,0.0,0.05263157894736842,0.2282333051563821,0.0,129.0,0.0,3129.0,0.0,5.0,0.0,8.0,0.0,8.0,0.0,10.0,0.0,3.710450623202301,0.0,0.11534036433365293,0.0,0.1015340364333653,False,False,False,True,5.0
2025/26,570526,55,52,49,955,1,3,3,18,0,0,0,2,0,0,0,163,164.6,106.4,147.0,41.5,18,39,22,79,11,1.23,0.43,1.66,13.66,520,520,Bergvall,Spurs,MID,5.5,5.5,5.2,-0.2999999999999998,9.423076923076923,4.617801047120419,25.13157894736842,4,0.09424083769633508,0.28272251308900526,0.11591623036649215,0.04052356020942408,0.15643979057591623,0.0,0.07894736842105263,0.0,44.0,,1200.0,,0.0,,2.0,,3.0,,0.0,,3.3,,0.05324999999999999,,0.06149999999999999,,False,False,False,True,5.0
2022/23,445044,80,78,96,2062,2,7,8,40,0,0,0,2,0,0,5,310,410.8,639.4,514.0,156.0,0,0,0,0,23,2.68,4.76,7.44,30.15,521,521,Kulusevski,Spurs,MID,6.5,8.0,7.8,-0.20000000000000018,12.307692307692308,4.190106692531523,54.26315789473684,9,0.08729388942774005,0.3055286129970902,0.11697381183317168,0.20775945683802133,0.324733268671193,0.0,0.21052631578947367,0.21823472356935014,99.0,,1259.0,,5.0,,9.0,,9.0,,8.0,,7.077045274027006,,0.0,,0.0,,False,False,False,True,2.0
2023/24,445044,70,67,130,2759,8,3,8,46,0,0,0,7,0,0,14,463,698.8,950.4,953.0,260.1,0,0,0,0,31,4.95,6.37,11.31,49.32,521,521,Kulusevski,Spurs,MID,6.5,7.0,6.7,-0.2999999999999998,19.402985074626866,4.240666908300109,72.60526315789474,11,0.26096411743385284,0.09786154403769481,0.16147154766219646,0.20779267850670533,0.3689380210221095,0.0,0.21052631578947367,0.45668720550924247,96.0,99.0,2062.0,1259.0,2.0,5.0,7.0,9.0,8.0,9.0,5.0,8.0,4.190106692531523,7.077045274027006,0.11697381183317168,0.0,0.20775945683802133,0.0,False,False,False,True,3.0
2024/25,445044,65,62,117,2386,7,4,6,41,0,0,0,3,0,0,9,426,613.6,843.8,733.0,218.7,0,0,0,193,27,4.06,4.03,8.09,42.39,521,521,Kulusevski,Spurs,MID,6.5,6.5,6.2,-0.2999999999999998,18.870967741935484,4.4132439228834865,62.78947368421053,11,0.2640402347024308,0.15088013411567475,0.15314333612740988,0.15201173512154234,0.3051550712489522,0.0,0.15789473684210525,0.3394803017602682,130.0,96.0,2759.0,2062.0,8.0,2.0,3.0,7.0,8.0,8.0,14.0,5.0,4.240666908300109,4.190106692531523,0.16147154766219646,0.11697381183317168,0.20779267850670533,0.20775945683802133,False,False,False,True,4.0
2025/26,445044,65,64,0,0,0,0,0,0,0,0,0,0,0,0,0,0,0.0,0.0,0.0,0.0,0,0,0,0,0,0.0,0.0,0.0,0.0,521,521,Kulusevski,Spurs,MID,6.5,6.5,6.4,-0.09999999999999964,0.0,0.0,0.0,0,0.0,0.0,0.0,0.0,0.0,0.0,0.0,0.0,117.0,130.0,2386.0,2759.0,7.0,8.0,4.0,3.0,6.0,8.0,9.0,14.0,4.4132439228834865,4.240666908300109,0.15314333612740988,0.16147154766219646,0.15201173512154234,0.20779267850670533,False,False,False,True,5.0
2022/23,547701,45,45,0,0,0,0,0,0,0,0,0,0,0,0,0,0,0.0,0.0,0.0,0.0,0,0,0,0,0,0.0,0.0,0.0,0.0,522,522,Gray,Spurs,MID,5.0,4.5,4.5,0.0,0.0,0.0,0.0,0,0.0,0.0,0.0,0.0,0.0,0.0,0.0,0.0,0.0,,0.0,,0.0,,0.0,,0.0,,0.0,,0.0,,0.0,,0.0,,False,False,False,True,2.0
2024/25,547701,50,46,45,1750,0,0,2,41,1,0,0,1,0,0,0,253,254.6,71.4,15.0,34.3,0,0,0,162,19,0.03,0.19,0.22,37.33,522,522,Gray,Spurs,MID,5.0,5.0,4.6,-0.40000000000000036,9.782608695652174,2.3142857142857145,46.05263157894737,0,0.0,0.0,0.001542857142857143,0.009771428571428572,0.011314285714285716,0.0,0.05263157894736842,0.0,0.0,0.0,0.0,0.0,0.0,0.0,0.0,0.0,0.0,0.0,0.0,0.0,0.0,0.0,0.0,0.0,0.0,0.0,False,False,False,True,4.0
2025/26,547701,50,48,61,1471,2,2,5,28,0,0,0,5,0,0,6,237,259.4,138.1,158.0,55.5,65,56,11,132,18,1.5,1.29,2.79,24.8,522,522,Gray,Spurs,MID,5.0,5.0,4.8,-0.20000000000000018,12.708333333333334,3.7321549966009515,38.71052631578947,4,0.12236573759347383,0.12236573759347383,0.09177430319510536,0.07892590074779061,0.17070020394289598,0.0,0.13157894736842105,0.36709721278042146,45.0,0.0,1750.0,0.0,0.0,0.0,0.0,0.0,2.0,0.0,0.0,0.0,2.3142857142857145,0.0,0.001542857142857143,0.0,0.009771428571428572,0.0,False,False,False,True,5.0
2024/25,499721,45,45,19,359,0,2,0,5,0,0,0,0,0,0,0,51,33.2,45.2,34.0,11.0,0,0,0,19,3,0.2,0.56,0.76,6.87,523,523,Moore,Spurs,MID,5.0,4.5,4.5,0.0,4.222222222222222,4.763231197771588,9.447368421052632,2,0.0,0.5013927576601671,0.05013927576601671,0.1403899721448468,0.1905292479108635,0.0,0.0,0.0,2.0,,3.0,,0.0,,0.0,,0.0,,0.0,,60.0,,0.0,,0.0,,False,False,False,True,4.0
2025/26,499721,50,50,0,0,0,0,0,0,0,0,0,0,0,0,0,0,0.0,0.0,0.0,0.0,0,0,0,0,0,0.0,0.0,0.0,0.0,523,523,Moore,Spurs,MID,5.0,5.0,5.0,0.0,0.0,0.0,0.0,0,0.0,0.0,0.0,0.0,0.0,0.0,0.0,0.0,19.0,2.0,359.0,3.0,0.0,0.0,2.0,0.0,0.0,0.0,0.0,0.0,4.763231197771588,60.0,0.05013927576601671,0.0,0.1403899721448468,0.0,False,False,False,True,5.0
2025/26,499726,45,43,1,14,0,0,0,0,0,0,0,0,0,0,0,3,0.6,1.8,0.0,0.2,0,2,0,2,0,0.0,0.01,0.01,0.75,524,524,Olusesi,Spurs,MID,4.5,4.5,4.3,-0.20000000000000018,0.23255813953488372,6.428571428571429,0.3684210526315789,0,0.0,0.0,0.0,0.06428571428571428,0.06428571428571428,0.0,0.0,0.0,0.0,,0.0,,0.0,,0.0,,0.0,,0.0,,0.0,,0.0,,0.0,,False,False,False,True,5.0
2025/26,551226,55,55,135,3017,3,4,8,50,0,0,0,7,0,0,7,659,657.2,622.8,183.0,146.3,84,182,103,369,35,1.99,2.96,4.95,48.3,525,525,Fernandes,Spurs,MID,6.0,5.5,5.5,0.0,24.545454545454547,4.027179317202519,79.39473684210526,7,0.08949287371561153,0.11932383162081536,0.05936360623135564,0.08829963539940337,0.14766324163075903,0.0,0.21052631578947367,0.2088167053364269,95.0,,2911.0,,2.0,,4.0,,5.0,,8.0,,2.937135005152869,,0.12737890759189283,,0.11192030230161458,,False,False,False,True,5.0
2015/16,154566,50,50,0,0,0,0,0,0,0,0,0,0,0,0,0,0,0.0,0.0,0.0,0.0,0,0,0,0,0,0.0,0.0,0.0,0.0,526,526,Solanke,Spurs,FWD,6.0,5.0,5.0,0.0,0.0,0.0,0.0,0,0.0,0.0,0.0,0.0,0.0,0.0,0.0,0.0,0.0,,0.0,,0.0,,0.0,,0.0,,0.0,,0.0,,0.0,,0.0,,False,True,False,False,
2016/17,154566,50,50,0,0,0,0,0,0,0,0,0,0,0,0,0,0,0.0,0.0,0.0,0.0,0,0,0,0,0,0.0,0.0,0.0,0.0,526,526,Solanke,Spurs,FWD,6.0,5.0,5.0,0.0,0.0,0.0,0.0,0,0.0,0.0,0.0,0.0,0.0,0.0,0.0,0.0,0.0,0.0,0.0,0.0,0.0,0.0,0.0,0.0,0.0,0.0,0.0,0.0,0.0,0.0,0.0,0.0,0.0,0.0,False,True,False,False,
2017/18,154566,50,46,38,581,1,2,3,4,0,0,0,0,0,0,2,107,123.8,199.4,350.0,66.4,0,0,0,0,0,0.0,0.0,0.0,0.0,526,526,Solanke,Spurs,FWD,6.0,5.0,4.6,-0.40000000000000036,8.260869565217392,5.886402753872633,15.289473684210526,3,0.1549053356282272,0.3098106712564544,0.0,0.0,0.0,0.0,0.07894736842105263,0.3098106712564544,0.0,0.0,0.0,0.0,0.0,0.0,0.0,0.0,0.0,0.0,0.0,0.0,0.0,0.0,0.0,0.0,0.0,0.0,False,True,False,False,
2018/19,154566,50,47,15,340,0,1,0,5,0,0,0,0,0,0,0,45,79.0,96.0,154.0,33.0,0,0,0,0,0,0.0,0.0,0.0,0.0,526,526,Solanke,Spurs,FWD,6.0,5.0,4.7,-0.2999999999999998,3.1914893617021276,3.9705882352941178,8.947368421052632,1,0.0,0.2647058823529412,0.0,0.0,0.0,0.0,0.0,0.0,38.0,0.0,581.0,0.0,1.0,0.0,2.0,0.0,3.0,0.0,2.0,0.0,5.886402753872633,0.0,0.0,0.0,0.0,0.0,False,True,False,False,
2019/20,154566,55,51,69,1637,3,2,1,39,0,0,0,1,0,0,3,177,223.2,202.5,569.0,99.4,0,0,0,0,0,0.0,0.0,0.0,0.0,526,526,Solanke,Spurs,FWD,6.0,5.5,5.1,-0.40000000000000036,13.529411764705884,3.7935247403787415,43.078947368421055,5,0.1649358582773366,0.10995723885155773,0.0,0.0,0.0,0.0,0.02631578947368421,0.1649358582773366,15.0,38.0,340.0,581.0,0.0,1.0,1.0,2.0,0.0,3.0,0.0,2.0,3.9705882352941178,5.886402753872633,0.0,0.0,0.0,0.0,False,True,False,False,
2022/23,154566,60,56,130,2865,6,10,8,52,0,0,0,2,0,0,14,339,528.8,282.1,1053.0,185.7,0,0,0,0,32,9.09,2.3,11.39,51.51,526,526,Solanke,Spurs,FWD,6.0,6.0,5.6,-0.40000000000000036,23.214285714285715,4.0837696335078535,75.39473684210526,16,0.18848167539267016,0.31413612565445026,0.2855497382198953,0.07225130890052356,0.3578010471204189,0.0,0.21052631578947367,0.4397905759162304,69.0,15.0,1637.0,340.0,3.0,0.0,2.0,1.0,1.0,0.0,3.0,0.0,3.7935247403787415,3.9705882352941178,0.0,0.0,0.0,0.0,False,True,False,False,2.0
2023/24,154566,65,69,175,3325,19,3,10,61,0,0,1,3,0,0,20,560,902.0,479.6,1348.0,272.7,0,0,0,0,37,19.64,2.11,21.75,56.58,526,526,Solanke,Spurs,FWD,6.0,6.5,6.9,0.40000000000000036,25.362318840579707,4.736842105263158,87.5,22,0.5142857142857143,0.081203007518797,0.531609022556391,0.05711278195488722,0.5887218045112782,0.0,0.2631578947368421,0.5413533834586466,130.0,69.0,2865.0,1637.0,6.0,3.0,10.0,2.0,8.0,1.0,14.0,3.0,4.0837696335078535,3.7935247403787415,0.2855497382198953,0.0,0.07225130890052356,0.0,False,True,False,False,3.0
2024/25,154566,75,73,108,2199,9,5,4,43,1,0,0,0,0,0,7,404,505.8,199.8,729.0,142.1,0,0,0,89,25,10.89,1.13,12.02,40.14,526,526,Solanke,Spurs,FWD,6.0,7.5,7.3,-0.20000000000000018,14.794520547945206,4.42019099590723,57.86842105263158,14,0.3683492496589359,0.20463847203274216,0.44570259208731244,0.04624829467939972,0.4919508867667121,0.0,0.10526315789473684,0.286493860845839,175.0,130.0,3325.0,2865.0,19.0,6.0,3.0,10.0,10.0,8.0,20.0,14.0,4.736842105263158,4.0837696335078535,0.531609022556391,0.2855497382198953,0.05711278195488722,0.07225130890052356,False,True,False,False,4.0
2025/26,154566,75,71,40,997,3,0,0,21,0,0,0,1,0,0,4,187,205.0,84.1,339.0,62.7,16,33,22,71,11,2.97,0.34,3.3,17.8,526,526,Solanke,Spurs,FWD,6.0,7.5,7.1,-0.40000000000000036,5.633802816901409,3.6108324974924777,26.236842105263158,3,0.2708124373119358,0.0,0.2681043129388165,0.030692076228686062,0.29789368104312935,0.0,0.0,0.36108324974924777,108.0,175.0,2199.0,3325.0,9.0,19.0,5.0,3.0,4.0,10.0,7.0,20.0,4.42019099590723,4.736842105263158,0.44570259208731244,0.531609022556391,0.04624829467939972,0.05711278195488722,False,True,False,False,5.0
2018/19,212319,65,64,153,2662,13,3,11,36,0,0,0,5,1,0,12,400,698.4,350.7,1209.0,224.5,0,0,0,0,0,0.0,0.0,0.0,0.0,527,527,Richarlison,Spurs,FWD,6.0,6.5,6.4,-0.09999999999999964,23.90625,5.172802404207363,70.05263157894737,16,0.43951915852742296,0.10142749812171299,0.0,0.0,0.0,0.0,0.2894736842105263,0.40570999248685197,125.0,,2817.0,,5.0,,8.0,,8.0,,4.0,,3.993610223642172,,0.0,,0.0,,False,True,False,False,
2019/20,212319,80,82,165,3070,13,5,9,51,0,0,0,8,0,0,13,519,814.6,478.1,1233.0,252.3,0,0,0,0,0,0.0,0.0,0.0,0.0,527,527,Richarlison,Spurs,FWD,6.0,8.0,8.2,0.1999999999999993,20.121951219512198,4.837133550488599,80.78947368421052,18,0.38110749185667747,0.14657980456026057,0.0,0.0,0.0,0.0,0.23684210526315788,0.38110749185667747,153.0,125.0,2662.0,2817.0,13.0,5.0,3.0,8.0,11.0,8.0,12.0,4.0,5.172802404207363,3.993610223642172,0.0,0.0,0.0,0.0,False,True,False,False,
2020/21,212319,80,77,123,2862,7,6,11,38,0,0,0,4,1,0,18,415,576.4,359.7,1147.0,208.3,0,0,0,0,0,0.0,0.0,0.0,0.0,527,527,Richarlison,Spurs,FWD,6.0,8.0,7.7,-0.2999999999999998,15.974025974025974,3.8679245283018866,75.3157894736842,13,0.22012578616352202,0.18867924528301885,0.0,0.0,0.0,0.0,0.2894736842105263,0.5660377358490566,165.0,153.0,3070.0,2662.0,13.0,13.0,5.0,3.0,9.0,11.0,13.0,12.0,4.837133550488599,5.172802404207363,0.0,0.0,0.0,0.0,False,True,False,False,
2021/22,212319,75,76,125,2522,10,6,7,46,0,0,0,9,0,0,19,413,651.4,383.7,1010.0,203.9,0,0,0,0,0,0.0,0.0,0.0,0.0,527,527,Richarlison,Spurs,FWD,6.0,7.5,7.6,0.09999999999999964,16.447368421052634,4.460745440126884,66.36842105263158,16,0.3568596352101507,0.2141157811260904,0.0,0.0,0.0,0.0,0.18421052631578946,0.6780333068992863,123.0,165.0,2862.0,3070.0,7.0,13.0,6.0,5.0,11.0,9.0,18.0,13.0,3.8679245283018866,4.837133550488599,0.0,0.0,0.0,0.0,False,True,False,False,1.0
2022/23,212319,85,84,54,995,1,5,3,18,0,0,0,3,0,0,2,165,209.8,221.5,435.0,86.3,0,0,0,0,12,3.43,1.46,4.89,14.99,527,527,Richarlison,Spurs,FWD,6.0,8.5,8.4,-0.09999999999999964,6.428571428571428,4.884422110552764,26.18421052631579,6,0.09045226130653267,0.45226130653266333,0.31025125628140704,0.1320603015075377,0.4423115577889447,0.0,0.07894736842105263,0.18090452261306533,125.0,123.0,2522.0,2862.0,10.0,7.0,6.0,6.0,7.0,11.0,19.0,18.0,4.460745440126884,3.8679245283018866,0.0,0.0,0.0,0.0,False,True,False,False,2.0
2023/24,212319,70,68,122,1481,11,4,7,18,0,0,0,3,0,0,7,305,560.6,208.4,758.0,152.1,0,0,0,0,18,9.49,1.42,10.91,25.59,527,527,Richarlison,Spurs,FWD,6.0,7.0,6.8,-0.20000000000000018,17.941176470588236,7.413909520594193,38.973684210526315,15,0.6684672518568535,0.24307900067521945,0.5767049291019581,0.0862930452397029,0.6629979743416611,0.0,0.18421052631578946,0.42538825118163404,54.0,125.0,995.0,2522.0,1.0,10.0,5.0,6.0,3.0,7.0,2.0,19.0,4.884422110552764,4.460745440126884,0.31025125628140704,0.0,0.1320603015075377,0.0,False,True,False,False,3.0
2024/25,212319,70,68,35,497,4,1,1,9,0,0,0,2,0,0,0,138,180.8,57.1,243.0,47.4,0,0,0,25,4,3.71,0.6,4.31,7.29,527,527,Richarlison,Spurs,FWD,6.0,7.0,6.8,-0.20000000000000018,5.147058823529412,6.338028169014085,13.078947368421053,5,0.7243460764587525,0.18108651911468812,0.671830985915493,0.10865191146881288,0.7804828973843058,0.0,0.02631578947368421,0.0,122.0,54.0,1481.0,995.0,11.0,1.0,4.0,5.0,7.0,3.0,7.0,2.0,7.413909520594193,4.884422110552764,0.5767049291019581,0.31025125628140704,0.0862930452397029,0.1320603015075377,False,True,False,False,4.0
2025/26,212319,65,65,119,1954,11,4,7,27,0,0,0,5,0,0,17,505,602.6,239.6,815.0,165.2,60,60,27,147,20,8.64,1.46,10.1,25.64,527,527,Richarlison,Spurs,FWD,6.0,6.5,6.5,0.0,18.307692307692307,5.481064483111566,51.421052631578945,15,0.5066530194472876,0.18423746161719548,0.3979529170931423,0.06724667349027635,0.4651995905834186,0.0,0.18421052631578946,0.7830092118730808,35.0,122.0,497.0,1481.0,4.0,11.0,1.0,4.0,1.0,7.0,0.0,7.0,6.338028169014085,7.413909520594193,0.671830985915493,0.5767049291019581,0.10865191146881288,0.0862930452397029,False,True,False,False,5.0
2021/22,490145,45,45,1,3,0,0,0,0,0,0,0,0,0,0,0,4,1.0,0.0,0.0,0.1,0,0,0,0,0,0.0,0.0,0.0,0.0,528,528,Scarlett,Spurs,FWD,4.5,4.5,4.5,0.0,0.2222222222222222,30.0,0.07894736842105263,0,0.0,0.0,0.0,0.0,0.0,0.0,0.0,0.0,1.0,,1.0,,0.0,,0.0,,0.0,,0.0,,90.0,,0.0,,0.0,,False,True,False,False,1.0
2022/23,490145,45,45,0,0,0,0,0,0,0,0,0,0,0,0,0,0,0.0,0.0,0.0,0.0,0,0,0,0,0,0.0,0.0,0.0,0.0,528,528,Scarlett,Spurs,FWD,4.5,4.5,4.5,0.0,0.0,0.0,0.0,0,0.0,0.0,0.0,0.0,0.0,0.0,0.0,0.0,1.0,1.0,3.0,1.0,0.0,0.0,0.0,0.0,0.0,0.0,0.0,0.0,30.0,90.0,0.0,0.0,0.0,0.0,False,True,False,False,2.0
2023/24,490145,45,45,4,19,0,0,0,0,0,0,0,0,0,0,0,10,2.0,0.4,6.0,0.8,0,0,0,0,0,0.0,0.0,0.0,0.02,528,528,Scarlett,Spurs,FWD,4.5,4.5,4.5,0.0,0.8888888888888888,18.94736842105263,0.5,0,0.0,0.0,0.0,0.0,0.0,0.0,0.0,0.0,0.0,1.0,0.0,3.0,0.0,0.0,0.0,0.0,0.0,0.0,0.0,0.0,0.0,30.0,0.0,0.0,0.0,0.0,False,True,False,False,3.0
2024/25,490145,45,44,6,31,0,1,0,1,0,0,0,0,0,0,0,20,24.4,11.0,17.0,5.2,0,0,0,5,0,0.04,0.0,0.04,0.83,528,528,Scarlett,Spurs,FWD,4.5,4.5,4.4,-0.09999999999999964,1.3636363636363635,17.419354838709676,0.8157894736842105,1,0.0,2.903225806451613,0.11612903225806452,0.0,0.11612903225806452,0.0,0.0,0.0,4.0,0.0,19.0,0.0,0.0,0.0,0.0,0.0,0.0,0.0,0.0,0.0,18.94736842105263,0.0,0.0,0.0,0.0,0.0,False,True,False,False,4.0
2025/26,490145,45,43,2,7,0,0,0,0,0,0,0,0,0,0,0,5,1.0,4.1,2.0,0.7,0,1,0,1,0,0.0,0.01,0.01,0.03,528,528,Scarlett,Spurs,FWD,4.5,4.5,4.3,-0.20000000000000018,0.46511627906976744,25.714285714285715,0.18421052631578946,0,0.0,0.0,0.0,0.12857142857142856,0.12857142857142856,0.0,0.0,0.0,6.0,4.0,31.0,19.0,0.0,0.0,1.0,0.0,0.0,0.0,0.0,0.0,17.419354838709676,18.94736842105263,0.11612903225806452,0.0,0.0,0.0,False,True,False,False,5.0
2022/23,477547,40,39,0,0,0,0,0,0,0,0,0,0,0,0,0,0,0.0,0.0,0.0,0.0,0,0,0,0,0,0.0,0.0,0.0,0.0,538,538,Hjelde,Sunderland,DEF,4.0,4.0,3.9,-0.10000000000000009,0.0,0.0,0.0,0,0.0,0.0,0.0,0.0,0.0,0.0,0.0,0.0,2.0,,148.0,,0.0,,0.0,,0.0,,0.0,,1.2162162162162162,,0.0,,0.0,,True,False,False,False,2.0
2025/26,477547,40,40,0,0,0,0,0,0,0,0,0,0,0,0,0,0,0.0,0.0,0.0,0.0,0,0,0,0,0,0.0,0.0,0.0,0.0,538,538,Hjelde,Sunderland,DEF,4.0,4.0,4.0,0.0,0.0,0.0,0.0,0,0.0,0.0,0.0,0.0,0.0,0.0,0.0,0.0,0.0,2.0,0.0,148.0,0.0,0.0,0.0,0.0,0.0,0.0,0.0,0.0,0.0,1.2162162162162162,0.0,0.0,0.0,0.0,True,False,False,False,5.0
2017/18,105717,45,42,68,1867,0,3,6,29,0,0,0,5,0,0,2,352,385.0,295.1,128.0,80.7,0,0,0,0,0,0.0,0.0,0.0,0.0,540,540,Masuaku,Sunderland,DEF,4.0,4.5,4.2,-0.2999999999999998,16.19047619047619,3.2779860739153723,49.13157894736842,3,0.0,0.144617032672737,0.0,0.0,0.0,0.0,0.15789473684210525,0.09641135511515801,34.0,,972.0,,0.0,,1.0,,3.0,,7.0,,3.148148148148148,,0.0,,0.0,,True,False,False,False,
2018/19,105717,45,42,49,1757,0,2,4,29,0,0,0,2,0,0,0,311,434.4,212.0,55.0,70.3,0,0,0,0,0,0.0,0.0,0.0,0.0,540,540,Masuaku,Sunderland,DEF,4.0,4.5,4.2,-0.2999999999999998,11.666666666666666,2.50996015936255,46.23684210526316,2,0.0,0.10244735344336937,0.0,0.0,0.0,0.0,0.10526315789473684,0.0,68.0,34.0,1867.0,972.0,0.0,0.0,3.0,1.0,6.0,3.0,2.0,7.0,3.2779860739153723,3.148148148148148,0.0,0.0,0.0,0.0,True,False,False,False,
2019/20,105717,45,41,26,930,0,1,2,18,0,0,0,4,1,0,3,166,240.8,128.6,53.0,42.4,0,0,0,0,0,0.0,0.0,0.0,0.0,540,540,Masuaku,Sunderland,DEF,4.0,4.5,4.1,-0.40000000000000036,6.341463414634147,2.5161290322580645,24.473684210526315,1,0.0,0.0967741935483871,0.0,0.0,0.0,0.0,0.05263157894736842,0.29032258064516125,49.0,68.0,1757.0,1867.0,0.0,0.0,2.0,3.0,4.0,6.0,0.0,2.0,2.50996015936255,3.2779860739153723,0.0,0.0,0.0,0.0,True,False,False,False,
2020/21,105717,45,43,42,1006,0,2,4,15,0,0,0,2,0,0,4,209,187.4,200.5,62.0,45.0,0,0,0,0,0,0.0,0.0,0.0,0.0,540,540,Masuaku,Sunderland,DEF,4.0,4.5,4.3,-0.20000000000000018,9.767441860465116,3.7574552683896623,26.473684210526315,2,0.0,0.17892644135188868,0.0,0.0,0.0,0.0,0.10526315789473684,0.35785288270377735,26.0,49.0,930.0,1757.0,0.0,0.0,1.0,2.0,2.0,4.0,3.0,0.0,2.5161290322580645,2.50996015936255,0.0,0.0,0.0,0.0,True,False,False,False,
2021/22,105717,45,44,29,645,1,1,1,12,0,0,0,1,0,0,3,145,178.2,57.2,39.0,27.5,0,0,0,0,0,0.0,0.0,0.0,0.0,540,540,Masuaku,Sunderland,DEF,4.0,4.5,4.4,-0.09999999999999964,6.59090909090909,4.046511627906977,16.973684210526315,2,0.13953488372093023,0.13953488372093023,0.0,0.0,0.0,0.0,0.02631578947368421,0.41860465116279066,42.0,26.0,1006.0,930.0,0.0,0.0,2.0,1.0,4.0,2.0,4.0,3.0,3.7574552683896623,2.5161290322580645,0.0,0.0,0.0,0.0,True,False,False,False,1.0
2022/23,105717,45,45,0,0,0,0,0,0,0,0,0,0,0,0,0,0,0.0,0.0,0.0,0.0,0,0,0,0,0,0.0,0.0,0.0,0.0,540,540,Masuaku,Sunderland,DEF,4.0,4.5,4.5,0.0,0.0,0.0,0.0,0,0.0,0.0,0.0,0.0,0.0,0.0,0.0,0.0,29.0,42.0,645.0,1006.0,1.0,0.0,1.0,2.0,1.0,4.0,3.0,4.0,4.046511627906977,3.7574552683896623,0.0,0.0,0.0,0.0,True,False,False,False,2.0
2025/26,105717,40,39,1,125,0,0,0,2,0,0,0,1,0,0,0,4,21.8,20.1,7.0,4.9,6,3,4,10,2,0.07,0.08,0.15,2.09,540,540,Masuaku,Sunderland,DEF,4.0,4.0,3.9,-0.10000000000000009,0.25641025641025644,0.72,3.289473684210526,0,0.0,0.0,0.05040000000000001,0.057600000000000005,0.108,0.0,0.0,0.0,0.0,29.0,0.0,645.0,0.0,1.0,0.0,1.0,0.0,1.0,0.0,3.0,0.0,4.046511627906977,0.0,0.0,0.0,0.0,True,False,False,False,5.0
2017/18,84450,55,51,109,3259,1,8,12,50,0,0,0,10,0,0,3,593,753.4,822.8,378.0,195.3,0,0,0,0,0,0.0,0.0,0.0,0.0,544,544,Xhaka,Sunderland,MID,5.5,5.5,5.1,-0.40000000000000036,21.372549019607845,3.010125805461798,85.76315789473684,9,0.02761583307763118,0.22092666462104943,0.0,0.0,0.0,0.0,0.3157894736842105,0.08284749923289353,85.0,,2483.0,,2.0,,3.0,,10.0,,7.0,,3.0809504631494162,,0.0,,0.0,,False,False,False,True,
2018/19,84450,55,52,90,2498,4,3,7,37,0,0,0,10,0,0,8,452,634.6,674.0,215.0,152.6,0,0,0,0,0,0.0,0.0,0.0,0.0,544,544,Xhaka,Sunderland,MID,5.5,5.5,5.2,-0.2999999999999998,17.307692307692307,3.2425940752602083,65.73684210526316,7,0.14411529223378702,0.10808646917534027,0.0,0.0,0.0,0.0,0.18421052631578946,0.28823058446757405,109.0,85.0,3259.0,2483.0,1.0,2.0,8.0,3.0,12.0,10.0,3.0,7.0,3.010125805461798,3.0809504631494162,0.0,0.0,0.0,0.0,False,False,False,True,
2019/20,84450,55,51,73,2586,1,2,10,31,0,0,0,10,0,0,2,408,486.2,298.5,110.0,89.9,0,0,0,0,0,0.0,0.0,0.0,0.0,544,544,Xhaka,Sunderland,MID,5.5,5.5,5.1,-0.40000000000000036,14.313725490196079,2.5406032482598606,68.05263157894737,3,0.03480278422273782,0.06960556844547564,0.0,0.0,0.0,0.0,0.2631578947368421,0.06960556844547564,90.0,109.0,2498.0,3259.0,4.0,1.0,3.0,8.0,7.0,12.0,8.0,3.0,3.2425940752602083,3.010125805461798,0.0,0.0,0.0,0.0,False,False,False,True,
2020/21,84450,55,52,70,2519,1,2,10,27,0,0,0,7,1,0,1,396,456.0,327.6,154.0,94.0,0,0,0,0,0,0.0,0.0,0.0,0.0,544,544,Xhaka,Sunderland,MID,5.5,5.5,5.2,-0.2999999999999998,13.461538461538462,2.5009924573243354,66.28947368421052,3,0.03572846367606193,0.07145692735212386,0.0,0.0,0.0,0.0,0.2631578947368421,0.03572846367606193,73.0,90.0,2586.0,2498.0,1.0,4.0,2.0,3.0,10.0,7.0,2.0,8.0,2.5406032482598606,3.2425940752602083,0.0,0.0,0.0,0.0,False,False,False,True,
2021/22,84450,50,48,60,2327,1,2,6,38,0,0,0,10,1,0,3,334,395.4,522.9,262.0,118.2,0,0,0,0,0,0.0,0.0,0.0,0.0,544,544,Xhaka,Sunderland,MID,5.5,5.0,4.8,-0.20000000000000018,12.5,2.3205844434894716,61.23684210526316,3,0.03867640739149119,0.07735281478298238,0.0,0.0,0.0,0.0,0.15789473684210525,0.11602922217447358,70.0,73.0,2519.0,2586.0,1.0,1.0,2.0,2.0,10.0,10.0,1.0,2.0,2.5009924573243354,2.5406032482598606,0.0,0.0,0.0,0.0,False,False,False,True,1.0
2022/23,84450,50,48,153,2992,7,8,13,35,0,0,0,4,0,0,15,634,715.0,675.5,556.0,194.8,0,0,0,0,36,4.65,3.89,8.54,36.52,544,544,Xhaka,Sunderland,MID,5.5,5.0,4.8,-0.20000000000000018,31.875,4.602272727272727,78.73684210526316,15,0.2105614973262032,0.24064171122994651,0.1398729946524064,0.11701203208556149,0.25688502673796787,0.0,0.34210526315789475,0.4512032085561497,60.0,70.0,2327.0,2519.0,1.0,1.0,2.0,2.0,6.0,10.0,3.0,1.0,2.3205844434894716,2.5009924573243354,0.0,0.0,0.0,0.0,False,False,False,True,2.0
2023/24,84450,60,60,0,0,0,0,0,0,0,0,0,0,0,0,0,0,0.0,0.0,0.0,0.0,0,0,0,0,0,0.0,0.0,0.0,0.0,544,544,Xhaka,Sunderland,MID,5.5,6.0,6.0,0.0,0.0,0.0,0.0,0,0.0,0.0,0.0,0.0,0.0,0.0,0.0,0.0,153.0,60.0,2992.0,2327.0,7.0,1.0,8.0,2.0,13.0,6.0,15.0,3.0,4.602272727272727,2.3205844434894716,0.1398729946524064,0.0,0.11701203208556149,0.0,False,False,False,True,3.0
2025/26,84450,50,51,124,2901,1,6,9,39,0,0,0,8,0,0,8,603,685.0,595.3,101.0,138.1,134,178,50,362,32,1.01,3.73,4.74,45.68,544,544,Xhaka,Sunderland,MID,5.5,5.0,5.1,0.09999999999999964,24.31372549019608,3.8469493278179936,76.34210526315789,7,0.031023784901758014,0.18614270941054809,0.03133402275077559,0.11571871768355739,0.147052740434333,0.0,0.23684210526315788,0.2481902792140641,0.0,153.0,0.0,2992.0,0.0,7.0,0.0,8.0,0.0,13.0,0.0,15.0,0.0,4.602272727272727,0.0,0.1398729946524064,0.0,0.11701203208556149,False,False,False,True,5.0
2024/25,535818,55,51,60,1081,2,3,2,23,0,0,0,0,0,0,0,207,212.4,261.9,337.0,80.9,0,0,0,84,12,2.47,2.73,5.2,18.94,546,546,Adingra,Sunderland,MID,5.0,5.5,5.1,-0.40000000000000036,11.764705882352942,4.995374653098983,28.44736842105263,5,0.16651248843663274,0.24976873265494912,0.20564292321924146,0.2272895467160037,0.43293246993524515,0.0,0.05263157894736842,0.0,97.0,,2220.0,,6.0,,1.0,,4.0,,8.0,,3.9324324324324325,,0.16986486486486488,,0.13216216216216214,,False,False,False,True,4.0
2025/26,535818,55,49,34,649,1,1,4,8,0,0,0,2,0,0,3,81,81.4,116.8,75.0,27.0,13,21,11,45,9,0.35,0.62,0.97,11.3,546,546,Adingra,Sunderland,MID,5.0,5.5,4.9,-0.5999999999999996,6.938775510204081,4.714946070878274,17.07894736842105,2,0.1386748844375963,0.1386748844375963,0.0485362095531587,0.0859784283513097,0.1345146379044684,0.0,0.10526315789473684,0.4160246533127889,60.0,97.0,1081.0,2220.0,2.0,6.0,3.0,1.0,2.0,4.0,0.0,8.0,4.995374653098983,3.9324324324324325,0.20564292321924146,0.16986486486486488,0.2272895467160037,0.13216216216216214,False,False,False,True,5.0
2025/26,461199,50,49,14,399,0,0,0,11,0,0,0,1,0,0,0,42,29.4,33.6,69.0,12.7,6,22,5,33,2,0.87,0.48,1.35,8.54,547,547,Mundle,Sunderland,MID,5.0,5.0,4.9,-0.09999999999999964,2.8571428571428568,3.1578947368421053,10.5,0,0.0,0.0,0.19624060150375938,0.10827067669172931,0.30451127819548873,0.0,0.0,0.0,0.0,,0.0,,0.0,,0.0,,0.0,,0.0,,0.0,,0.0,,0.0,,False,False,False,True,5.0
2022/23,169593,40,40,0,0,0,0,0,0,0,0,0,0,0,0,0,0,0.0,0.0,0.0,0.0,0,0,0,0,0,0.0,0.0,0.0,0.0,555,555,Matthews,Crystal Palace,GKP,4.0,4.0,4.0,0.0,0.0,0.0,0.0,0,0.0,0.0,0.0,0.0,0.0,0.0,0.0,0.0,0.0,,0.0,,0.0,,0.0,,0.0,,0.0,,0.0,,0.0,,0.0,,False,False,True,False,2.0
2023/24,169593,40,39,1,3,0,0,0,1,0,0,0,0,0,0,0,3,1.0,0.0,0.0,0.1,0,0,0,0,0,0.0,0.0,0.0,0.07,555,555,Matthews,Crystal Palace,GKP,4.0,4.0,3.9,-0.10000000000000009,0.25641025641025644,30.0,0.07894736842105263,0,0.0,0.0,0.0,0.0,0.0,0.0,0.0,0.0,0.0,0.0,0.0,0.0,0.0,0.0,0.0,0.0,0.0,0.0,0.0,0.0,0.0,0.0,0.0,0.0,0.0,0.0,False,False,True,False,3.0
2024/25,169593,40,39,0,0,0,0,0,0,0,0,0,0,0,0,0,0,0.0,0.0,0.0,0.0,0,0,0,0,0,0.0,0.0,0.0,0.0,555,555,Matthews,Crystal Palace,GKP,4.0,4.0,3.9,-0.10000000000000009,0.0,0.0,0.0,0,0.0,0.0,0.0,0.0,0.0,0.0,0.0,0.0,1.0,0.0,3.0,0.0,0.0,0.0,0.0,0.0,0.0,0.0,0.0,0.0,30.0,0.0,0.0,0.0,0.0,0.0,False,False,True,False,4.0
2025/26,169593,40,39,0,0,0,0,0,0,0,0,0,0,0,0,0,0,0.0,0.0,0.0,0.0,0,0,0,0,0,0.0,0.0,0.0,0.0,555,555,Matthews,Crystal Palace,GKP,4.0,4.0,3.9,-0.10000000000000009,0.0,0.0,0.0,0,0.0,0.0,0.0,0.0,0.0,0.0,0.0,0.0,0.0,1.0,0.0,3.0,0.0,0.0,0.0,0.0,0.0,0.0,0.0,0.0,0.0,30.0,0.0,0.0,0.0,0.0,False,False,True,False,5.0
2014/15,169359,40,39,7,226,0,0,0,3,0,0,0,0,0,0,0,41,0.0,0.0,0.0,0.0,0,0,0,0,0,0.0,0.0,0.0,0.0,556,556,Targett,Hull City,DEF,4.0,4.0,3.9,-0.10000000000000009,1.794871794871795,2.7876106194690267,5.947368421052632,0,0.0,0.0,0.0,0.0,0.0,0.0,0.0,0.0,0.0,,0.0,,0.0,,0.0,,0.0,,0.0,,0.0,,0.0,,0.0,,True,False,False,False,
2015/16,169359,40,37,61,1067,0,2,7,10,0,0,0,1,0,0,6,264,0.0,0.0,0.0,0.0,0,0,0,0,0,0.0,0.0,0.0,0.0,556,556,Targett,Hull City,DEF,4.0,4.0,3.7,-0.2999999999999998,16.486486486486484,5.14526710402999,28.07894736842105,2,0.0,0.16869728209934395,0.0,0.0,0.0,0.0,0.18421052631578946,0.5060918462980318,7.0,0.0,226.0,0.0,0.0,0.0,0.0,0.0,0.0,0.0,0.0,0.0,2.7876106194690267,0.0,0.0,0.0,0.0,0.0,True,False,False,False,
2016/17,169359,45,41,12,373,0,0,1,4,0,0,0,0,0,0,0,80,64.6,87.9,12.0,16.5,0,0,0,0,0,0.0,0.0,0.0,0.0,556,556,Targett,Hull City,DEF,4.0,4.5,4.1,-0.40000000000000036,2.9268292682926833,2.8954423592493295,9.81578947368421,0,0.0,0.0,0.0,0.0,0.0,0.0,0.02631578947368421,0.0,61.0,7.0,1067.0,226.0,0.0,0.0,2.0,0.0,7.0,0.0,6.0,0.0,5.14526710402999,2.7876106194690267,0.0,0.0,0.0,0.0,True,False,False,False,
2017/18,169359,45,43,2,166,0,0,0,6,0,0,0,0,0,0,0,35,42.2,38.6,0.0,8.1,0,0,0,0,0,0.0,0.0,0.0,0.0,556,556,Targett,Hull City,DEF,4.0,4.5,4.3,-0.20000000000000018,0.46511627906976744,1.0843373493975903,4.368421052631579,0,0.0,0.0,0.0,0.0,0.0,0.0,0.0,0.0,12.0,61.0,373.0,1067.0,0.0,0.0,0.0,2.0,1.0,7.0,0.0,6.0,2.8954423592493295,5.14526710402999,0.0,0.0,0.0,0.0,True,False,False,False,
2018/19,169359,45,42,36,1185,1,3,0,25,0,0,0,2,0,0,3,229,314.2,366.8,181.0,86.2,0,0,0,0,0,0.0,0.0,0.0,0.0,556,556,Targett,Hull City,DEF,4.0,4.5,4.2,-0.2999999999999998,8.571428571428571,2.7341772151898733,31.18421052631579,4,0.0759493670886076,0.2278481012658228,0.0,0.0,0.0,0.0,0.0,0.2278481012658228,2.0,12.0,166.0,373.0,0.0,0.0,0.0,0.0,0.0,1.0,0.0,0.0,1.0843373493975903,2.8954423592493295,0.0,0.0,0.0,0.0,True,False,False,False,
2019/20,169359,45,43,80,2291,1,3,5,40,0,0,0,4,0,0,10,433,503.8,432.9,130.0,106.9,0,0,0,0,0,0.0,0.0,0.0,0.0,556,556,Targett,Hull City,DEF,4.0,4.5,4.3,-0.20000000000000018,18.6046511627907,3.142732431252728,60.28947368421053,4,0.0392841553906591,0.1178524661719773,0.0,0.0,0.0,0.0,0.13157894736842105,0.392841553906591,36.0,2.0,1185.0,166.0,1.0,0.0,3.0,0.0,0.0,0.0,3.0,0.0,2.7341772151898733,1.0843373493975903,0.0,0.0,0.0,0.0,True,False,False,False,
2020/21,169359,45,50,138,3404,0,4,16,44,0,0,0,7,0,0,9,710,690.4,607.0,122.0,142.2,0,0,0,0,0,0.0,0.0,0.0,0.0,556,556,Targett,Hull City,DEF,4.0,4.5,5.0,0.5,27.6,3.6486486486486487,89.57894736842105,4,0.0,0.10575793184488837,0.0,0.0,0.0,0.0,0.42105263157894735,0.23795534665099882,80.0,36.0,2291.0,1185.0,1.0,1.0,3.0,3.0,5.0,0.0,10.0,3.0,3.142732431252728,2.7341772151898733,0.0,0.0,0.0,0.0,True,False,False,False,
2021/22,169359,50,47,101,2871,1,2,9,47,1,0,0,3,0,0,7,530,587.4,635.1,184.0,140.7,0,0,0,0,0,0.0,0.0,0.0,0.0,556,556,Targett,Hull City,DEF,4.0,5.0,4.7,-0.2999999999999998,21.48936170212766,3.1661442006269596,75.55263157894737,3,0.031347962382445145,0.06269592476489029,0.0,0.0,0.0,0.0,0.23684210526315788,0.219435736677116,138.0,80.0,3404.0,2291.0,0.0,1.0,4.0,3.0,16.0,5.0,9.0,10.0,3.6486486486486487,3.142732431252728,0.0,0.0,0.0,0.0,True,False,False,False,1.0
2022/23,169359,50,47,35,600,0,0,3,6,0,0,0,1,0,0,2,157,112.4,142.4,8.0,26.3,0,0,0,0,6,0.01,0.67,0.68,6.79,556,556,Targett,Hull City,DEF,4.0,5.0,4.7,-0.2999999999999998,7.446808510638298,5.25,15.789473684210526,0,0.0,0.0,0.0015,0.1005,0.10200000000000001,0.0,0.07894736842105263,0.3,101.0,138.0,2871.0,3404.0,1.0,0.0,2.0,4.0,9.0,16.0,7.0,9.0,3.1661442006269596,3.6486486486486487,0.0,0.0,0.0,0.0,True,False,False,False,2.0
2023/24,169359,45,42,2,77,0,0,0,4,0,0,0,1,0,0,0,15,9.2,11.9,0.0,2.2,0,0,0,0,1,0.0,0.01,0.01,1.77,556,556,Targett,Hull City,DEF,4.0,4.5,4.2,-0.2999999999999998,0.47619047619047616,2.337662337662338,2.026315789473684,0,0.0,0.0,0.0,0.011688311688311689,0.011688311688311689,0.0,0.0,0.0,35.0,101.0,600.0,2871.0,0.0,1.0,0.0,2.0,3.0,9.0,2.0,7.0,5.25,3.1661442006269596,0.0015,0.0,0.1005,0.0,True,False,False,False,3.0
2024/25,169359,40,39,2,20,0,0,0,0,0,0,0,0,0,0,0,7,5.0,5.6,0.0,1.0,0,0,0,1,0,0.0,0.07,0.07,0.26,556,556,Targett,Hull City,DEF,4.0,4.0,3.9,-0.10000000000000009,0.5128205128205129,9.0,0.5263157894736842,0,0.0,0.0,0.0,0.31500000000000006,0.31500000000000006,0.0,0.0,0.0,2.0,35.0,77.0,600.0,0.0,0.0,0.0,0.0,0.0,3.0,0.0,2.0,2.337662337662338,5.25,0.0,0.0015,0.011688311688311689,0.1005,True,False,False,False,4.0
2025/26,169359,40,40,0,0,0,0,0,0,0,0,0,0,0,0,0,0,0.0,0.0,0.0,0.0,0,0,0,0,0,0.0,0.0,0.0,0.0,556,556,Targett,Hull City,DEF,4.0,4.0,4.0,0.0,0.0,0.0,0.0,0,0.0,0.0,0.0,0.0,0.0,0.0,0.0,0.0,2.0,2.0,20.0,77.0,0.0,0.0,0.0,0.0,0.0,0.0,0.0,0.0,9.0,2.337662337662338,0.0,0.0,0.31500000000000006,0.011688311688311689,True,False,False,False,5.0
2025/26,622758,40,40,0,0,0,0,0,0,0,0,0,0,0,0,0,0,0.0,0.0,0.0,0.0,0,0,0,0,0,0.0,0.0,0.0,0.0,561,561,Anselmino,Chelsea,DEF,4.5,4.0,4.0,0.0,0.0,0.0,0.0,0,0.0,0.0,0.0,0.0,0.0,0.0,0.0,0.0,0.0,,0.0,,0.0,,0.0,,0.0,,0.0,,0.0,,0.0,,0.0,,True,False,False,False,5.0
2022/23,240514,40,40,0,0,0,0,0,0,0,0,0,0,0,0,0,0,0.0,0.0,0.0,0.0,0,0,0,0,0,0.0,0.0,0.0,0.0,564,564,Scherpen,Ipswich Town,GKP,4.5,4.0,4.0,0.0,0.0,0.0,0.0,0,0.0,0.0,0.0,0.0,0.0,0.0,0.0,0.0,0.0,,0.0,,0.0,,0.0,,0.0,,0.0,,0.0,,0.0,,0.0,,False,False,True,False,2.0
2023/24,240514,40,40,0,0,0,0,0,0,0,0,0,0,0,0,0,0,0.0,0.0,0.0,0.0,0,0,0,0,0,0.0,0.0,0.0,0.0,564,564,Scherpen,Ipswich Town,GKP,4.5,4.0,4.0,0.0,0.0,0.0,0.0,0,0.0,0.0,0.0,0.0,0.0,0.0,0.0,0.0,0.0,0.0,0.0,0.0,0.0,0.0,0.0,0.0,0.0,0.0,0.0,0.0,0.0,0.0,0.0,0.0,0.0,0.0,False,False,True,False,3.0
2025/26,240514,40,40,0,0,0,0,0,0,0,0,0,0,0,0,0,0,0.0,0.0,0.0,0.0,0,0,0,0,0,0.0,0.0,0.0,0.0,564,564,Scherpen,Ipswich Town,GKP,4.5,4.0,4.0,0.0,0.0,0.0,0.0,0,0.0,0.0,0.0,0.0,0.0,0.0,0.0,0.0,0.0,0.0,0.0,0.0,0.0,0.0,0.0,0.0,0.0,0.0,0.0,0.0,0.0,0.0,0.0,0.0,0.0,0.0,False,False,True,False,5.0
